battery_pack,hybrid_inverter,status,controller_available,verification_type,verification_date,battery_part_number,battery_revision,inverter_firmware_min,bms_ev_firmware_min,hardware_revision,source,notes
Audi e-tron GT 93 kWh,Afore AF17K-THA 230V,in_catalog,yes,protocol_verified,,Audi e-tron GT shares Porsche Taycan J1 pack,2020+,,15.0.14,HW3.1,batterydesign.net,
Audi e-tron GT 93 kWh,Deye SUN-(29.9-50)K-SG01HP3-EU-BM3,in_catalog,yes,protocol_verified,,Audi e-tron GT shares Porsche Taycan J1 pack,2020+,,15.0.14,HW3.1,batterydesign.net,
Audi e-tron GT 93 kWh,Deye SUN-(5-20)K-SG01HP3-EU-AM2,in_catalog,yes,protocol_verified,,Audi e-tron GT shares Porsche Taycan J1 pack,2020+,,15.0.14,HW3.1,batterydesign.net,
Audi e-tron GT 93 kWh,Felicity T-REX-50KHP3G01,in_catalog,yes,protocol_verified,,Audi e-tron GT shares Porsche Taycan J1 pack,2020+,,15.0.14,HW3.1,batterydesign.net,
Audi e-tron GT 93 kWh,Ferroamp EnergyHub,in_catalog,yes,protocol_verified,,Audi e-tron GT shares Porsche Taycan J1 pack,2020+,,15.0.14,HW3.1,batterydesign.net,
Audi e-tron GT 93 kWh,FoxESS H1/AC1,in_catalog,yes,protocol_verified,,Audi e-tron GT shares Porsche Taycan J1 pack,2020+,,15.0.14,HW3.1,batterydesign.net,
Audi e-tron GT 93 kWh,FoxESS H3 Pro,in_catalog,yes,protocol_verified,,Audi e-tron GT shares Porsche Taycan J1 pack,2020+,,15.0.14,HW3.1,batterydesign.net,
Audi e-tron GT 93 kWh,FoxESS H3 Smart,in_catalog,yes,protocol_verified,,Audi e-tron GT shares Porsche Taycan J1 pack,2020+,,15.0.14,HW3.1,batterydesign.net,
Audi e-tron GT 93 kWh,FoxESS H3/AC3,in_catalog,yes,protocol_verified,,Audi e-tron GT shares Porsche Taycan J1 pack,2020+,,15.0.14,HW3.1,batterydesign.net,
Audi e-tron GT 93 kWh,Fronius Primo Gen24 Plus,in_catalog,yes,protocol_verified,,Audi e-tron GT shares Porsche Taycan J1 pack,2020+,,15.0.14,HW3.1,batterydesign.net,
Audi e-tron GT 93 kWh,Fronius Symo Gen24 Plus,in_catalog,yes,protocol_verified,,Audi e-tron GT shares Porsche Taycan J1 pack,2020+,,15.0.14,HW3.1,batterydesign.net,
Audi e-tron GT 93 kWh,Fronius Symo Hybrid 3.0/4.0/5.0-3-S,in_catalog,yes,protocol_verified,,Audi e-tron GT shares Porsche Taycan J1 pack,2020+,,15.0.14,HW3.1,batterydesign.net,
Audi e-tron GT 93 kWh,Fronius Verto Plus 15-33kW,in_catalog,yes,protocol_verified,,Audi e-tron GT shares Porsche Taycan J1 pack,2020+,,15.0.14,HW3.1,batterydesign.net,
Audi e-tron GT 93 kWh,GoodWe A-ES hybrid inverter (America Split Phase),in_catalog,yes,protocol_verified,,Audi e-tron GT shares Porsche Taycan J1 pack,2020+,,15.0.14,HW3.1,batterydesign.net,
Audi e-tron GT 93 kWh,GoodWe BH AC battery inverter,in_catalog,yes,protocol_verified,,Audi e-tron GT shares Porsche Taycan J1 pack,2020+,,15.0.14,HW3.1,batterydesign.net,
Audi e-tron GT 93 kWh,GoodWe BT AC battery inverter,in_catalog,yes,protocol_verified,,Audi e-tron GT shares Porsche Taycan J1 pack,2020+,,15.0.14,HW3.1,batterydesign.net,
Audi e-tron GT 93 kWh,GoodWe EH hybrid solar,in_catalog,yes,protocol_verified,,Audi e-tron GT shares Porsche Taycan J1 pack,2020+,,15.0.14,HW3.1,batterydesign.net,
Audi e-tron GT 93 kWh,GoodWe EHB high voltage battery,in_catalog,yes,protocol_verified,,Audi e-tron GT shares Porsche Taycan J1 pack,2020+,,15.0.14,HW3.1,batterydesign.net,
Audi e-tron GT 93 kWh,GoodWe EHB hybrid inverter (South Africa only),in_catalog,yes,protocol_verified,,Audi e-tron GT shares Porsche Taycan J1 pack,2020+,,15.0.14,HW3.1,batterydesign.net,
Audi e-tron GT 93 kWh,GoodWe ES hybrid solar,in_catalog,yes,protocol_verified,,Audi e-tron GT shares Porsche Taycan J1 pack,2020+,,15.0.14,HW3.1,batterydesign.net,
Audi e-tron GT 93 kWh,GoodWe ET hybrid solar,in_catalog,yes,protocol_verified,,Audi e-tron GT shares Porsche Taycan J1 pack,2020+,,15.0.14,HW3.1,batterydesign.net,
Audi e-tron GT 93 kWh,GoodWe SBP battery inverter,in_catalog,yes,protocol_verified,,Audi e-tron GT shares Porsche Taycan J1 pack,2020+,,15.0.14,HW3.1,batterydesign.net,
Audi e-tron GT 93 kWh,Growatt HV Growatt SPH,in_catalog,yes,protocol_verified,,Audi e-tron GT shares Porsche Taycan J1 pack,2020+,,15.0.14,HW3.1,batterydesign.net,
Audi e-tron GT 93 kWh,Growatt HV Growatt SPH (TL3-BH-UP) (5-10kW 3P),in_catalog,yes,protocol_verified,,Audi e-tron GT shares Porsche Taycan J1 pack,2020+,,15.0.14,HW3.1,batterydesign.net,
Audi e-tron GT 93 kWh,Growatt LV Growatt SPH (4.6-10) (TL3-BH) (5-10kW 3P),in_catalog,yes,protocol_verified,,Audi e-tron GT shares Porsche Taycan J1 pack,2020+,,15.0.14,HW3.1,batterydesign.net,
Audi e-tron GT 93 kWh,Growatt WIT 50-100K-HU,in_catalog,yes,protocol_verified,,Audi e-tron GT shares Porsche Taycan J1 pack,2020+,,15.0.14,HW3.1,batterydesign.net,
Audi e-tron GT 93 kWh,Growatt WIT 50-100K-HU (TL3-BH-UP) (5-10kW 3P),in_catalog,yes,protocol_verified,,Audi e-tron GT shares Porsche Taycan J1 pack,2020+,,15.0.14,HW3.1,batterydesign.net,
Audi e-tron GT 93 kWh,Hoymiles HYT/HAT-HV,in_catalog,yes,protocol_verified,,Audi e-tron GT shares Porsche Taycan J1 pack,2020+,,15.0.14,HW3.1,batterydesign.net,
Audi e-tron GT 93 kWh,Huawei SUN2000-(2-6)KTL-L1 (400V),in_catalog,yes,protocol_verified,,Audi e-tron GT shares Porsche Taycan J1 pack,2020+,,15.0.14,HW3.1,batterydesign.net,
Audi e-tron GT 93 kWh,Huawei SUN2000-(3-20)K-MB0 (400V),in_catalog,yes,protocol_verified,,Audi e-tron GT shares Porsche Taycan J1 pack,2020+,,15.0.14,HW3.1,batterydesign.net,
Audi e-tron GT 93 kWh,Kostal Plenticore Plus (3.0-10),in_catalog,yes,protocol_verified,,Audi e-tron GT shares Porsche Taycan J1 pack,2020+,,15.0.14,HW3.1,batterydesign.net,
Audi e-tron GT 93 kWh,Maple Leaf Northern Fox H1-H3-AC1-KH,in_catalog,yes,protocol_verified,,Audi e-tron GT shares Porsche Taycan J1 pack,2020+,,15.0.14,HW3.1,batterydesign.net,
Audi e-tron GT 93 kWh,SAJ H2 Hybrid (3-12)K-S2,in_catalog,yes,protocol_verified,,Audi e-tron GT shares Porsche Taycan J1 pack,2020+,,15.0.14,HW3.1,batterydesign.net,
Audi e-tron GT 93 kWh,SMA Sunny Boy Smart Energy 3.6 / 4.0 / 5.0 / 6.0-50 Hybrid Inverter,in_catalog,yes,protocol_verified,,Audi e-tron GT shares Porsche Taycan J1 pack,2020+,,15.0.14,HW3.1,batterydesign.net,
Audi e-tron GT 93 kWh,SMA Sunny Boy Smart Energy 3.6-6.0,in_catalog,yes,protocol_verified,,Audi e-tron GT shares Porsche Taycan J1 pack,2020+,,15.0.14,HW3.1,batterydesign.net,
Audi e-tron GT 93 kWh,SMA Sunny Boy Storage 2.5,in_catalog,yes,protocol_verified,,Audi e-tron GT shares Porsche Taycan J1 pack,2020+,,15.0.14,HW3.1,batterydesign.net,
Audi e-tron GT 93 kWh,SMA Sunny Boy Storage 2.5 / 3.7 / 5.0 / 6.0,in_catalog,yes,protocol_verified,,Audi e-tron GT shares Porsche Taycan J1 pack,2020+,,15.0.14,HW3.1,batterydesign.net,
Audi e-tron GT 93 kWh,SMA Sunny Tripower Smart 5.0-10.0 SE,in_catalog,yes,protocol_verified,,Audi e-tron GT shares Porsche Taycan J1 pack,2020+,,15.0.14,HW3.1,batterydesign.net,
Audi e-tron GT 93 kWh,SMA Sunny Tripower X,in_catalog,yes,protocol_verified,,Audi e-tron GT shares Porsche Taycan J1 pack,2020+,,15.0.14,HW3.1,batterydesign.net,
Audi e-tron GT 93 kWh,Sofar 5K...20KTL-3PH,in_catalog,yes,protocol_verified,,Audi e-tron GT shares Porsche Taycan J1 pack,2020+,,15.0.14,HW3.1,batterydesign.net,
Audi e-tron GT 93 kWh,Sofar HYD (3-20)KTL-3PH,in_catalog,yes,protocol_verified,,Audi e-tron GT shares Porsche Taycan J1 pack,2020+,,15.0.14,HW3.1,batterydesign.net,
Audi e-tron GT 93 kWh,SolaX X1 Hybrid,in_catalog,yes,protocol_verified,,Audi e-tron GT shares Porsche Taycan J1 pack,2020+,,15.0.14,HW3.1,batterydesign.net,
Audi e-tron GT 93 kWh,SolaX X1 Hybrid G4,in_catalog,yes,protocol_verified,,Audi e-tron GT shares Porsche Taycan J1 pack,2020+,,15.0.14,HW3.1,batterydesign.net,
Audi e-tron GT 93 kWh,SolaX X3 Hybrid,in_catalog,yes,protocol_verified,,Audi e-tron GT shares Porsche Taycan J1 pack,2020+,,15.0.14,HW3.1,batterydesign.net,
Audi e-tron GT 93 kWh,SolaX X3 Hybrid G4,in_catalog,yes,protocol_verified,,Audi e-tron GT shares Porsche Taycan J1 pack,2020+,,15.0.14,HW3.1,batterydesign.net,
Audi e-tron GT 93 kWh,SolaX X3-Ultra Hybrid,in_catalog,yes,protocol_verified,,Audi e-tron GT shares Porsche Taycan J1 pack,2020+,,15.0.14,HW3.1,batterydesign.net,
Audi e-tron GT 93 kWh,Solis RHI-3P(5-10)K-HVES-5G / S6-EH1P10K-H-US-APST,in_catalog,yes,protocol_verified,,Audi e-tron GT shares Porsche Taycan J1 pack,2020+,,15.0.14,HW3.1,batterydesign.net,
Audi e-tron GT 93 kWh,Solis RHI-3P(5-10)K-HVES-5G / S6-EH3P-(5-10.0K)-H-EU,in_catalog,yes,protocol_verified,,Audi e-tron GT shares Porsche Taycan J1 pack,2020+,,15.0.14,HW3.1,batterydesign.net,
Audi e-tron GT 93 kWh,Solis S5-EH1P (3-6) K-L (5-6 kW 1P US),in_catalog,yes,protocol_verified,,Audi e-tron GT shares Porsche Taycan J1 pack,2020+,,15.0.14,HW3.1,batterydesign.net,
Audi e-tron GT 93 kWh,Solis S6-EH3P(8-15)K-H 8-15 kW 3P (5-6 kW 1P US),in_catalog,yes,protocol_verified,,Audi e-tron GT shares Porsche Taycan J1 pack,2020+,,15.0.14,HW3.1,batterydesign.net,
Audi e-tron GT 93 kWh,Solxpow Solxpow X3 12-20kW,in_catalog,yes,protocol_verified,,Audi e-tron GT shares Porsche Taycan J1 pack,2020+,,15.0.14,HW3.1,batterydesign.net,
Audi e-tron GT 93 kWh,Sungrow SH15T/SH20T/SH25T,in_catalog,yes,protocol_verified,,Audi e-tron GT shares Porsche Taycan J1 pack,2020+,,15.0.14,HW3.1,batterydesign.net,
Audi e-tron GT 93 kWh,Sungrow SH3.0/3.6/4.0/5.0/6.0RS,in_catalog,yes,protocol_verified,,Audi e-tron GT shares Porsche Taycan J1 pack,2020+,,15.0.14,HW3.1,batterydesign.net,
Audi e-tron GT 93 kWh,Sungrow SH5.0/6.0/8.0/10RT,in_catalog,yes,protocol_verified,,Audi e-tron GT shares Porsche Taycan J1 pack,2020+,,15.0.14,HW3.1,batterydesign.net,
BMW i3 (all sizes) (18/22/40 kWh),Afore AF17K-THA 230V,in_catalog,yes,protocol_verified,,BMW SME 61 62 8 632 xxx (60 Ah) / 61 62 8 632 xxx (94 Ah) / 61 62 8 787 xxx (120 Ah),2014-2022 (three generations),,15.0.14,HW3.1,openinverter.org/wiki/BMW_I3 + BMW SME LIN wake,
BMW i3 (all sizes) (18/22/40 kWh),Deye SUN-(29.9-50)K-SG01HP3-EU-BM3,in_catalog,yes,protocol_verified,,BMW SME 61 62 8 632 xxx (60 Ah) / 61 62 8 632 xxx (94 Ah) / 61 62 8 787 xxx (120 Ah),2014-2022 (three generations),,15.0.14,HW3.1,openinverter.org/wiki/BMW_I3 + BMW SME LIN wake,
BMW i3 (all sizes) (18/22/40 kWh),Deye SUN-(5-20)K-SG01HP3-EU-AM2,in_catalog,yes,protocol_verified,,BMW SME 61 62 8 632 xxx (60 Ah) / 61 62 8 632 xxx (94 Ah) / 61 62 8 787 xxx (120 Ah),2014-2022 (three generations),,15.0.14,HW3.1,openinverter.org/wiki/BMW_I3 + BMW SME LIN wake,
BMW i3 (all sizes) (18/22/40 kWh),Felicity T-REX-50KHP3G01,in_catalog,yes,protocol_verified,,BMW SME 61 62 8 632 xxx (60 Ah) / 61 62 8 632 xxx (94 Ah) / 61 62 8 787 xxx (120 Ah),2014-2022 (three generations),,15.0.14,HW3.1,openinverter.org/wiki/BMW_I3 + BMW SME LIN wake,
BMW i3 (all sizes) (18/22/40 kWh),Ferroamp EnergyHub,in_catalog,yes,protocol_verified,,BMW SME 61 62 8 632 xxx (60 Ah) / 61 62 8 632 xxx (94 Ah) / 61 62 8 787 xxx (120 Ah),2014-2022 (three generations),,15.0.14,HW3.1,openinverter.org/wiki/BMW_I3 + BMW SME LIN wake,
BMW i3 (all sizes) (18/22/40 kWh),FoxESS H1/AC1,in_catalog,yes,protocol_verified,,BMW SME 61 62 8 632 xxx (60 Ah) / 61 62 8 632 xxx (94 Ah) / 61 62 8 787 xxx (120 Ah),2014-2022 (three generations),,15.0.14,HW3.1,openinverter.org/wiki/BMW_I3 + BMW SME LIN wake,
BMW i3 (all sizes) (18/22/40 kWh),FoxESS H3 Pro,in_catalog,yes,protocol_verified,,BMW SME 61 62 8 632 xxx (60 Ah) / 61 62 8 632 xxx (94 Ah) / 61 62 8 787 xxx (120 Ah),2014-2022 (three generations),,15.0.14,HW3.1,openinverter.org/wiki/BMW_I3 + BMW SME LIN wake,
BMW i3 (all sizes) (18/22/40 kWh),FoxESS H3 Smart,in_catalog,yes,protocol_verified,,BMW SME 61 62 8 632 xxx (60 Ah) / 61 62 8 632 xxx (94 Ah) / 61 62 8 787 xxx (120 Ah),2014-2022 (three generations),,15.0.14,HW3.1,openinverter.org/wiki/BMW_I3 + BMW SME LIN wake,
BMW i3 (all sizes) (18/22/40 kWh),FoxESS H3/AC3,in_catalog,yes,protocol_verified,,BMW SME 61 62 8 632 xxx (60 Ah) / 61 62 8 632 xxx (94 Ah) / 61 62 8 787 xxx (120 Ah),2014-2022 (three generations),,15.0.14,HW3.1,openinverter.org/wiki/BMW_I3 + BMW SME LIN wake,
BMW i3 (all sizes) (18/22/40 kWh),Fronius Primo Gen24 Plus,in_catalog,yes,protocol_verified,,BMW SME 61 62 8 632 xxx (60 Ah) / 61 62 8 632 xxx (94 Ah) / 61 62 8 787 xxx (120 Ah),2014-2022 (three generations),,15.0.14,HW3.1,openinverter.org/wiki/BMW_I3 + BMW SME LIN wake,
BMW i3 (all sizes) (18/22/40 kWh),Fronius Symo Gen24 Plus,in_catalog,yes,protocol_verified,,BMW SME 61 62 8 632 xxx (60 Ah) / 61 62 8 632 xxx (94 Ah) / 61 62 8 787 xxx (120 Ah),2014-2022 (three generations),,15.0.14,HW3.1,openinverter.org/wiki/BMW_I3 + BMW SME LIN wake,
BMW i3 (all sizes) (18/22/40 kWh),Fronius Symo Hybrid 3.0/4.0/5.0-3-S,in_catalog,yes,protocol_verified,,BMW SME 61 62 8 632 xxx (60 Ah) / 61 62 8 632 xxx (94 Ah) / 61 62 8 787 xxx (120 Ah),2014-2022 (three generations),,15.0.14,HW3.1,openinverter.org/wiki/BMW_I3 + BMW SME LIN wake,
BMW i3 (all sizes) (18/22/40 kWh),Fronius Verto Plus 15-33kW,in_catalog,yes,protocol_verified,,BMW SME 61 62 8 632 xxx (60 Ah) / 61 62 8 632 xxx (94 Ah) / 61 62 8 787 xxx (120 Ah),2014-2022 (three generations),,15.0.14,HW3.1,openinverter.org/wiki/BMW_I3 + BMW SME LIN wake,
BMW i3 (all sizes) (18/22/40 kWh),GoodWe A-ES hybrid inverter (America Split Phase),in_catalog,yes,protocol_verified,,BMW SME 61 62 8 632 xxx (60 Ah) / 61 62 8 632 xxx (94 Ah) / 61 62 8 787 xxx (120 Ah),2014-2022 (three generations),,15.0.14,HW3.1,openinverter.org/wiki/BMW_I3 + BMW SME LIN wake,
BMW i3 (all sizes) (18/22/40 kWh),GoodWe BH AC battery inverter,in_catalog,yes,protocol_verified,,BMW SME 61 62 8 632 xxx (60 Ah) / 61 62 8 632 xxx (94 Ah) / 61 62 8 787 xxx (120 Ah),2014-2022 (three generations),,15.0.14,HW3.1,openinverter.org/wiki/BMW_I3 + BMW SME LIN wake,
BMW i3 (all sizes) (18/22/40 kWh),GoodWe BT AC battery inverter,in_catalog,yes,protocol_verified,,BMW SME 61 62 8 632 xxx (60 Ah) / 61 62 8 632 xxx (94 Ah) / 61 62 8 787 xxx (120 Ah),2014-2022 (three generations),,15.0.14,HW3.1,openinverter.org/wiki/BMW_I3 + BMW SME LIN wake,
BMW i3 (all sizes) (18/22/40 kWh),GoodWe EH hybrid solar,in_catalog,yes,protocol_verified,,BMW SME 61 62 8 632 xxx (60 Ah) / 61 62 8 632 xxx (94 Ah) / 61 62 8 787 xxx (120 Ah),2014-2022 (three generations),,15.0.14,HW3.1,openinverter.org/wiki/BMW_I3 + BMW SME LIN wake,
BMW i3 (all sizes) (18/22/40 kWh),GoodWe EHB high voltage battery,in_catalog,yes,protocol_verified,,BMW SME 61 62 8 632 xxx (60 Ah) / 61 62 8 632 xxx (94 Ah) / 61 62 8 787 xxx (120 Ah),2014-2022 (three generations),,15.0.14,HW3.1,openinverter.org/wiki/BMW_I3 + BMW SME LIN wake,
BMW i3 (all sizes) (18/22/40 kWh),GoodWe EHB hybrid inverter (South Africa only),in_catalog,yes,protocol_verified,,BMW SME 61 62 8 632 xxx (60 Ah) / 61 62 8 632 xxx (94 Ah) / 61 62 8 787 xxx (120 Ah),2014-2022 (three generations),,15.0.14,HW3.1,openinverter.org/wiki/BMW_I3 + BMW SME LIN wake,
BMW i3 (all sizes) (18/22/40 kWh),GoodWe ES hybrid solar,in_catalog,yes,protocol_verified,,BMW SME 61 62 8 632 xxx (60 Ah) / 61 62 8 632 xxx (94 Ah) / 61 62 8 787 xxx (120 Ah),2014-2022 (three generations),,15.0.14,HW3.1,openinverter.org/wiki/BMW_I3 + BMW SME LIN wake,
BMW i3 (all sizes) (18/22/40 kWh),GoodWe ET hybrid solar,in_catalog,yes,protocol_verified,,BMW SME 61 62 8 632 xxx (60 Ah) / 61 62 8 632 xxx (94 Ah) / 61 62 8 787 xxx (120 Ah),2014-2022 (three generations),,15.0.14,HW3.1,openinverter.org/wiki/BMW_I3 + BMW SME LIN wake,
BMW i3 (all sizes) (18/22/40 kWh),GoodWe SBP battery inverter,in_catalog,yes,protocol_verified,,BMW SME 61 62 8 632 xxx (60 Ah) / 61 62 8 632 xxx (94 Ah) / 61 62 8 787 xxx (120 Ah),2014-2022 (three generations),,15.0.14,HW3.1,openinverter.org/wiki/BMW_I3 + BMW SME LIN wake,
BMW i3 (all sizes) (18/22/40 kWh),Growatt HV Growatt SPH,in_catalog,yes,protocol_verified,,BMW SME 61 62 8 632 xxx (60 Ah) / 61 62 8 632 xxx (94 Ah) / 61 62 8 787 xxx (120 Ah),2014-2022 (three generations),,15.0.14,HW3.1,openinverter.org/wiki/BMW_I3 + BMW SME LIN wake,
BMW i3 (all sizes) (18/22/40 kWh),Growatt HV Growatt SPH (TL3-BH-UP) (5-10kW 3P),in_catalog,yes,protocol_verified,,BMW SME 61 62 8 632 xxx (60 Ah) / 61 62 8 632 xxx (94 Ah) / 61 62 8 787 xxx (120 Ah),2014-2022 (three generations),,15.0.14,HW3.1,openinverter.org/wiki/BMW_I3 + BMW SME LIN wake,
BMW i3 (all sizes) (18/22/40 kWh),Growatt LV Growatt SPH (4.6-10) (TL3-BH) (5-10kW 3P),in_catalog,yes,protocol_verified,,BMW SME 61 62 8 632 xxx (60 Ah) / 61 62 8 632 xxx (94 Ah) / 61 62 8 787 xxx (120 Ah),2014-2022 (three generations),,15.0.14,HW3.1,openinverter.org/wiki/BMW_I3 + BMW SME LIN wake,
BMW i3 (all sizes) (18/22/40 kWh),Growatt WIT 50-100K-HU,in_catalog,yes,protocol_verified,,BMW SME 61 62 8 632 xxx (60 Ah) / 61 62 8 632 xxx (94 Ah) / 61 62 8 787 xxx (120 Ah),2014-2022 (three generations),,15.0.14,HW3.1,openinverter.org/wiki/BMW_I3 + BMW SME LIN wake,
BMW i3 (all sizes) (18/22/40 kWh),Growatt WIT 50-100K-HU (TL3-BH-UP) (5-10kW 3P),in_catalog,yes,protocol_verified,,BMW SME 61 62 8 632 xxx (60 Ah) / 61 62 8 632 xxx (94 Ah) / 61 62 8 787 xxx (120 Ah),2014-2022 (three generations),,15.0.14,HW3.1,openinverter.org/wiki/BMW_I3 + BMW SME LIN wake,
BMW i3 (all sizes) (18/22/40 kWh),Hoymiles HYT/HAT-HV,in_catalog,yes,protocol_verified,,BMW SME 61 62 8 632 xxx (60 Ah) / 61 62 8 632 xxx (94 Ah) / 61 62 8 787 xxx (120 Ah),2014-2022 (three generations),,15.0.14,HW3.1,openinverter.org/wiki/BMW_I3 + BMW SME LIN wake,
BMW i3 (all sizes) (18/22/40 kWh),Huawei SUN2000-(2-6)KTL-L1 (400V),in_catalog,yes,protocol_verified,,BMW SME 61 62 8 632 xxx (60 Ah) / 61 62 8 632 xxx (94 Ah) / 61 62 8 787 xxx (120 Ah),2014-2022 (three generations),,15.0.14,HW3.1,openinverter.org/wiki/BMW_I3 + BMW SME LIN wake,
BMW i3 (all sizes) (18/22/40 kWh),Huawei SUN2000-(3-20)K-MB0 (400V),in_catalog,yes,protocol_verified,,BMW SME 61 62 8 632 xxx (60 Ah) / 61 62 8 632 xxx (94 Ah) / 61 62 8 787 xxx (120 Ah),2014-2022 (three generations),,15.0.14,HW3.1,openinverter.org/wiki/BMW_I3 + BMW SME LIN wake,
BMW i3 (all sizes) (18/22/40 kWh),Kostal Plenticore Plus (3.0-10),in_catalog,yes,protocol_verified,,BMW SME 61 62 8 632 xxx (60 Ah) / 61 62 8 632 xxx (94 Ah) / 61 62 8 787 xxx (120 Ah),2014-2022 (three generations),,15.0.14,HW3.1,openinverter.org/wiki/BMW_I3 + BMW SME LIN wake,
BMW i3 (all sizes) (18/22/40 kWh),Maple Leaf Northern Fox H1-H3-AC1-KH,in_catalog,yes,protocol_verified,,BMW SME 61 62 8 632 xxx (60 Ah) / 61 62 8 632 xxx (94 Ah) / 61 62 8 787 xxx (120 Ah),2014-2022 (three generations),,15.0.14,HW3.1,openinverter.org/wiki/BMW_I3 + BMW SME LIN wake,
BMW i3 (all sizes) (18/22/40 kWh),SAJ H2 Hybrid (3-12)K-S2,in_catalog,yes,protocol_verified,,BMW SME 61 62 8 632 xxx (60 Ah) / 61 62 8 632 xxx (94 Ah) / 61 62 8 787 xxx (120 Ah),2014-2022 (three generations),,15.0.14,HW3.1,openinverter.org/wiki/BMW_I3 + BMW SME LIN wake,
BMW i3 (all sizes) (18/22/40 kWh),SMA Sunny Boy Smart Energy 3.6 / 4.0 / 5.0 / 6.0-50 Hybrid Inverter,in_catalog,yes,protocol_verified,,BMW SME 61 62 8 632 xxx (60 Ah) / 61 62 8 632 xxx (94 Ah) / 61 62 8 787 xxx (120 Ah),2014-2022 (three generations),,15.0.14,HW3.1,openinverter.org/wiki/BMW_I3 + BMW SME LIN wake,
BMW i3 (all sizes) (18/22/40 kWh),SMA Sunny Boy Smart Energy 3.6-6.0,in_catalog,yes,protocol_verified,,BMW SME 61 62 8 632 xxx (60 Ah) / 61 62 8 632 xxx (94 Ah) / 61 62 8 787 xxx (120 Ah),2014-2022 (three generations),,15.0.14,HW3.1,openinverter.org/wiki/BMW_I3 + BMW SME LIN wake,
BMW i3 (all sizes) (18/22/40 kWh),SMA Sunny Boy Storage 2.5,in_catalog,yes,protocol_verified,,BMW SME 61 62 8 632 xxx (60 Ah) / 61 62 8 632 xxx (94 Ah) / 61 62 8 787 xxx (120 Ah),2014-2022 (three generations),,15.0.14,HW3.1,openinverter.org/wiki/BMW_I3 + BMW SME LIN wake,
BMW i3 (all sizes) (18/22/40 kWh),SMA Sunny Boy Storage 2.5 / 3.7 / 5.0 / 6.0,in_catalog,yes,protocol_verified,,BMW SME 61 62 8 632 xxx (60 Ah) / 61 62 8 632 xxx (94 Ah) / 61 62 8 787 xxx (120 Ah),2014-2022 (three generations),,15.0.14,HW3.1,openinverter.org/wiki/BMW_I3 + BMW SME LIN wake,
BMW i3 (all sizes) (18/22/40 kWh),SMA Sunny Tripower Smart 5.0-10.0 SE,in_catalog,yes,protocol_verified,,BMW SME 61 62 8 632 xxx (60 Ah) / 61 62 8 632 xxx (94 Ah) / 61 62 8 787 xxx (120 Ah),2014-2022 (three generations),,15.0.14,HW3.1,openinverter.org/wiki/BMW_I3 + BMW SME LIN wake,
BMW i3 (all sizes) (18/22/40 kWh),SMA Sunny Tripower X,in_catalog,yes,protocol_verified,,BMW SME 61 62 8 632 xxx (60 Ah) / 61 62 8 632 xxx (94 Ah) / 61 62 8 787 xxx (120 Ah),2014-2022 (three generations),,15.0.14,HW3.1,openinverter.org/wiki/BMW_I3 + BMW SME LIN wake,
BMW i3 (all sizes) (18/22/40 kWh),Sofar 5K...20KTL-3PH,in_catalog,yes,protocol_verified,,BMW SME 61 62 8 632 xxx (60 Ah) / 61 62 8 632 xxx (94 Ah) / 61 62 8 787 xxx (120 Ah),2014-2022 (three generations),,15.0.14,HW3.1,openinverter.org/wiki/BMW_I3 + BMW SME LIN wake,
BMW i3 (all sizes) (18/22/40 kWh),Sofar HYD (3-20)KTL-3PH,in_catalog,yes,protocol_verified,,BMW SME 61 62 8 632 xxx (60 Ah) / 61 62 8 632 xxx (94 Ah) / 61 62 8 787 xxx (120 Ah),2014-2022 (three generations),,15.0.14,HW3.1,openinverter.org/wiki/BMW_I3 + BMW SME LIN wake,
BMW i3 (all sizes) (18/22/40 kWh),SolaX X1 Hybrid,in_catalog,yes,protocol_verified,,BMW SME 61 62 8 632 xxx (60 Ah) / 61 62 8 632 xxx (94 Ah) / 61 62 8 787 xxx (120 Ah),2014-2022 (three generations),,15.0.14,HW3.1,openinverter.org/wiki/BMW_I3 + BMW SME LIN wake,
BMW i3 (all sizes) (18/22/40 kWh),SolaX X1 Hybrid G4,in_catalog,yes,protocol_verified,,BMW SME 61 62 8 632 xxx (60 Ah) / 61 62 8 632 xxx (94 Ah) / 61 62 8 787 xxx (120 Ah),2014-2022 (three generations),,15.0.14,HW3.1,openinverter.org/wiki/BMW_I3 + BMW SME LIN wake,
BMW i3 (all sizes) (18/22/40 kWh),SolaX X3 Hybrid,in_catalog,yes,protocol_verified,,BMW SME 61 62 8 632 xxx (60 Ah) / 61 62 8 632 xxx (94 Ah) / 61 62 8 787 xxx (120 Ah),2014-2022 (three generations),,15.0.14,HW3.1,openinverter.org/wiki/BMW_I3 + BMW SME LIN wake,
BMW i3 (all sizes) (18/22/40 kWh),SolaX X3 Hybrid G4,in_catalog,yes,protocol_verified,,BMW SME 61 62 8 632 xxx (60 Ah) / 61 62 8 632 xxx (94 Ah) / 61 62 8 787 xxx (120 Ah),2014-2022 (three generations),,15.0.14,HW3.1,openinverter.org/wiki/BMW_I3 + BMW SME LIN wake,
BMW i3 (all sizes) (18/22/40 kWh),SolaX X3-Ultra Hybrid,in_catalog,yes,protocol_verified,,BMW SME 61 62 8 632 xxx (60 Ah) / 61 62 8 632 xxx (94 Ah) / 61 62 8 787 xxx (120 Ah),2014-2022 (three generations),,15.0.14,HW3.1,openinverter.org/wiki/BMW_I3 + BMW SME LIN wake,
BMW i3 (all sizes) (18/22/40 kWh),Solis RHI-3P(5-10)K-HVES-5G / S6-EH1P10K-H-US-APST,in_catalog,yes,protocol_verified,,BMW SME 61 62 8 632 xxx (60 Ah) / 61 62 8 632 xxx (94 Ah) / 61 62 8 787 xxx (120 Ah),2014-2022 (three generations),,15.0.14,HW3.1,openinverter.org/wiki/BMW_I3 + BMW SME LIN wake,
BMW i3 (all sizes) (18/22/40 kWh),Solis RHI-3P(5-10)K-HVES-5G / S6-EH3P-(5-10.0K)-H-EU,in_catalog,yes,protocol_verified,,BMW SME 61 62 8 632 xxx (60 Ah) / 61 62 8 632 xxx (94 Ah) / 61 62 8 787 xxx (120 Ah),2014-2022 (three generations),,15.0.14,HW3.1,openinverter.org/wiki/BMW_I3 + BMW SME LIN wake,
BMW i3 (all sizes) (18/22/40 kWh),Solis S5-EH1P (3-6) K-L (5-6 kW 1P US),in_catalog,yes,protocol_verified,,BMW SME 61 62 8 632 xxx (60 Ah) / 61 62 8 632 xxx (94 Ah) / 61 62 8 787 xxx (120 Ah),2014-2022 (three generations),,15.0.14,HW3.1,openinverter.org/wiki/BMW_I3 + BMW SME LIN wake,
BMW i3 (all sizes) (18/22/40 kWh),Solis S6-EH3P(8-15)K-H 8-15 kW 3P (5-6 kW 1P US),in_catalog,yes,protocol_verified,,BMW SME 61 62 8 632 xxx (60 Ah) / 61 62 8 632 xxx (94 Ah) / 61 62 8 787 xxx (120 Ah),2014-2022 (three generations),,15.0.14,HW3.1,openinverter.org/wiki/BMW_I3 + BMW SME LIN wake,
BMW i3 (all sizes) (18/22/40 kWh),Solxpow Solxpow X3 12-20kW,in_catalog,yes,protocol_verified,,BMW SME 61 62 8 632 xxx (60 Ah) / 61 62 8 632 xxx (94 Ah) / 61 62 8 787 xxx (120 Ah),2014-2022 (three generations),,15.0.14,HW3.1,openinverter.org/wiki/BMW_I3 + BMW SME LIN wake,
BMW i3 (all sizes) (18/22/40 kWh),Sungrow SH15T/SH20T/SH25T,in_catalog,yes,protocol_verified,,BMW SME 61 62 8 632 xxx (60 Ah) / 61 62 8 632 xxx (94 Ah) / 61 62 8 787 xxx (120 Ah),2014-2022 (three generations),,15.0.14,HW3.1,openinverter.org/wiki/BMW_I3 + BMW SME LIN wake,
BMW i3 (all sizes) (18/22/40 kWh),Sungrow SH3.0/3.6/4.0/5.0/6.0RS,in_catalog,yes,protocol_verified,,BMW SME 61 62 8 632 xxx (60 Ah) / 61 62 8 632 xxx (94 Ah) / 61 62 8 787 xxx (120 Ah),2014-2022 (three generations),,15.0.14,HW3.1,openinverter.org/wiki/BMW_I3 + BMW SME LIN wake,
BMW i3 (all sizes) (18/22/40 kWh),Sungrow SH5.0/6.0/8.0/10RT,in_catalog,yes,protocol_verified,,BMW SME 61 62 8 632 xxx (60 Ah) / 61 62 8 632 xxx (94 Ah) / 61 62 8 787 xxx (120 Ah),2014-2022 (three generations),,15.0.14,HW3.1,openinverter.org/wiki/BMW_I3 + BMW SME LIN wake,
BMW iX & i4-7 Platform (68/80.7 kWh),Afore AF17K-THA 230V,in_catalog,yes,protocol_verified,,"BMW iX / i4 pack (Gen5 eDrive, part numbers vary by market)",2021+ Gen5 eDrive,,15.0.14,HW3.1,dalathegreat/Battery-Emulator BMW iX/i4-i7,
BMW iX & i4-7 Platform (68/80.7 kWh),Deye SUN-(29.9-50)K-SG01HP3-EU-BM3,in_catalog,yes,protocol_verified,,"BMW iX / i4 pack (Gen5 eDrive, part numbers vary by market)",2021+ Gen5 eDrive,,15.0.14,HW3.1,dalathegreat/Battery-Emulator BMW iX/i4-i7,
BMW iX & i4-7 Platform (68/80.7 kWh),Deye SUN-(5-20)K-SG01HP3-EU-AM2,in_catalog,yes,protocol_verified,,"BMW iX / i4 pack (Gen5 eDrive, part numbers vary by market)",2021+ Gen5 eDrive,,15.0.14,HW3.1,dalathegreat/Battery-Emulator BMW iX/i4-i7,
BMW iX & i4-7 Platform (68/80.7 kWh),Felicity T-REX-50KHP3G01,in_catalog,yes,protocol_verified,,"BMW iX / i4 pack (Gen5 eDrive, part numbers vary by market)",2021+ Gen5 eDrive,,15.0.14,HW3.1,dalathegreat/Battery-Emulator BMW iX/i4-i7,
BMW iX & i4-7 Platform (68/80.7 kWh),Ferroamp EnergyHub,in_catalog,yes,protocol_verified,,"BMW iX / i4 pack (Gen5 eDrive, part numbers vary by market)",2021+ Gen5 eDrive,,15.0.14,HW3.1,dalathegreat/Battery-Emulator BMW iX/i4-i7,
BMW iX & i4-7 Platform (68/80.7 kWh),FoxESS H1/AC1,in_catalog,yes,protocol_verified,,"BMW iX / i4 pack (Gen5 eDrive, part numbers vary by market)",2021+ Gen5 eDrive,,15.0.14,HW3.1,dalathegreat/Battery-Emulator BMW iX/i4-i7,
BMW iX & i4-7 Platform (68/80.7 kWh),FoxESS H3 Pro,in_catalog,yes,protocol_verified,,"BMW iX / i4 pack (Gen5 eDrive, part numbers vary by market)",2021+ Gen5 eDrive,,15.0.14,HW3.1,dalathegreat/Battery-Emulator BMW iX/i4-i7,
BMW iX & i4-7 Platform (68/80.7 kWh),FoxESS H3 Smart,in_catalog,yes,protocol_verified,,"BMW iX / i4 pack (Gen5 eDrive, part numbers vary by market)",2021+ Gen5 eDrive,,15.0.14,HW3.1,dalathegreat/Battery-Emulator BMW iX/i4-i7,
BMW iX & i4-7 Platform (68/80.7 kWh),FoxESS H3/AC3,in_catalog,yes,protocol_verified,,"BMW iX / i4 pack (Gen5 eDrive, part numbers vary by market)",2021+ Gen5 eDrive,,15.0.14,HW3.1,dalathegreat/Battery-Emulator BMW iX/i4-i7,
BMW iX & i4-7 Platform (68/80.7 kWh),Fronius Primo Gen24 Plus,in_catalog,yes,protocol_verified,,"BMW iX / i4 pack (Gen5 eDrive, part numbers vary by market)",2021+ Gen5 eDrive,,15.0.14,HW3.1,dalathegreat/Battery-Emulator BMW iX/i4-i7,
BMW iX & i4-7 Platform (68/80.7 kWh),Fronius Symo Gen24 Plus,in_catalog,yes,protocol_verified,,"BMW iX / i4 pack (Gen5 eDrive, part numbers vary by market)",2021+ Gen5 eDrive,,15.0.14,HW3.1,dalathegreat/Battery-Emulator BMW iX/i4-i7,
BMW iX & i4-7 Platform (68/80.7 kWh),Fronius Symo Hybrid 3.0/4.0/5.0-3-S,in_catalog,yes,protocol_verified,,"BMW iX / i4 pack (Gen5 eDrive, part numbers vary by market)",2021+ Gen5 eDrive,,15.0.14,HW3.1,dalathegreat/Battery-Emulator BMW iX/i4-i7,
BMW iX & i4-7 Platform (68/80.7 kWh),Fronius Verto Plus 15-33kW,in_catalog,yes,protocol_verified,,"BMW iX / i4 pack (Gen5 eDrive, part numbers vary by market)",2021+ Gen5 eDrive,,15.0.14,HW3.1,dalathegreat/Battery-Emulator BMW iX/i4-i7,
BMW iX & i4-7 Platform (68/80.7 kWh),GoodWe A-ES hybrid inverter (America Split Phase),in_catalog,yes,protocol_verified,,"BMW iX / i4 pack (Gen5 eDrive, part numbers vary by market)",2021+ Gen5 eDrive,,15.0.14,HW3.1,dalathegreat/Battery-Emulator BMW iX/i4-i7,
BMW iX & i4-7 Platform (68/80.7 kWh),GoodWe BH AC battery inverter,in_catalog,yes,protocol_verified,,"BMW iX / i4 pack (Gen5 eDrive, part numbers vary by market)",2021+ Gen5 eDrive,,15.0.14,HW3.1,dalathegreat/Battery-Emulator BMW iX/i4-i7,
BMW iX & i4-7 Platform (68/80.7 kWh),GoodWe BT AC battery inverter,in_catalog,yes,protocol_verified,,"BMW iX / i4 pack (Gen5 eDrive, part numbers vary by market)",2021+ Gen5 eDrive,,15.0.14,HW3.1,dalathegreat/Battery-Emulator BMW iX/i4-i7,
BMW iX & i4-7 Platform (68/80.7 kWh),GoodWe EH hybrid solar,in_catalog,yes,protocol_verified,,"BMW iX / i4 pack (Gen5 eDrive, part numbers vary by market)",2021+ Gen5 eDrive,,15.0.14,HW3.1,dalathegreat/Battery-Emulator BMW iX/i4-i7,
BMW iX & i4-7 Platform (68/80.7 kWh),GoodWe EHB high voltage battery,in_catalog,yes,protocol_verified,,"BMW iX / i4 pack (Gen5 eDrive, part numbers vary by market)",2021+ Gen5 eDrive,,15.0.14,HW3.1,dalathegreat/Battery-Emulator BMW iX/i4-i7,
BMW iX & i4-7 Platform (68/80.7 kWh),GoodWe EHB hybrid inverter (South Africa only),in_catalog,yes,protocol_verified,,"BMW iX / i4 pack (Gen5 eDrive, part numbers vary by market)",2021+ Gen5 eDrive,,15.0.14,HW3.1,dalathegreat/Battery-Emulator BMW iX/i4-i7,
BMW iX & i4-7 Platform (68/80.7 kWh),GoodWe ES hybrid solar,in_catalog,yes,protocol_verified,,"BMW iX / i4 pack (Gen5 eDrive, part numbers vary by market)",2021+ Gen5 eDrive,,15.0.14,HW3.1,dalathegreat/Battery-Emulator BMW iX/i4-i7,
BMW iX & i4-7 Platform (68/80.7 kWh),GoodWe ET hybrid solar,in_catalog,yes,protocol_verified,,"BMW iX / i4 pack (Gen5 eDrive, part numbers vary by market)",2021+ Gen5 eDrive,,15.0.14,HW3.1,dalathegreat/Battery-Emulator BMW iX/i4-i7,
BMW iX & i4-7 Platform (68/80.7 kWh),GoodWe SBP battery inverter,in_catalog,yes,protocol_verified,,"BMW iX / i4 pack (Gen5 eDrive, part numbers vary by market)",2021+ Gen5 eDrive,,15.0.14,HW3.1,dalathegreat/Battery-Emulator BMW iX/i4-i7,
BMW iX & i4-7 Platform (68/80.7 kWh),Growatt HV Growatt SPH,in_catalog,yes,protocol_verified,,"BMW iX / i4 pack (Gen5 eDrive, part numbers vary by market)",2021+ Gen5 eDrive,,15.0.14,HW3.1,dalathegreat/Battery-Emulator BMW iX/i4-i7,
BMW iX & i4-7 Platform (68/80.7 kWh),Growatt HV Growatt SPH (TL3-BH-UP) (5-10kW 3P),in_catalog,yes,protocol_verified,,"BMW iX / i4 pack (Gen5 eDrive, part numbers vary by market)",2021+ Gen5 eDrive,,15.0.14,HW3.1,dalathegreat/Battery-Emulator BMW iX/i4-i7,
BMW iX & i4-7 Platform (68/80.7 kWh),Growatt LV Growatt SPH (4.6-10) (TL3-BH) (5-10kW 3P),in_catalog,yes,protocol_verified,,"BMW iX / i4 pack (Gen5 eDrive, part numbers vary by market)",2021+ Gen5 eDrive,,15.0.14,HW3.1,dalathegreat/Battery-Emulator BMW iX/i4-i7,
BMW iX & i4-7 Platform (68/80.7 kWh),Growatt WIT 50-100K-HU,in_catalog,yes,protocol_verified,,"BMW iX / i4 pack (Gen5 eDrive, part numbers vary by market)",2021+ Gen5 eDrive,,15.0.14,HW3.1,dalathegreat/Battery-Emulator BMW iX/i4-i7,
BMW iX & i4-7 Platform (68/80.7 kWh),Growatt WIT 50-100K-HU (TL3-BH-UP) (5-10kW 3P),in_catalog,yes,protocol_verified,,"BMW iX / i4 pack (Gen5 eDrive, part numbers vary by market)",2021+ Gen5 eDrive,,15.0.14,HW3.1,dalathegreat/Battery-Emulator BMW iX/i4-i7,
BMW iX & i4-7 Platform (68/80.7 kWh),Hoymiles HYT/HAT-HV,in_catalog,yes,protocol_verified,,"BMW iX / i4 pack (Gen5 eDrive, part numbers vary by market)",2021+ Gen5 eDrive,,15.0.14,HW3.1,dalathegreat/Battery-Emulator BMW iX/i4-i7,
BMW iX & i4-7 Platform (68/80.7 kWh),Huawei SUN2000-(2-6)KTL-L1 (400V),in_catalog,yes,protocol_verified,,"BMW iX / i4 pack (Gen5 eDrive, part numbers vary by market)",2021+ Gen5 eDrive,,15.0.14,HW3.1,dalathegreat/Battery-Emulator BMW iX/i4-i7,
BMW iX & i4-7 Platform (68/80.7 kWh),Huawei SUN2000-(3-20)K-MB0 (400V),in_catalog,yes,protocol_verified,,"BMW iX / i4 pack (Gen5 eDrive, part numbers vary by market)",2021+ Gen5 eDrive,,15.0.14,HW3.1,dalathegreat/Battery-Emulator BMW iX/i4-i7,
BMW iX & i4-7 Platform (68/80.7 kWh),Kostal Plenticore Plus (3.0-10),in_catalog,yes,protocol_verified,,"BMW iX / i4 pack (Gen5 eDrive, part numbers vary by market)",2021+ Gen5 eDrive,,15.0.14,HW3.1,dalathegreat/Battery-Emulator BMW iX/i4-i7,
BMW iX & i4-7 Platform (68/80.7 kWh),Maple Leaf Northern Fox H1-H3-AC1-KH,in_catalog,yes,protocol_verified,,"BMW iX / i4 pack (Gen5 eDrive, part numbers vary by market)",2021+ Gen5 eDrive,,15.0.14,HW3.1,dalathegreat/Battery-Emulator BMW iX/i4-i7,
BMW iX & i4-7 Platform (68/80.7 kWh),SAJ H2 Hybrid (3-12)K-S2,in_catalog,yes,protocol_verified,,"BMW iX / i4 pack (Gen5 eDrive, part numbers vary by market)",2021+ Gen5 eDrive,,15.0.14,HW3.1,dalathegreat/Battery-Emulator BMW iX/i4-i7,
BMW iX & i4-7 Platform (68/80.7 kWh),SMA Sunny Boy Smart Energy 3.6 / 4.0 / 5.0 / 6.0-50 Hybrid Inverter,in_catalog,yes,protocol_verified,,"BMW iX / i4 pack (Gen5 eDrive, part numbers vary by market)",2021+ Gen5 eDrive,,15.0.14,HW3.1,dalathegreat/Battery-Emulator BMW iX/i4-i7,
BMW iX & i4-7 Platform (68/80.7 kWh),SMA Sunny Boy Smart Energy 3.6-6.0,in_catalog,yes,protocol_verified,,"BMW iX / i4 pack (Gen5 eDrive, part numbers vary by market)",2021+ Gen5 eDrive,,15.0.14,HW3.1,dalathegreat/Battery-Emulator BMW iX/i4-i7,
BMW iX & i4-7 Platform (68/80.7 kWh),SMA Sunny Boy Storage 2.5,in_catalog,yes,protocol_verified,,"BMW iX / i4 pack (Gen5 eDrive, part numbers vary by market)",2021+ Gen5 eDrive,,15.0.14,HW3.1,dalathegreat/Battery-Emulator BMW iX/i4-i7,
BMW iX & i4-7 Platform (68/80.7 kWh),SMA Sunny Boy Storage 2.5 / 3.7 / 5.0 / 6.0,in_catalog,yes,protocol_verified,,"BMW iX / i4 pack (Gen5 eDrive, part numbers vary by market)",2021+ Gen5 eDrive,,15.0.14,HW3.1,dalathegreat/Battery-Emulator BMW iX/i4-i7,
BMW iX & i4-7 Platform (68/80.7 kWh),SMA Sunny Tripower Smart 5.0-10.0 SE,in_catalog,yes,protocol_verified,,"BMW iX / i4 pack (Gen5 eDrive, part numbers vary by market)",2021+ Gen5 eDrive,,15.0.14,HW3.1,dalathegreat/Battery-Emulator BMW iX/i4-i7,
BMW iX & i4-7 Platform (68/80.7 kWh),SMA Sunny Tripower X,in_catalog,yes,protocol_verified,,"BMW iX / i4 pack (Gen5 eDrive, part numbers vary by market)",2021+ Gen5 eDrive,,15.0.14,HW3.1,dalathegreat/Battery-Emulator BMW iX/i4-i7,
BMW iX & i4-7 Platform (68/80.7 kWh),Sofar 5K...20KTL-3PH,in_catalog,yes,protocol_verified,,"BMW iX / i4 pack (Gen5 eDrive, part numbers vary by market)",2021+ Gen5 eDrive,,15.0.14,HW3.1,dalathegreat/Battery-Emulator BMW iX/i4-i7,
BMW iX & i4-7 Platform (68/80.7 kWh),Sofar HYD (3-20)KTL-3PH,in_catalog,yes,protocol_verified,,"BMW iX / i4 pack (Gen5 eDrive, part numbers vary by market)",2021+ Gen5 eDrive,,15.0.14,HW3.1,dalathegreat/Battery-Emulator BMW iX/i4-i7,
BMW iX & i4-7 Platform (68/80.7 kWh),SolaX X1 Hybrid,in_catalog,yes,protocol_verified,,"BMW iX / i4 pack (Gen5 eDrive, part numbers vary by market)",2021+ Gen5 eDrive,,15.0.14,HW3.1,dalathegreat/Battery-Emulator BMW iX/i4-i7,
BMW iX & i4-7 Platform (68/80.7 kWh),SolaX X1 Hybrid G4,in_catalog,yes,protocol_verified,,"BMW iX / i4 pack (Gen5 eDrive, part numbers vary by market)",2021+ Gen5 eDrive,,15.0.14,HW3.1,dalathegreat/Battery-Emulator BMW iX/i4-i7,
BMW iX & i4-7 Platform (68/80.7 kWh),SolaX X3 Hybrid,in_catalog,yes,protocol_verified,,"BMW iX / i4 pack (Gen5 eDrive, part numbers vary by market)",2021+ Gen5 eDrive,,15.0.14,HW3.1,dalathegreat/Battery-Emulator BMW iX/i4-i7,
BMW iX & i4-7 Platform (68/80.7 kWh),SolaX X3 Hybrid G4,in_catalog,yes,protocol_verified,,"BMW iX / i4 pack (Gen5 eDrive, part numbers vary by market)",2021+ Gen5 eDrive,,15.0.14,HW3.1,dalathegreat/Battery-Emulator BMW iX/i4-i7,
BMW iX & i4-7 Platform (68/80.7 kWh),SolaX X3-Ultra Hybrid,in_catalog,yes,protocol_verified,,"BMW iX / i4 pack (Gen5 eDrive, part numbers vary by market)",2021+ Gen5 eDrive,,15.0.14,HW3.1,dalathegreat/Battery-Emulator BMW iX/i4-i7,
BMW iX & i4-7 Platform (68/80.7 kWh),Solis RHI-3P(5-10)K-HVES-5G / S6-EH1P10K-H-US-APST,in_catalog,yes,protocol_verified,,"BMW iX / i4 pack (Gen5 eDrive, part numbers vary by market)",2021+ Gen5 eDrive,,15.0.14,HW3.1,dalathegreat/Battery-Emulator BMW iX/i4-i7,
BMW iX & i4-7 Platform (68/80.7 kWh),Solis RHI-3P(5-10)K-HVES-5G / S6-EH3P-(5-10.0K)-H-EU,in_catalog,yes,protocol_verified,,"BMW iX / i4 pack (Gen5 eDrive, part numbers vary by market)",2021+ Gen5 eDrive,,15.0.14,HW3.1,dalathegreat/Battery-Emulator BMW iX/i4-i7,
BMW iX & i4-7 Platform (68/80.7 kWh),Solis S5-EH1P (3-6) K-L (5-6 kW 1P US),in_catalog,yes,protocol_verified,,"BMW iX / i4 pack (Gen5 eDrive, part numbers vary by market)",2021+ Gen5 eDrive,,15.0.14,HW3.1,dalathegreat/Battery-Emulator BMW iX/i4-i7,
BMW iX & i4-7 Platform (68/80.7 kWh),Solis S6-EH3P(8-15)K-H 8-15 kW 3P (5-6 kW 1P US),in_catalog,yes,protocol_verified,,"BMW iX / i4 pack (Gen5 eDrive, part numbers vary by market)",2021+ Gen5 eDrive,,15.0.14,HW3.1,dalathegreat/Battery-Emulator BMW iX/i4-i7,
BMW iX & i4-7 Platform (68/80.7 kWh),Solxpow Solxpow X3 12-20kW,in_catalog,yes,protocol_verified,,"BMW iX / i4 pack (Gen5 eDrive, part numbers vary by market)",2021+ Gen5 eDrive,,15.0.14,HW3.1,dalathegreat/Battery-Emulator BMW iX/i4-i7,
BMW iX & i4-7 Platform (68/80.7 kWh),Sungrow SH15T/SH20T/SH25T,in_catalog,yes,protocol_verified,,"BMW iX / i4 pack (Gen5 eDrive, part numbers vary by market)",2021+ Gen5 eDrive,,15.0.14,HW3.1,dalathegreat/Battery-Emulator BMW iX/i4-i7,
BMW iX & i4-7 Platform (68/80.7 kWh),Sungrow SH3.0/3.6/4.0/5.0/6.0RS,in_catalog,yes,protocol_verified,,"BMW iX / i4 pack (Gen5 eDrive, part numbers vary by market)",2021+ Gen5 eDrive,,15.0.14,HW3.1,dalathegreat/Battery-Emulator BMW iX/i4-i7,
BMW iX & i4-7 Platform (68/80.7 kWh),Sungrow SH5.0/6.0/8.0/10RT,in_catalog,yes,protocol_verified,,"BMW iX / i4 pack (Gen5 eDrive, part numbers vary by market)",2021+ Gen5 eDrive,,15.0.14,HW3.1,dalathegreat/Battery-Emulator BMW iX/i4-i7,
BMW PHEV (330e/530e etc) (12/24 kWh),Afore AF17K-THA 230V,in_catalog,yes,protocol_verified,,"BMW PHEV pack (varies by model, 12 kWh 330e / 24 kWh 530e)",2015+,,15.0.14,HW3.1,BMW technical documentation,
BMW PHEV (330e/530e etc) (12/24 kWh),Deye SUN-(29.9-50)K-SG01HP3-EU-BM3,in_catalog,yes,protocol_verified,,"BMW PHEV pack (varies by model, 12 kWh 330e / 24 kWh 530e)",2015+,,15.0.14,HW3.1,BMW technical documentation,
BMW PHEV (330e/530e etc) (12/24 kWh),Deye SUN-(5-20)K-SG01HP3-EU-AM2,in_catalog,yes,protocol_verified,,"BMW PHEV pack (varies by model, 12 kWh 330e / 24 kWh 530e)",2015+,,15.0.14,HW3.1,BMW technical documentation,
BMW PHEV (330e/530e etc) (12/24 kWh),Felicity T-REX-50KHP3G01,in_catalog,yes,protocol_verified,,"BMW PHEV pack (varies by model, 12 kWh 330e / 24 kWh 530e)",2015+,,15.0.14,HW3.1,BMW technical documentation,
BMW PHEV (330e/530e etc) (12/24 kWh),Ferroamp EnergyHub,in_catalog,yes,protocol_verified,,"BMW PHEV pack (varies by model, 12 kWh 330e / 24 kWh 530e)",2015+,,15.0.14,HW3.1,BMW technical documentation,
BMW PHEV (330e/530e etc) (12/24 kWh),FoxESS H1/AC1,in_catalog,yes,protocol_verified,,"BMW PHEV pack (varies by model, 12 kWh 330e / 24 kWh 530e)",2015+,,15.0.14,HW3.1,BMW technical documentation,
BMW PHEV (330e/530e etc) (12/24 kWh),FoxESS H3 Pro,in_catalog,yes,protocol_verified,,"BMW PHEV pack (varies by model, 12 kWh 330e / 24 kWh 530e)",2015+,,15.0.14,HW3.1,BMW technical documentation,
BMW PHEV (330e/530e etc) (12/24 kWh),FoxESS H3 Smart,in_catalog,yes,protocol_verified,,"BMW PHEV pack (varies by model, 12 kWh 330e / 24 kWh 530e)",2015+,,15.0.14,HW3.1,BMW technical documentation,
BMW PHEV (330e/530e etc) (12/24 kWh),FoxESS H3/AC3,in_catalog,yes,protocol_verified,,"BMW PHEV pack (varies by model, 12 kWh 330e / 24 kWh 530e)",2015+,,15.0.14,HW3.1,BMW technical documentation,
BMW PHEV (330e/530e etc) (12/24 kWh),Fronius Primo Gen24 Plus,in_catalog,yes,protocol_verified,,"BMW PHEV pack (varies by model, 12 kWh 330e / 24 kWh 530e)",2015+,,15.0.14,HW3.1,BMW technical documentation,
BMW PHEV (330e/530e etc) (12/24 kWh),Fronius Symo Gen24 Plus,in_catalog,yes,protocol_verified,,"BMW PHEV pack (varies by model, 12 kWh 330e / 24 kWh 530e)",2015+,,15.0.14,HW3.1,BMW technical documentation,
BMW PHEV (330e/530e etc) (12/24 kWh),Fronius Symo Hybrid 3.0/4.0/5.0-3-S,in_catalog,yes,protocol_verified,,"BMW PHEV pack (varies by model, 12 kWh 330e / 24 kWh 530e)",2015+,,15.0.14,HW3.1,BMW technical documentation,
BMW PHEV (330e/530e etc) (12/24 kWh),Fronius Verto Plus 15-33kW,in_catalog,yes,protocol_verified,,"BMW PHEV pack (varies by model, 12 kWh 330e / 24 kWh 530e)",2015+,,15.0.14,HW3.1,BMW technical documentation,
BMW PHEV (330e/530e etc) (12/24 kWh),GoodWe A-ES hybrid inverter (America Split Phase),in_catalog,yes,protocol_verified,,"BMW PHEV pack (varies by model, 12 kWh 330e / 24 kWh 530e)",2015+,,15.0.14,HW3.1,BMW technical documentation,
BMW PHEV (330e/530e etc) (12/24 kWh),GoodWe BH AC battery inverter,in_catalog,yes,protocol_verified,,"BMW PHEV pack (varies by model, 12 kWh 330e / 24 kWh 530e)",2015+,,15.0.14,HW3.1,BMW technical documentation,
BMW PHEV (330e/530e etc) (12/24 kWh),GoodWe BT AC battery inverter,in_catalog,yes,protocol_verified,,"BMW PHEV pack (varies by model, 12 kWh 330e / 24 kWh 530e)",2015+,,15.0.14,HW3.1,BMW technical documentation,
BMW PHEV (330e/530e etc) (12/24 kWh),GoodWe EH hybrid solar,in_catalog,yes,protocol_verified,,"BMW PHEV pack (varies by model, 12 kWh 330e / 24 kWh 530e)",2015+,,15.0.14,HW3.1,BMW technical documentation,
BMW PHEV (330e/530e etc) (12/24 kWh),GoodWe EHB high voltage battery,in_catalog,yes,protocol_verified,,"BMW PHEV pack (varies by model, 12 kWh 330e / 24 kWh 530e)",2015+,,15.0.14,HW3.1,BMW technical documentation,
BMW PHEV (330e/530e etc) (12/24 kWh),GoodWe EHB hybrid inverter (South Africa only),in_catalog,yes,protocol_verified,,"BMW PHEV pack (varies by model, 12 kWh 330e / 24 kWh 530e)",2015+,,15.0.14,HW3.1,BMW technical documentation,
BMW PHEV (330e/530e etc) (12/24 kWh),GoodWe ES hybrid solar,in_catalog,yes,protocol_verified,,"BMW PHEV pack (varies by model, 12 kWh 330e / 24 kWh 530e)",2015+,,15.0.14,HW3.1,BMW technical documentation,
BMW PHEV (330e/530e etc) (12/24 kWh),GoodWe ET hybrid solar,in_catalog,yes,protocol_verified,,"BMW PHEV pack (varies by model, 12 kWh 330e / 24 kWh 530e)",2015+,,15.0.14,HW3.1,BMW technical documentation,
BMW PHEV (330e/530e etc) (12/24 kWh),GoodWe SBP battery inverter,in_catalog,yes,protocol_verified,,"BMW PHEV pack (varies by model, 12 kWh 330e / 24 kWh 530e)",2015+,,15.0.14,HW3.1,BMW technical documentation,
BMW PHEV (330e/530e etc) (12/24 kWh),Growatt HV Growatt SPH,in_catalog,yes,protocol_verified,,"BMW PHEV pack (varies by model, 12 kWh 330e / 24 kWh 530e)",2015+,,15.0.14,HW3.1,BMW technical documentation,
BMW PHEV (330e/530e etc) (12/24 kWh),Growatt HV Growatt SPH (TL3-BH-UP) (5-10kW 3P),in_catalog,yes,protocol_verified,,"BMW PHEV pack (varies by model, 12 kWh 330e / 24 kWh 530e)",2015+,,15.0.14,HW3.1,BMW technical documentation,
BMW PHEV (330e/530e etc) (12/24 kWh),Growatt LV Growatt SPH (4.6-10) (TL3-BH) (5-10kW 3P),in_catalog,yes,protocol_verified,,"BMW PHEV pack (varies by model, 12 kWh 330e / 24 kWh 530e)",2015+,,15.0.14,HW3.1,BMW technical documentation,
BMW PHEV (330e/530e etc) (12/24 kWh),Growatt WIT 50-100K-HU,in_catalog,yes,protocol_verified,,"BMW PHEV pack (varies by model, 12 kWh 330e / 24 kWh 530e)",2015+,,15.0.14,HW3.1,BMW technical documentation,
BMW PHEV (330e/530e etc) (12/24 kWh),Growatt WIT 50-100K-HU (TL3-BH-UP) (5-10kW 3P),in_catalog,yes,protocol_verified,,"BMW PHEV pack (varies by model, 12 kWh 330e / 24 kWh 530e)",2015+,,15.0.14,HW3.1,BMW technical documentation,
BMW PHEV (330e/530e etc) (12/24 kWh),Hoymiles HYT/HAT-HV,in_catalog,yes,protocol_verified,,"BMW PHEV pack (varies by model, 12 kWh 330e / 24 kWh 530e)",2015+,,15.0.14,HW3.1,BMW technical documentation,
BMW PHEV (330e/530e etc) (12/24 kWh),Huawei SUN2000-(2-6)KTL-L1 (400V),in_catalog,yes,protocol_verified,,"BMW PHEV pack (varies by model, 12 kWh 330e / 24 kWh 530e)",2015+,,15.0.14,HW3.1,BMW technical documentation,
BMW PHEV (330e/530e etc) (12/24 kWh),Huawei SUN2000-(3-20)K-MB0 (400V),in_catalog,yes,protocol_verified,,"BMW PHEV pack (varies by model, 12 kWh 330e / 24 kWh 530e)",2015+,,15.0.14,HW3.1,BMW technical documentation,
BMW PHEV (330e/530e etc) (12/24 kWh),Kostal Plenticore Plus (3.0-10),in_catalog,yes,protocol_verified,,"BMW PHEV pack (varies by model, 12 kWh 330e / 24 kWh 530e)",2015+,,15.0.14,HW3.1,BMW technical documentation,
BMW PHEV (330e/530e etc) (12/24 kWh),Maple Leaf Northern Fox H1-H3-AC1-KH,in_catalog,yes,protocol_verified,,"BMW PHEV pack (varies by model, 12 kWh 330e / 24 kWh 530e)",2015+,,15.0.14,HW3.1,BMW technical documentation,
BMW PHEV (330e/530e etc) (12/24 kWh),SAJ H2 Hybrid (3-12)K-S2,in_catalog,yes,protocol_verified,,"BMW PHEV pack (varies by model, 12 kWh 330e / 24 kWh 530e)",2015+,,15.0.14,HW3.1,BMW technical documentation,
BMW PHEV (330e/530e etc) (12/24 kWh),SMA Sunny Boy Smart Energy 3.6 / 4.0 / 5.0 / 6.0-50 Hybrid Inverter,in_catalog,yes,protocol_verified,,"BMW PHEV pack (varies by model, 12 kWh 330e / 24 kWh 530e)",2015+,,15.0.14,HW3.1,BMW technical documentation,
BMW PHEV (330e/530e etc) (12/24 kWh),SMA Sunny Boy Smart Energy 3.6-6.0,in_catalog,yes,protocol_verified,,"BMW PHEV pack (varies by model, 12 kWh 330e / 24 kWh 530e)",2015+,,15.0.14,HW3.1,BMW technical documentation,
BMW PHEV (330e/530e etc) (12/24 kWh),SMA Sunny Boy Storage 2.5,in_catalog,yes,protocol_verified,,"BMW PHEV pack (varies by model, 12 kWh 330e / 24 kWh 530e)",2015+,,15.0.14,HW3.1,BMW technical documentation,
BMW PHEV (330e/530e etc) (12/24 kWh),SMA Sunny Boy Storage 2.5 / 3.7 / 5.0 / 6.0,in_catalog,yes,protocol_verified,,"BMW PHEV pack (varies by model, 12 kWh 330e / 24 kWh 530e)",2015+,,15.0.14,HW3.1,BMW technical documentation,
BMW PHEV (330e/530e etc) (12/24 kWh),SMA Sunny Tripower Smart 5.0-10.0 SE,in_catalog,yes,protocol_verified,,"BMW PHEV pack (varies by model, 12 kWh 330e / 24 kWh 530e)",2015+,,15.0.14,HW3.1,BMW technical documentation,
BMW PHEV (330e/530e etc) (12/24 kWh),SMA Sunny Tripower X,in_catalog,yes,protocol_verified,,"BMW PHEV pack (varies by model, 12 kWh 330e / 24 kWh 530e)",2015+,,15.0.14,HW3.1,BMW technical documentation,
BMW PHEV (330e/530e etc) (12/24 kWh),Sofar 5K...20KTL-3PH,in_catalog,yes,protocol_verified,,"BMW PHEV pack (varies by model, 12 kWh 330e / 24 kWh 530e)",2015+,,15.0.14,HW3.1,BMW technical documentation,
BMW PHEV (330e/530e etc) (12/24 kWh),Sofar HYD (3-20)KTL-3PH,in_catalog,yes,protocol_verified,,"BMW PHEV pack (varies by model, 12 kWh 330e / 24 kWh 530e)",2015+,,15.0.14,HW3.1,BMW technical documentation,
BMW PHEV (330e/530e etc) (12/24 kWh),SolaX X1 Hybrid,in_catalog,yes,protocol_verified,,"BMW PHEV pack (varies by model, 12 kWh 330e / 24 kWh 530e)",2015+,,15.0.14,HW3.1,BMW technical documentation,
BMW PHEV (330e/530e etc) (12/24 kWh),SolaX X1 Hybrid G4,in_catalog,yes,protocol_verified,,"BMW PHEV pack (varies by model, 12 kWh 330e / 24 kWh 530e)",2015+,,15.0.14,HW3.1,BMW technical documentation,
BMW PHEV (330e/530e etc) (12/24 kWh),SolaX X3 Hybrid,in_catalog,yes,protocol_verified,,"BMW PHEV pack (varies by model, 12 kWh 330e / 24 kWh 530e)",2015+,,15.0.14,HW3.1,BMW technical documentation,
BMW PHEV (330e/530e etc) (12/24 kWh),SolaX X3 Hybrid G4,in_catalog,yes,protocol_verified,,"BMW PHEV pack (varies by model, 12 kWh 330e / 24 kWh 530e)",2015+,,15.0.14,HW3.1,BMW technical documentation,
BMW PHEV (330e/530e etc) (12/24 kWh),SolaX X3-Ultra Hybrid,in_catalog,yes,protocol_verified,,"BMW PHEV pack (varies by model, 12 kWh 330e / 24 kWh 530e)",2015+,,15.0.14,HW3.1,BMW technical documentation,
BMW PHEV (330e/530e etc) (12/24 kWh),Solis RHI-3P(5-10)K-HVES-5G / S6-EH1P10K-H-US-APST,in_catalog,yes,protocol_verified,,"BMW PHEV pack (varies by model, 12 kWh 330e / 24 kWh 530e)",2015+,,15.0.14,HW3.1,BMW technical documentation,
BMW PHEV (330e/530e etc) (12/24 kWh),Solis RHI-3P(5-10)K-HVES-5G / S6-EH3P-(5-10.0K)-H-EU,in_catalog,yes,protocol_verified,,"BMW PHEV pack (varies by model, 12 kWh 330e / 24 kWh 530e)",2015+,,15.0.14,HW3.1,BMW technical documentation,
BMW PHEV (330e/530e etc) (12/24 kWh),Solis S5-EH1P (3-6) K-L (5-6 kW 1P US),in_catalog,yes,protocol_verified,,"BMW PHEV pack (varies by model, 12 kWh 330e / 24 kWh 530e)",2015+,,15.0.14,HW3.1,BMW technical documentation,
BMW PHEV (330e/530e etc) (12/24 kWh),Solis S6-EH3P(8-15)K-H 8-15 kW 3P (5-6 kW 1P US),in_catalog,yes,protocol_verified,,"BMW PHEV pack (varies by model, 12 kWh 330e / 24 kWh 530e)",2015+,,15.0.14,HW3.1,BMW technical documentation,
BMW PHEV (330e/530e etc) (12/24 kWh),Solxpow Solxpow X3 12-20kW,in_catalog,yes,protocol_verified,,"BMW PHEV pack (varies by model, 12 kWh 330e / 24 kWh 530e)",2015+,,15.0.14,HW3.1,BMW technical documentation,
BMW PHEV (330e/530e etc) (12/24 kWh),Sungrow SH15T/SH20T/SH25T,in_catalog,yes,protocol_verified,,"BMW PHEV pack (varies by model, 12 kWh 330e / 24 kWh 530e)",2015+,,15.0.14,HW3.1,BMW technical documentation,
BMW PHEV (330e/530e etc) (12/24 kWh),Sungrow SH3.0/3.6/4.0/5.0/6.0RS,in_catalog,yes,protocol_verified,,"BMW PHEV pack (varies by model, 12 kWh 330e / 24 kWh 530e)",2015+,,15.0.14,HW3.1,BMW technical documentation,
BMW PHEV (330e/530e etc) (12/24 kWh),Sungrow SH5.0/6.0/8.0/10RT,in_catalog,yes,protocol_verified,,"BMW PHEV pack (varies by model, 12 kWh 330e / 24 kWh 530e)",2015+,,15.0.14,HW3.1,BMW technical documentation,
BYD Atto 3 / Yuan Plus (50/60 kWh),Afore AF17K-THA 230V,in_catalog,yes,protocol_verified,,BYD Blade LFP pack (50 kWh 105s / 60 kWh 126s),2022+,,15.0.14,HW3.1,BYD technical documentation + dalathegreat Battery-Emulator BYD wiki,
BYD Atto 3 / Yuan Plus (50/60 kWh),Deye SUN-(29.9-50)K-SG01HP3-EU-BM3,in_catalog,yes,protocol_verified,,BYD Blade LFP pack (50 kWh 105s / 60 kWh 126s),2022+,,15.0.14,HW3.1,BYD technical documentation + dalathegreat Battery-Emulator BYD wiki,
BYD Atto 3 / Yuan Plus (50/60 kWh),Deye SUN-(5-20)K-SG01HP3-EU-AM2,in_catalog,yes,protocol_verified,,BYD Blade LFP pack (50 kWh 105s / 60 kWh 126s),2022+,,15.0.14,HW3.1,BYD technical documentation + dalathegreat Battery-Emulator BYD wiki,
BYD Atto 3 / Yuan Plus (50/60 kWh),Felicity T-REX-50KHP3G01,in_catalog,yes,protocol_verified,,BYD Blade LFP pack (50 kWh 105s / 60 kWh 126s),2022+,,15.0.14,HW3.1,BYD technical documentation + dalathegreat Battery-Emulator BYD wiki,
BYD Atto 3 / Yuan Plus (50/60 kWh),Ferroamp EnergyHub,in_catalog,yes,protocol_verified,,BYD Blade LFP pack (50 kWh 105s / 60 kWh 126s),2022+,,15.0.14,HW3.1,BYD technical documentation + dalathegreat Battery-Emulator BYD wiki,
BYD Atto 3 / Yuan Plus (50/60 kWh),FoxESS H1/AC1,in_catalog,yes,protocol_verified,,BYD Blade LFP pack (50 kWh 105s / 60 kWh 126s),2022+,,15.0.14,HW3.1,BYD technical documentation + dalathegreat Battery-Emulator BYD wiki,
BYD Atto 3 / Yuan Plus (50/60 kWh),FoxESS H3 Pro,in_catalog,yes,protocol_verified,,BYD Blade LFP pack (50 kWh 105s / 60 kWh 126s),2022+,,15.0.14,HW3.1,BYD technical documentation + dalathegreat Battery-Emulator BYD wiki,
BYD Atto 3 / Yuan Plus (50/60 kWh),FoxESS H3 Smart,in_catalog,yes,protocol_verified,,BYD Blade LFP pack (50 kWh 105s / 60 kWh 126s),2022+,,15.0.14,HW3.1,BYD technical documentation + dalathegreat Battery-Emulator BYD wiki,
BYD Atto 3 / Yuan Plus (50/60 kWh),FoxESS H3/AC3,in_catalog,yes,protocol_verified,,BYD Blade LFP pack (50 kWh 105s / 60 kWh 126s),2022+,,15.0.14,HW3.1,BYD technical documentation + dalathegreat Battery-Emulator BYD wiki,
BYD Atto 3 / Yuan Plus (50/60 kWh),Fronius Primo Gen24 Plus,in_catalog,yes,protocol_verified,,BYD Blade LFP pack (50 kWh 105s / 60 kWh 126s),2022+,,15.0.14,HW3.1,BYD technical documentation + dalathegreat Battery-Emulator BYD wiki,
BYD Atto 3 / Yuan Plus (50/60 kWh),Fronius Symo Gen24 Plus,in_catalog,yes,protocol_verified,,BYD Blade LFP pack (50 kWh 105s / 60 kWh 126s),2022+,,15.0.14,HW3.1,BYD technical documentation + dalathegreat Battery-Emulator BYD wiki,
BYD Atto 3 / Yuan Plus (50/60 kWh),Fronius Symo Hybrid 3.0/4.0/5.0-3-S,in_catalog,yes,protocol_verified,,BYD Blade LFP pack (50 kWh 105s / 60 kWh 126s),2022+,,15.0.14,HW3.1,BYD technical documentation + dalathegreat Battery-Emulator BYD wiki,
BYD Atto 3 / Yuan Plus (50/60 kWh),Fronius Verto Plus 15-33kW,in_catalog,yes,protocol_verified,,BYD Blade LFP pack (50 kWh 105s / 60 kWh 126s),2022+,,15.0.14,HW3.1,BYD technical documentation + dalathegreat Battery-Emulator BYD wiki,
BYD Atto 3 / Yuan Plus (50/60 kWh),GoodWe A-ES hybrid inverter (America Split Phase),in_catalog,yes,protocol_verified,,BYD Blade LFP pack (50 kWh 105s / 60 kWh 126s),2022+,,15.0.14,HW3.1,BYD technical documentation + dalathegreat Battery-Emulator BYD wiki,
BYD Atto 3 / Yuan Plus (50/60 kWh),GoodWe BH AC battery inverter,in_catalog,yes,protocol_verified,,BYD Blade LFP pack (50 kWh 105s / 60 kWh 126s),2022+,,15.0.14,HW3.1,BYD technical documentation + dalathegreat Battery-Emulator BYD wiki,
BYD Atto 3 / Yuan Plus (50/60 kWh),GoodWe BT AC battery inverter,in_catalog,yes,protocol_verified,,BYD Blade LFP pack (50 kWh 105s / 60 kWh 126s),2022+,,15.0.14,HW3.1,BYD technical documentation + dalathegreat Battery-Emulator BYD wiki,
BYD Atto 3 / Yuan Plus (50/60 kWh),GoodWe EH hybrid solar,in_catalog,yes,protocol_verified,,BYD Blade LFP pack (50 kWh 105s / 60 kWh 126s),2022+,,15.0.14,HW3.1,BYD technical documentation + dalathegreat Battery-Emulator BYD wiki,
BYD Atto 3 / Yuan Plus (50/60 kWh),GoodWe EHB high voltage battery,in_catalog,yes,protocol_verified,,BYD Blade LFP pack (50 kWh 105s / 60 kWh 126s),2022+,,15.0.14,HW3.1,BYD technical documentation + dalathegreat Battery-Emulator BYD wiki,
BYD Atto 3 / Yuan Plus (50/60 kWh),GoodWe EHB hybrid inverter (South Africa only),in_catalog,yes,protocol_verified,,BYD Blade LFP pack (50 kWh 105s / 60 kWh 126s),2022+,,15.0.14,HW3.1,BYD technical documentation + dalathegreat Battery-Emulator BYD wiki,
BYD Atto 3 / Yuan Plus (50/60 kWh),GoodWe ES hybrid solar,in_catalog,yes,protocol_verified,,BYD Blade LFP pack (50 kWh 105s / 60 kWh 126s),2022+,,15.0.14,HW3.1,BYD technical documentation + dalathegreat Battery-Emulator BYD wiki,
BYD Atto 3 / Yuan Plus (50/60 kWh),GoodWe ET hybrid solar,in_catalog,yes,protocol_verified,,BYD Blade LFP pack (50 kWh 105s / 60 kWh 126s),2022+,,15.0.14,HW3.1,BYD technical documentation + dalathegreat Battery-Emulator BYD wiki,
BYD Atto 3 / Yuan Plus (50/60 kWh),GoodWe SBP battery inverter,in_catalog,yes,protocol_verified,,BYD Blade LFP pack (50 kWh 105s / 60 kWh 126s),2022+,,15.0.14,HW3.1,BYD technical documentation + dalathegreat Battery-Emulator BYD wiki,
BYD Atto 3 / Yuan Plus (50/60 kWh),Growatt HV Growatt SPH,in_catalog,yes,protocol_verified,,BYD Blade LFP pack (50 kWh 105s / 60 kWh 126s),2022+,,15.0.14,HW3.1,BYD technical documentation + dalathegreat Battery-Emulator BYD wiki,
BYD Atto 3 / Yuan Plus (50/60 kWh),Growatt HV Growatt SPH (TL3-BH-UP) (5-10kW 3P),in_catalog,yes,protocol_verified,,BYD Blade LFP pack (50 kWh 105s / 60 kWh 126s),2022+,,15.0.14,HW3.1,BYD technical documentation + dalathegreat Battery-Emulator BYD wiki,
BYD Atto 3 / Yuan Plus (50/60 kWh),Growatt LV Growatt SPH (4.6-10) (TL3-BH) (5-10kW 3P),in_catalog,yes,protocol_verified,,BYD Blade LFP pack (50 kWh 105s / 60 kWh 126s),2022+,,15.0.14,HW3.1,BYD technical documentation + dalathegreat Battery-Emulator BYD wiki,
BYD Atto 3 / Yuan Plus (50/60 kWh),Growatt WIT 50-100K-HU,in_catalog,yes,protocol_verified,,BYD Blade LFP pack (50 kWh 105s / 60 kWh 126s),2022+,,15.0.14,HW3.1,BYD technical documentation + dalathegreat Battery-Emulator BYD wiki,
BYD Atto 3 / Yuan Plus (50/60 kWh),Growatt WIT 50-100K-HU (TL3-BH-UP) (5-10kW 3P),in_catalog,yes,protocol_verified,,BYD Blade LFP pack (50 kWh 105s / 60 kWh 126s),2022+,,15.0.14,HW3.1,BYD technical documentation + dalathegreat Battery-Emulator BYD wiki,
BYD Atto 3 / Yuan Plus (50/60 kWh),Hoymiles HYT/HAT-HV,in_catalog,yes,protocol_verified,,BYD Blade LFP pack (50 kWh 105s / 60 kWh 126s),2022+,,15.0.14,HW3.1,BYD technical documentation + dalathegreat Battery-Emulator BYD wiki,
BYD Atto 3 / Yuan Plus (50/60 kWh),Huawei SUN2000-(2-6)KTL-L1 (400V),in_catalog,yes,protocol_verified,,BYD Blade LFP pack (50 kWh 105s / 60 kWh 126s),2022+,,15.0.14,HW3.1,BYD technical documentation + dalathegreat Battery-Emulator BYD wiki,
BYD Atto 3 / Yuan Plus (50/60 kWh),Huawei SUN2000-(3-20)K-MB0 (400V),in_catalog,yes,protocol_verified,,BYD Blade LFP pack (50 kWh 105s / 60 kWh 126s),2022+,,15.0.14,HW3.1,BYD technical documentation + dalathegreat Battery-Emulator BYD wiki,
BYD Atto 3 / Yuan Plus (50/60 kWh),Kostal Plenticore Plus (3.0-10),in_catalog,yes,protocol_verified,,BYD Blade LFP pack (50 kWh 105s / 60 kWh 126s),2022+,,15.0.14,HW3.1,BYD technical documentation + dalathegreat Battery-Emulator BYD wiki,
BYD Atto 3 / Yuan Plus (50/60 kWh),Maple Leaf Northern Fox H1-H3-AC1-KH,in_catalog,yes,protocol_verified,,BYD Blade LFP pack (50 kWh 105s / 60 kWh 126s),2022+,,15.0.14,HW3.1,BYD technical documentation + dalathegreat Battery-Emulator BYD wiki,
BYD Atto 3 / Yuan Plus (50/60 kWh),SAJ H2 Hybrid (3-12)K-S2,in_catalog,yes,protocol_verified,,BYD Blade LFP pack (50 kWh 105s / 60 kWh 126s),2022+,,15.0.14,HW3.1,BYD technical documentation + dalathegreat Battery-Emulator BYD wiki,
BYD Atto 3 / Yuan Plus (50/60 kWh),SMA Sunny Boy Smart Energy 3.6 / 4.0 / 5.0 / 6.0-50 Hybrid Inverter,in_catalog,yes,protocol_verified,,BYD Blade LFP pack (50 kWh 105s / 60 kWh 126s),2022+,,15.0.14,HW3.1,BYD technical documentation + dalathegreat Battery-Emulator BYD wiki,
BYD Atto 3 / Yuan Plus (50/60 kWh),SMA Sunny Boy Smart Energy 3.6-6.0,in_catalog,yes,protocol_verified,,BYD Blade LFP pack (50 kWh 105s / 60 kWh 126s),2022+,,15.0.14,HW3.1,BYD technical documentation + dalathegreat Battery-Emulator BYD wiki,
BYD Atto 3 / Yuan Plus (50/60 kWh),SMA Sunny Boy Storage 2.5,in_catalog,yes,protocol_verified,,BYD Blade LFP pack (50 kWh 105s / 60 kWh 126s),2022+,,15.0.14,HW3.1,BYD technical documentation + dalathegreat Battery-Emulator BYD wiki,
BYD Atto 3 / Yuan Plus (50/60 kWh),SMA Sunny Boy Storage 2.5 / 3.7 / 5.0 / 6.0,in_catalog,yes,protocol_verified,,BYD Blade LFP pack (50 kWh 105s / 60 kWh 126s),2022+,,15.0.14,HW3.1,BYD technical documentation + dalathegreat Battery-Emulator BYD wiki,
BYD Atto 3 / Yuan Plus (50/60 kWh),SMA Sunny Tripower Smart 5.0-10.0 SE,in_catalog,yes,protocol_verified,,BYD Blade LFP pack (50 kWh 105s / 60 kWh 126s),2022+,,15.0.14,HW3.1,BYD technical documentation + dalathegreat Battery-Emulator BYD wiki,
BYD Atto 3 / Yuan Plus (50/60 kWh),SMA Sunny Tripower X,in_catalog,yes,protocol_verified,,BYD Blade LFP pack (50 kWh 105s / 60 kWh 126s),2022+,,15.0.14,HW3.1,BYD technical documentation + dalathegreat Battery-Emulator BYD wiki,
BYD Atto 3 / Yuan Plus (50/60 kWh),Sofar 5K...20KTL-3PH,in_catalog,yes,protocol_verified,,BYD Blade LFP pack (50 kWh 105s / 60 kWh 126s),2022+,,15.0.14,HW3.1,BYD technical documentation + dalathegreat Battery-Emulator BYD wiki,
BYD Atto 3 / Yuan Plus (50/60 kWh),Sofar HYD (3-20)KTL-3PH,in_catalog,yes,protocol_verified,,BYD Blade LFP pack (50 kWh 105s / 60 kWh 126s),2022+,,15.0.14,HW3.1,BYD technical documentation + dalathegreat Battery-Emulator BYD wiki,
BYD Atto 3 / Yuan Plus (50/60 kWh),SolaX X1 Hybrid,in_catalog,yes,protocol_verified,,BYD Blade LFP pack (50 kWh 105s / 60 kWh 126s),2022+,,15.0.14,HW3.1,BYD technical documentation + dalathegreat Battery-Emulator BYD wiki,
BYD Atto 3 / Yuan Plus (50/60 kWh),SolaX X1 Hybrid G4,in_catalog,yes,protocol_verified,,BYD Blade LFP pack (50 kWh 105s / 60 kWh 126s),2022+,,15.0.14,HW3.1,BYD technical documentation + dalathegreat Battery-Emulator BYD wiki,
BYD Atto 3 / Yuan Plus (50/60 kWh),SolaX X3 Hybrid,in_catalog,yes,protocol_verified,,BYD Blade LFP pack (50 kWh 105s / 60 kWh 126s),2022+,,15.0.14,HW3.1,BYD technical documentation + dalathegreat Battery-Emulator BYD wiki,
BYD Atto 3 / Yuan Plus (50/60 kWh),SolaX X3 Hybrid G4,in_catalog,yes,protocol_verified,,BYD Blade LFP pack (50 kWh 105s / 60 kWh 126s),2022+,,15.0.14,HW3.1,BYD technical documentation + dalathegreat Battery-Emulator BYD wiki,
BYD Atto 3 / Yuan Plus (50/60 kWh),SolaX X3-Ultra Hybrid,in_catalog,yes,protocol_verified,,BYD Blade LFP pack (50 kWh 105s / 60 kWh 126s),2022+,,15.0.14,HW3.1,BYD technical documentation + dalathegreat Battery-Emulator BYD wiki,
BYD Atto 3 / Yuan Plus (50/60 kWh),Solis RHI-3P(5-10)K-HVES-5G / S6-EH1P10K-H-US-APST,in_catalog,yes,protocol_verified,,BYD Blade LFP pack (50 kWh 105s / 60 kWh 126s),2022+,,15.0.14,HW3.1,BYD technical documentation + dalathegreat Battery-Emulator BYD wiki,
BYD Atto 3 / Yuan Plus (50/60 kWh),Solis RHI-3P(5-10)K-HVES-5G / S6-EH3P-(5-10.0K)-H-EU,in_catalog,yes,protocol_verified,,BYD Blade LFP pack (50 kWh 105s / 60 kWh 126s),2022+,,15.0.14,HW3.1,BYD technical documentation + dalathegreat Battery-Emulator BYD wiki,
BYD Atto 3 / Yuan Plus (50/60 kWh),Solis S5-EH1P (3-6) K-L (5-6 kW 1P US),in_catalog,yes,protocol_verified,,BYD Blade LFP pack (50 kWh 105s / 60 kWh 126s),2022+,,15.0.14,HW3.1,BYD technical documentation + dalathegreat Battery-Emulator BYD wiki,
BYD Atto 3 / Yuan Plus (50/60 kWh),Solis S6-EH3P(8-15)K-H 8-15 kW 3P (5-6 kW 1P US),in_catalog,yes,protocol_verified,,BYD Blade LFP pack (50 kWh 105s / 60 kWh 126s),2022+,,15.0.14,HW3.1,BYD technical documentation + dalathegreat Battery-Emulator BYD wiki,
BYD Atto 3 / Yuan Plus (50/60 kWh),Solxpow Solxpow X3 12-20kW,in_catalog,yes,protocol_verified,,BYD Blade LFP pack (50 kWh 105s / 60 kWh 126s),2022+,,15.0.14,HW3.1,BYD technical documentation + dalathegreat Battery-Emulator BYD wiki,
BYD Atto 3 / Yuan Plus (50/60 kWh),Sungrow SH15T/SH20T/SH25T,in_catalog,yes,protocol_verified,,BYD Blade LFP pack (50 kWh 105s / 60 kWh 126s),2022+,,15.0.14,HW3.1,BYD technical documentation + dalathegreat Battery-Emulator BYD wiki,
BYD Atto 3 / Yuan Plus (50/60 kWh),Sungrow SH3.0/3.6/4.0/5.0/6.0RS,in_catalog,yes,protocol_verified,,BYD Blade LFP pack (50 kWh 105s / 60 kWh 126s),2022+,,15.0.14,HW3.1,BYD technical documentation + dalathegreat Battery-Emulator BYD wiki,
BYD Atto 3 / Yuan Plus (50/60 kWh),Sungrow SH5.0/6.0/8.0/10RT,in_catalog,yes,protocol_verified,,BYD Blade LFP pack (50 kWh 105s / 60 kWh 126s),2022+,,15.0.14,HW3.1,BYD technical documentation + dalathegreat Battery-Emulator BYD wiki,
BYD Dolphin mini / BYD E3 (38 kWh),Afore AF17K-THA 230V,in_catalog,yes,in_catalog,,,,,15.0.14,HW3.1,BMS-EV firmware supports this pair based on protocol translation,
BYD Dolphin mini / BYD E3 (38 kWh),Deye SUN-(29.9-50)K-SG01HP3-EU-BM3,in_catalog,yes,in_catalog,,,,,15.0.14,HW3.1,BMS-EV firmware supports this pair based on protocol translation,
BYD Dolphin mini / BYD E3 (38 kWh),Deye SUN-(5-20)K-SG01HP3-EU-AM2,in_catalog,yes,in_catalog,,,,,15.0.14,HW3.1,BMS-EV firmware supports this pair based on protocol translation,
BYD Dolphin mini / BYD E3 (38 kWh),Felicity T-REX-50KHP3G01,in_catalog,yes,in_catalog,,,,,15.0.14,HW3.1,BMS-EV firmware supports this pair based on protocol translation,
BYD Dolphin mini / BYD E3 (38 kWh),Ferroamp EnergyHub,in_catalog,yes,in_catalog,,,,,15.0.14,HW3.1,BMS-EV firmware supports this pair based on protocol translation,
BYD Dolphin mini / BYD E3 (38 kWh),FoxESS H1/AC1,in_catalog,yes,in_catalog,,,,,15.0.14,HW3.1,BMS-EV firmware supports this pair based on protocol translation,
BYD Dolphin mini / BYD E3 (38 kWh),FoxESS H3 Pro,in_catalog,yes,in_catalog,,,,,15.0.14,HW3.1,BMS-EV firmware supports this pair based on protocol translation,
BYD Dolphin mini / BYD E3 (38 kWh),FoxESS H3 Smart,in_catalog,yes,in_catalog,,,,,15.0.14,HW3.1,BMS-EV firmware supports this pair based on protocol translation,
BYD Dolphin mini / BYD E3 (38 kWh),FoxESS H3/AC3,in_catalog,yes,in_catalog,,,,,15.0.14,HW3.1,BMS-EV firmware supports this pair based on protocol translation,
BYD Dolphin mini / BYD E3 (38 kWh),Fronius Primo Gen24 Plus,in_catalog,yes,in_catalog,,,,,15.0.14,HW3.1,BMS-EV firmware supports this pair based on protocol translation,
BYD Dolphin mini / BYD E3 (38 kWh),Fronius Symo Gen24 Plus,in_catalog,yes,in_catalog,,,,,15.0.14,HW3.1,BMS-EV firmware supports this pair based on protocol translation,
BYD Dolphin mini / BYD E3 (38 kWh),Fronius Symo Hybrid 3.0/4.0/5.0-3-S,in_catalog,yes,in_catalog,,,,,15.0.14,HW3.1,BMS-EV firmware supports this pair based on protocol translation,
BYD Dolphin mini / BYD E3 (38 kWh),Fronius Verto Plus 15-33kW,in_catalog,yes,in_catalog,,,,,15.0.14,HW3.1,BMS-EV firmware supports this pair based on protocol translation,
BYD Dolphin mini / BYD E3 (38 kWh),GoodWe A-ES hybrid inverter (America Split Phase),in_catalog,yes,in_catalog,,,,,15.0.14,HW3.1,BMS-EV firmware supports this pair based on protocol translation,
BYD Dolphin mini / BYD E3 (38 kWh),GoodWe BH AC battery inverter,in_catalog,yes,in_catalog,,,,,15.0.14,HW3.1,BMS-EV firmware supports this pair based on protocol translation,
BYD Dolphin mini / BYD E3 (38 kWh),GoodWe BT AC battery inverter,in_catalog,yes,in_catalog,,,,,15.0.14,HW3.1,BMS-EV firmware supports this pair based on protocol translation,
BYD Dolphin mini / BYD E3 (38 kWh),GoodWe EH hybrid solar,in_catalog,yes,in_catalog,,,,,15.0.14,HW3.1,BMS-EV firmware supports this pair based on protocol translation,
BYD Dolphin mini / BYD E3 (38 kWh),GoodWe EHB high voltage battery,in_catalog,yes,in_catalog,,,,,15.0.14,HW3.1,BMS-EV firmware supports this pair based on protocol translation,
BYD Dolphin mini / BYD E3 (38 kWh),GoodWe EHB hybrid inverter (South Africa only),in_catalog,yes,in_catalog,,,,,15.0.14,HW3.1,BMS-EV firmware supports this pair based on protocol translation,
BYD Dolphin mini / BYD E3 (38 kWh),GoodWe ES hybrid solar,in_catalog,yes,in_catalog,,,,,15.0.14,HW3.1,BMS-EV firmware supports this pair based on protocol translation,
BYD Dolphin mini / BYD E3 (38 kWh),GoodWe ET hybrid solar,in_catalog,yes,in_catalog,,,,,15.0.14,HW3.1,BMS-EV firmware supports this pair based on protocol translation,
BYD Dolphin mini / BYD E3 (38 kWh),GoodWe SBP battery inverter,in_catalog,yes,in_catalog,,,,,15.0.14,HW3.1,BMS-EV firmware supports this pair based on protocol translation,
BYD Dolphin mini / BYD E3 (38 kWh),Growatt HV Growatt SPH,in_catalog,yes,in_catalog,,,,,15.0.14,HW3.1,BMS-EV firmware supports this pair based on protocol translation,
BYD Dolphin mini / BYD E3 (38 kWh),Growatt HV Growatt SPH (TL3-BH-UP) (5-10kW 3P),in_catalog,yes,in_catalog,,,,,15.0.14,HW3.1,BMS-EV firmware supports this pair based on protocol translation,
BYD Dolphin mini / BYD E3 (38 kWh),Growatt LV Growatt SPH (4.6-10) (TL3-BH) (5-10kW 3P),in_catalog,yes,in_catalog,,,,,15.0.14,HW3.1,BMS-EV firmware supports this pair based on protocol translation,
BYD Dolphin mini / BYD E3 (38 kWh),Growatt WIT 50-100K-HU,in_catalog,yes,in_catalog,,,,,15.0.14,HW3.1,BMS-EV firmware supports this pair based on protocol translation,
BYD Dolphin mini / BYD E3 (38 kWh),Growatt WIT 50-100K-HU (TL3-BH-UP) (5-10kW 3P),in_catalog,yes,in_catalog,,,,,15.0.14,HW3.1,BMS-EV firmware supports this pair based on protocol translation,
BYD Dolphin mini / BYD E3 (38 kWh),Hoymiles HYT/HAT-HV,in_catalog,yes,in_catalog,,,,,15.0.14,HW3.1,BMS-EV firmware supports this pair based on protocol translation,
BYD Dolphin mini / BYD E3 (38 kWh),Huawei SUN2000-(2-6)KTL-L1 (400V),in_catalog,yes,in_catalog,,,,,15.0.14,HW3.1,BMS-EV firmware supports this pair based on protocol translation,
BYD Dolphin mini / BYD E3 (38 kWh),Huawei SUN2000-(3-20)K-MB0 (400V),in_catalog,yes,in_catalog,,,,,15.0.14,HW3.1,BMS-EV firmware supports this pair based on protocol translation,
BYD Dolphin mini / BYD E3 (38 kWh),Kostal Plenticore Plus (3.0-10),in_catalog,yes,in_catalog,,,,,15.0.14,HW3.1,BMS-EV firmware supports this pair based on protocol translation,
BYD Dolphin mini / BYD E3 (38 kWh),Maple Leaf Northern Fox H1-H3-AC1-KH,in_catalog,yes,in_catalog,,,,,15.0.14,HW3.1,BMS-EV firmware supports this pair based on protocol translation,
BYD Dolphin mini / BYD E3 (38 kWh),SAJ H2 Hybrid (3-12)K-S2,in_catalog,yes,in_catalog,,,,,15.0.14,HW3.1,BMS-EV firmware supports this pair based on protocol translation,
BYD Dolphin mini / BYD E3 (38 kWh),SMA Sunny Boy Smart Energy 3.6 / 4.0 / 5.0 / 6.0-50 Hybrid Inverter,in_catalog,yes,in_catalog,,,,,15.0.14,HW3.1,BMS-EV firmware supports this pair based on protocol translation,
BYD Dolphin mini / BYD E3 (38 kWh),SMA Sunny Boy Smart Energy 3.6-6.0,in_catalog,yes,in_catalog,,,,,15.0.14,HW3.1,BMS-EV firmware supports this pair based on protocol translation,
BYD Dolphin mini / BYD E3 (38 kWh),SMA Sunny Boy Storage 2.5,in_catalog,yes,in_catalog,,,,,15.0.14,HW3.1,BMS-EV firmware supports this pair based on protocol translation,
BYD Dolphin mini / BYD E3 (38 kWh),SMA Sunny Boy Storage 2.5 / 3.7 / 5.0 / 6.0,in_catalog,yes,in_catalog,,,,,15.0.14,HW3.1,BMS-EV firmware supports this pair based on protocol translation,
BYD Dolphin mini / BYD E3 (38 kWh),SMA Sunny Tripower Smart 5.0-10.0 SE,in_catalog,yes,in_catalog,,,,,15.0.14,HW3.1,BMS-EV firmware supports this pair based on protocol translation,
BYD Dolphin mini / BYD E3 (38 kWh),SMA Sunny Tripower X,in_catalog,yes,in_catalog,,,,,15.0.14,HW3.1,BMS-EV firmware supports this pair based on protocol translation,
BYD Dolphin mini / BYD E3 (38 kWh),Sofar 5K...20KTL-3PH,in_catalog,yes,in_catalog,,,,,15.0.14,HW3.1,BMS-EV firmware supports this pair based on protocol translation,
BYD Dolphin mini / BYD E3 (38 kWh),Sofar HYD (3-20)KTL-3PH,in_catalog,yes,in_catalog,,,,,15.0.14,HW3.1,BMS-EV firmware supports this pair based on protocol translation,
BYD Dolphin mini / BYD E3 (38 kWh),SolaX X1 Hybrid,in_catalog,yes,in_catalog,,,,,15.0.14,HW3.1,BMS-EV firmware supports this pair based on protocol translation,
BYD Dolphin mini / BYD E3 (38 kWh),SolaX X1 Hybrid G4,in_catalog,yes,in_catalog,,,,,15.0.14,HW3.1,BMS-EV firmware supports this pair based on protocol translation,
BYD Dolphin mini / BYD E3 (38 kWh),SolaX X3 Hybrid,in_catalog,yes,in_catalog,,,,,15.0.14,HW3.1,BMS-EV firmware supports this pair based on protocol translation,
BYD Dolphin mini / BYD E3 (38 kWh),SolaX X3 Hybrid G4,in_catalog,yes,in_catalog,,,,,15.0.14,HW3.1,BMS-EV firmware supports this pair based on protocol translation,
BYD Dolphin mini / BYD E3 (38 kWh),SolaX X3-Ultra Hybrid,in_catalog,yes,in_catalog,,,,,15.0.14,HW3.1,BMS-EV firmware supports this pair based on protocol translation,
BYD Dolphin mini / BYD E3 (38 kWh),SolaX X3-Ultra Hybrid G4,in_catalog,yes,in_catalog,,,,,15.0.14,HW3.1,BMS-EV firmware supports this pair based on protocol translation,
BYD Dolphin mini / BYD E3 (38 kWh),Solis RHI-3P(5-10)K-HVES-5G / S6-EH1P10K-H-US-APST,in_catalog,yes,in_catalog,,,,,15.0.14,HW3.1,BMS-EV firmware supports this pair based on protocol translation,
BYD Dolphin mini / BYD E3 (38 kWh),Solis RHI-3P(5-10)K-HVES-5G / S6-EH3P-(5-10.0K)-H-EU,in_catalog,yes,in_catalog,,,,,15.0.14,HW3.1,BMS-EV firmware supports this pair based on protocol translation,
BYD Dolphin mini / BYD E3 (38 kWh),Solis S5-EH1P (3-6) K-L (5-6 kW 1P US),in_catalog,yes,in_catalog,,,,,15.0.14,HW3.1,BMS-EV firmware supports this pair based on protocol translation,
BYD Dolphin mini / BYD E3 (38 kWh),Solis S6-EH3P(8-15)K-H 8-15 kW 3P (5-6 kW 1P US),in_catalog,yes,in_catalog,,,,,15.0.14,HW3.1,BMS-EV firmware supports this pair based on protocol translation,
BYD Dolphin mini / BYD E3 (38 kWh),Solxpow X3 12-20kW,in_catalog,yes,in_catalog,,,,,15.0.14,HW3.1,BMS-EV firmware supports this pair based on protocol translation,
BYD Dolphin mini / BYD E3 (38 kWh),Sungrow SH15T/SH20T/SH25T,in_catalog,yes,in_catalog,,,,,15.0.14,HW3.1,BMS-EV firmware supports this pair based on protocol translation,
BYD Dolphin mini / BYD E3 (38 kWh),Sungrow SH3.0/3.6/4.0/5.0/6.0RS,in_catalog,yes,in_catalog,,,,,15.0.14,HW3.1,BMS-EV firmware supports this pair based on protocol translation,
BYD Dolphin mini / BYD E3 (38 kWh),Sungrow SH5.0/6.0/8.0/10RT,in_catalog,yes,in_catalog,,,,,15.0.14,HW3.1,BMS-EV firmware supports this pair based on protocol translation,
BYD Seal (60 kWh),Afore AF17K-THA 230V,in_catalog,yes,in_catalog,,,,,15.0.14,HW3.1,BMS-EV firmware supports this pair based on protocol translation,
BYD Seal (60 kWh),Deye SUN-(29.9-50)K-SG01HP3-EU-BM3,in_catalog,yes,in_catalog,,,,,15.0.14,HW3.1,BMS-EV firmware supports this pair based on protocol translation,
BYD Seal (60 kWh),Deye SUN-(5-20)K-SG01HP3-EU-AM2,in_catalog,yes,in_catalog,,,,,15.0.14,HW3.1,BMS-EV firmware supports this pair based on protocol translation,
BYD Seal (60 kWh),Felicity T-REX-50KHP3G01,in_catalog,yes,in_catalog,,,,,15.0.14,HW3.1,BMS-EV firmware supports this pair based on protocol translation,
BYD Seal (60 kWh),Ferroamp EnergyHub,in_catalog,yes,in_catalog,,,,,15.0.14,HW3.1,BMS-EV firmware supports this pair based on protocol translation,
BYD Seal (60 kWh),FoxESS H1/AC1,in_catalog,yes,in_catalog,,,,,15.0.14,HW3.1,BMS-EV firmware supports this pair based on protocol translation,
BYD Seal (60 kWh),FoxESS H3 Pro,in_catalog,yes,in_catalog,,,,,15.0.14,HW3.1,BMS-EV firmware supports this pair based on protocol translation,
BYD Seal (60 kWh),FoxESS H3 Smart,in_catalog,yes,in_catalog,,,,,15.0.14,HW3.1,BMS-EV firmware supports this pair based on protocol translation,
BYD Seal (60 kWh),FoxESS H3/AC3,in_catalog,yes,in_catalog,,,,,15.0.14,HW3.1,BMS-EV firmware supports this pair based on protocol translation,
BYD Seal (60 kWh),Fronius Primo Gen24 Plus,in_catalog,yes,in_catalog,,,,,15.0.14,HW3.1,BMS-EV firmware supports this pair based on protocol translation,
BYD Seal (60 kWh),Fronius Symo Gen24 Plus,in_catalog,yes,in_catalog,,,,,15.0.14,HW3.1,BMS-EV firmware supports this pair based on protocol translation,
BYD Seal (60 kWh),Fronius Symo Hybrid 3.0/4.0/5.0-3-S,in_catalog,yes,in_catalog,,,,,15.0.14,HW3.1,BMS-EV firmware supports this pair based on protocol translation,
BYD Seal (60 kWh),Fronius Verto Plus 15-33kW,in_catalog,yes,in_catalog,,,,,15.0.14,HW3.1,BMS-EV firmware supports this pair based on protocol translation,
BYD Seal (60 kWh),GoodWe A-ES hybrid inverter (America Split Phase),in_catalog,yes,in_catalog,,,,,15.0.14,HW3.1,BMS-EV firmware supports this pair based on protocol translation,
BYD Seal (60 kWh),GoodWe BH AC battery inverter,in_catalog,yes,in_catalog,,,,,15.0.14,HW3.1,BMS-EV firmware supports this pair based on protocol translation,
BYD Seal (60 kWh),GoodWe BT AC battery inverter,in_catalog,yes,in_catalog,,,,,15.0.14,HW3.1,BMS-EV firmware supports this pair based on protocol translation,
BYD Seal (60 kWh),GoodWe EH hybrid solar,in_catalog,yes,in_catalog,,,,,15.0.14,HW3.1,BMS-EV firmware supports this pair based on protocol translation,
BYD Seal (60 kWh),GoodWe EHB high voltage battery,in_catalog,yes,in_catalog,,,,,15.0.14,HW3.1,BMS-EV firmware supports this pair based on protocol translation,
BYD Seal (60 kWh),GoodWe EHB hybrid inverter (South Africa only),in_catalog,yes,in_catalog,,,,,15.0.14,HW3.1,BMS-EV firmware supports this pair based on protocol translation,
BYD Seal (60 kWh),GoodWe ES hybrid solar,in_catalog,yes,in_catalog,,,,,15.0.14,HW3.1,BMS-EV firmware supports this pair based on protocol translation,
BYD Seal (60 kWh),GoodWe ET hybrid solar,in_catalog,yes,in_catalog,,,,,15.0.14,HW3.1,BMS-EV firmware supports this pair based on protocol translation,
BYD Seal (60 kWh),GoodWe SBP battery inverter,in_catalog,yes,in_catalog,,,,,15.0.14,HW3.1,BMS-EV firmware supports this pair based on protocol translation,
BYD Seal (60 kWh),Growatt HV Growatt SPH,in_catalog,yes,in_catalog,,,,,15.0.14,HW3.1,BMS-EV firmware supports this pair based on protocol translation,
BYD Seal (60 kWh),Growatt HV Growatt SPH (TL3-BH-UP) (5-10kW 3P),in_catalog,yes,in_catalog,,,,,15.0.14,HW3.1,BMS-EV firmware supports this pair based on protocol translation,
BYD Seal (60 kWh),Growatt LV Growatt SPH (4.6-10) (TL3-BH) (5-10kW 3P),in_catalog,yes,in_catalog,,,,,15.0.14,HW3.1,BMS-EV firmware supports this pair based on protocol translation,
BYD Seal (60 kWh),Growatt WIT 50-100K-HU,in_catalog,yes,in_catalog,,,,,15.0.14,HW3.1,BMS-EV firmware supports this pair based on protocol translation,
BYD Seal (60 kWh),Growatt WIT 50-100K-HU (TL3-BH-UP) (5-10kW 3P),in_catalog,yes,in_catalog,,,,,15.0.14,HW3.1,BMS-EV firmware supports this pair based on protocol translation,
BYD Seal (60 kWh),Hoymiles HYT/HAT-HV,in_catalog,yes,in_catalog,,,,,15.0.14,HW3.1,BMS-EV firmware supports this pair based on protocol translation,
BYD Seal (60 kWh),Huawei SUN2000-(2-6)KTL-L1 (400V),in_catalog,yes,in_catalog,,,,,15.0.14,HW3.1,BMS-EV firmware supports this pair based on protocol translation,
BYD Seal (60 kWh),Huawei SUN2000-(3-20)K-MB0 (400V),in_catalog,yes,in_catalog,,,,,15.0.14,HW3.1,BMS-EV firmware supports this pair based on protocol translation,
BYD Seal (60 kWh),Kostal Plenticore Plus (3.0-10),in_catalog,yes,in_catalog,,,,,15.0.14,HW3.1,BMS-EV firmware supports this pair based on protocol translation,
BYD Seal (60 kWh),Maple Leaf Northern Fox H1-H3-AC1-KH,in_catalog,yes,in_catalog,,,,,15.0.14,HW3.1,BMS-EV firmware supports this pair based on protocol translation,
BYD Seal (60 kWh),SAJ H2 Hybrid (3-12)K-S2,in_catalog,yes,in_catalog,,,,,15.0.14,HW3.1,BMS-EV firmware supports this pair based on protocol translation,
BYD Seal (60 kWh),SMA Sunny Boy Smart Energy 3.6 / 4.0 / 5.0 / 6.0-50 Hybrid Inverter,in_catalog,yes,in_catalog,,,,,15.0.14,HW3.1,BMS-EV firmware supports this pair based on protocol translation,
BYD Seal (60 kWh),SMA Sunny Boy Smart Energy 3.6-6.0,in_catalog,yes,in_catalog,,,,,15.0.14,HW3.1,BMS-EV firmware supports this pair based on protocol translation,
BYD Seal (60 kWh),SMA Sunny Boy Storage 2.5,in_catalog,yes,in_catalog,,,,,15.0.14,HW3.1,BMS-EV firmware supports this pair based on protocol translation,
BYD Seal (60 kWh),SMA Sunny Boy Storage 2.5 / 3.7 / 5.0 / 6.0,in_catalog,yes,in_catalog,,,,,15.0.14,HW3.1,BMS-EV firmware supports this pair based on protocol translation,
BYD Seal (60 kWh),SMA Sunny Tripower Smart 5.0-10.0 SE,in_catalog,yes,in_catalog,,,,,15.0.14,HW3.1,BMS-EV firmware supports this pair based on protocol translation,
BYD Seal (60 kWh),SMA Sunny Tripower X,in_catalog,yes,in_catalog,,,,,15.0.14,HW3.1,BMS-EV firmware supports this pair based on protocol translation,
BYD Seal (60 kWh),Sofar 5K...20KTL-3PH,in_catalog,yes,in_catalog,,,,,15.0.14,HW3.1,BMS-EV firmware supports this pair based on protocol translation,
BYD Seal (60 kWh),Sofar HYD (3-20)KTL-3PH,in_catalog,yes,in_catalog,,,,,15.0.14,HW3.1,BMS-EV firmware supports this pair based on protocol translation,
BYD Seal (60 kWh),SolaX X1 Hybrid,in_catalog,yes,in_catalog,,,,,15.0.14,HW3.1,BMS-EV firmware supports this pair based on protocol translation,
BYD Seal (60 kWh),SolaX X1 Hybrid G4,in_catalog,yes,in_catalog,,,,,15.0.14,HW3.1,BMS-EV firmware supports this pair based on protocol translation,
BYD Seal (60 kWh),SolaX X3 Hybrid,in_catalog,yes,in_catalog,,,,,15.0.14,HW3.1,BMS-EV firmware supports this pair based on protocol translation,
BYD Seal (60 kWh),SolaX X3 Hybrid G4,in_catalog,yes,in_catalog,,,,,15.0.14,HW3.1,BMS-EV firmware supports this pair based on protocol translation,
BYD Seal (60 kWh),SolaX X3-Ultra Hybrid,in_catalog,yes,in_catalog,,,,,15.0.14,HW3.1,BMS-EV firmware supports this pair based on protocol translation,
BYD Seal (60 kWh),Solis RHI-3P(5-10)K-HVES-5G / S6-EH1P10K-H-US-APST,in_catalog,yes,in_catalog,,,,,15.0.14,HW3.1,BMS-EV firmware supports this pair based on protocol translation,
BYD Seal (60 kWh),Solis RHI-3P(5-10)K-HVES-5G / S6-EH3P-(5-10.0K)-H-EU,in_catalog,yes,in_catalog,,,,,15.0.14,HW3.1,BMS-EV firmware supports this pair based on protocol translation,
BYD Seal (60 kWh),Solis S5-EH1P (3-6) K-L (5-6 kW 1P US),in_catalog,yes,in_catalog,,,,,15.0.14,HW3.1,BMS-EV firmware supports this pair based on protocol translation,
BYD Seal (60 kWh),Solis S6-EH3P(8-15)K-H 8-15 kW 3P (5-6 kW 1P US),in_catalog,yes,in_catalog,,,,,15.0.14,HW3.1,BMS-EV firmware supports this pair based on protocol translation,
BYD Seal (60 kWh),Solxpow Solxpow X3 12-20kW,in_catalog,yes,in_catalog,,,,,15.0.14,HW3.1,BMS-EV firmware supports this pair based on protocol translation,
BYD Seal (60 kWh),Sungrow SH15T/SH20T/SH25T,in_catalog,yes,in_catalog,,,,,15.0.14,HW3.1,BMS-EV firmware supports this pair based on protocol translation,
BYD Seal (60 kWh),Sungrow SH3.0/3.6/4.0/5.0/6.0RS,in_catalog,yes,in_catalog,,,,,15.0.14,HW3.1,BMS-EV firmware supports this pair based on protocol translation,
BYD Seal (60 kWh),Sungrow SH5.0/6.0/8.0/10RT,in_catalog,yes,in_catalog,,,,,15.0.14,HW3.1,BMS-EV firmware supports this pair based on protocol translation,
BYD Seal U (71.80 kWh),Afore AF17K-THA 230V,in_catalog,yes,in_catalog,,,,,15.0.14,HW3.1,BMS-EV firmware supports this pair based on protocol translation,
BYD Seal U (71.80 kWh),Deye SUN-(29.9-50)K-SG01HP3-EU-BM3,in_catalog,yes,in_catalog,,,,,15.0.14,HW3.1,BMS-EV firmware supports this pair based on protocol translation,
BYD Seal U (71.80 kWh),Deye SUN-(5-20)K-SG01HP3-EU-AM2,in_catalog,yes,in_catalog,,,,,15.0.14,HW3.1,BMS-EV firmware supports this pair based on protocol translation,
BYD Seal U (71.80 kWh),Felicity T-REX-50KHP3G01,in_catalog,yes,in_catalog,,,,,15.0.14,HW3.1,BMS-EV firmware supports this pair based on protocol translation,
BYD Seal U (71.80 kWh),Ferroamp EnergyHub,in_catalog,yes,in_catalog,,,,,15.0.14,HW3.1,BMS-EV firmware supports this pair based on protocol translation,
BYD Seal U (71.80 kWh),FoxESS H1/AC1,in_catalog,yes,in_catalog,,,,,15.0.14,HW3.1,BMS-EV firmware supports this pair based on protocol translation,
BYD Seal U (71.80 kWh),FoxESS H3 Pro,in_catalog,yes,in_catalog,,,,,15.0.14,HW3.1,BMS-EV firmware supports this pair based on protocol translation,
BYD Seal U (71.80 kWh),FoxESS H3 Smart,in_catalog,yes,in_catalog,,,,,15.0.14,HW3.1,BMS-EV firmware supports this pair based on protocol translation,
BYD Seal U (71.80 kWh),FoxESS H3/AC3,in_catalog,yes,in_catalog,,,,,15.0.14,HW3.1,BMS-EV firmware supports this pair based on protocol translation,
BYD Seal U (71.80 kWh),Fronius Primo Gen24 Plus,in_catalog,yes,in_catalog,,,,,15.0.14,HW3.1,BMS-EV firmware supports this pair based on protocol translation,
BYD Seal U (71.80 kWh),Fronius Symo Gen24 Plus,in_catalog,yes,in_catalog,,,,,15.0.14,HW3.1,BMS-EV firmware supports this pair based on protocol translation,
BYD Seal U (71.80 kWh),Fronius Symo Hybrid 3.0/4.0/5.0-3-S,in_catalog,yes,in_catalog,,,,,15.0.14,HW3.1,BMS-EV firmware supports this pair based on protocol translation,
BYD Seal U (71.80 kWh),Fronius Verto Plus 15-33kW,in_catalog,yes,in_catalog,,,,,15.0.14,HW3.1,BMS-EV firmware supports this pair based on protocol translation,
BYD Seal U (71.80 kWh),GoodWe A-ES hybrid inverter (America Split Phase),in_catalog,yes,in_catalog,,,,,15.0.14,HW3.1,BMS-EV firmware supports this pair based on protocol translation,
BYD Seal U (71.80 kWh),GoodWe BH AC battery inverter,in_catalog,yes,in_catalog,,,,,15.0.14,HW3.1,BMS-EV firmware supports this pair based on protocol translation,
BYD Seal U (71.80 kWh),GoodWe BT AC battery inverter,in_catalog,yes,in_catalog,,,,,15.0.14,HW3.1,BMS-EV firmware supports this pair based on protocol translation,
BYD Seal U (71.80 kWh),GoodWe EH hybrid solar,in_catalog,yes,in_catalog,,,,,15.0.14,HW3.1,BMS-EV firmware supports this pair based on protocol translation,
BYD Seal U (71.80 kWh),GoodWe EHB high voltage battery,in_catalog,yes,in_catalog,,,,,15.0.14,HW3.1,BMS-EV firmware supports this pair based on protocol translation,
BYD Seal U (71.80 kWh),GoodWe EHB hybrid inverter (South Africa only),in_catalog,yes,in_catalog,,,,,15.0.14,HW3.1,BMS-EV firmware supports this pair based on protocol translation,
BYD Seal U (71.80 kWh),GoodWe ES hybrid solar,in_catalog,yes,in_catalog,,,,,15.0.14,HW3.1,BMS-EV firmware supports this pair based on protocol translation,
BYD Seal U (71.80 kWh),GoodWe ET hybrid solar,in_catalog,yes,in_catalog,,,,,15.0.14,HW3.1,BMS-EV firmware supports this pair based on protocol translation,
BYD Seal U (71.80 kWh),GoodWe SBP battery inverter,in_catalog,yes,in_catalog,,,,,15.0.14,HW3.1,BMS-EV firmware supports this pair based on protocol translation,
BYD Seal U (71.80 kWh),Growatt HV Growatt SPH,in_catalog,yes,in_catalog,,,,,15.0.14,HW3.1,BMS-EV firmware supports this pair based on protocol translation,
BYD Seal U (71.80 kWh),Growatt HV Growatt SPH (TL3-BH-UP) (5-10kW 3P),in_catalog,yes,in_catalog,,,,,15.0.14,HW3.1,BMS-EV firmware supports this pair based on protocol translation,
BYD Seal U (71.80 kWh),Growatt LV Growatt SPH (4.6-10) (TL3-BH) (5-10kW 3P),in_catalog,yes,in_catalog,,,,,15.0.14,HW3.1,BMS-EV firmware supports this pair based on protocol translation,
BYD Seal U (71.80 kWh),Growatt WIT 50-100K-HU,in_catalog,yes,in_catalog,,,,,15.0.14,HW3.1,BMS-EV firmware supports this pair based on protocol translation,
BYD Seal U (71.80 kWh),Growatt WIT 50-100K-HU (TL3-BH-UP) (5-10kW 3P),in_catalog,yes,in_catalog,,,,,15.0.14,HW3.1,BMS-EV firmware supports this pair based on protocol translation,
BYD Seal U (71.80 kWh),Hoymiles HYT/HAT-HV,in_catalog,yes,in_catalog,,,,,15.0.14,HW3.1,BMS-EV firmware supports this pair based on protocol translation,
BYD Seal U (71.80 kWh),Kostal Plenticore Plus (3.0-10),in_catalog,yes,in_catalog,,,,,15.0.14,HW3.1,BMS-EV firmware supports this pair based on protocol translation,
BYD Seal U (71.80 kWh),Maple Leaf Northern Fox H1-H3-AC1-KH,in_catalog,yes,in_catalog,,,,,15.0.14,HW3.1,BMS-EV firmware supports this pair based on protocol translation,
BYD Seal U (71.80 kWh),SAJ H2 Hybrid (3-12)K-S2,in_catalog,yes,in_catalog,,,,,15.0.14,HW3.1,BMS-EV firmware supports this pair based on protocol translation,
BYD Seal U (71.80 kWh),SMA Sunny Boy Smart Energy 3.6 / 4.0 / 5.0 / 6.0-50 Hybrid Inverter,in_catalog,yes,in_catalog,,,,,15.0.14,HW3.1,BMS-EV firmware supports this pair based on protocol translation,
BYD Seal U (71.80 kWh),SMA Sunny Boy Smart Energy 3.6-6.0,in_catalog,yes,in_catalog,,,,,15.0.14,HW3.1,BMS-EV firmware supports this pair based on protocol translation,
BYD Seal U (71.80 kWh),SMA Sunny Boy Storage 2.5,in_catalog,yes,in_catalog,,,,,15.0.14,HW3.1,BMS-EV firmware supports this pair based on protocol translation,
BYD Seal U (71.80 kWh),SMA Sunny Boy Storage 2.5 / 3.7 / 5.0 / 6.0,in_catalog,yes,in_catalog,,,,,15.0.14,HW3.1,BMS-EV firmware supports this pair based on protocol translation,
BYD Seal U (71.80 kWh),SMA Sunny Tripower Smart 5.0-10.0 SE,in_catalog,yes,in_catalog,,,,,15.0.14,HW3.1,BMS-EV firmware supports this pair based on protocol translation,
BYD Seal U (71.80 kWh),SMA Sunny Tripower X,in_catalog,yes,in_catalog,,,,,15.0.14,HW3.1,BMS-EV firmware supports this pair based on protocol translation,
BYD Seal U (71.80 kWh),Sofar 5K...20KTL-3PH,in_catalog,yes,in_catalog,,,,,15.0.14,HW3.1,BMS-EV firmware supports this pair based on protocol translation,
BYD Seal U (71.80 kWh),Sofar HYD (3-20)KTL-3PH,in_catalog,yes,in_catalog,,,,,15.0.14,HW3.1,BMS-EV firmware supports this pair based on protocol translation,
BYD Seal U (71.80 kWh),SolaX X1 Hybrid,in_catalog,yes,in_catalog,,,,,15.0.14,HW3.1,BMS-EV firmware supports this pair based on protocol translation,
BYD Seal U (71.80 kWh),SolaX X1 Hybrid G4,in_catalog,yes,in_catalog,,,,,15.0.14,HW3.1,BMS-EV firmware supports this pair based on protocol translation,
BYD Seal U (71.80 kWh),SolaX X3 Hybrid,in_catalog,yes,in_catalog,,,,,15.0.14,HW3.1,BMS-EV firmware supports this pair based on protocol translation,
BYD Seal U (71.80 kWh),SolaX X3 Hybrid G4,in_catalog,yes,in_catalog,,,,,15.0.14,HW3.1,BMS-EV firmware supports this pair based on protocol translation,
BYD Seal U (71.80 kWh),SolaX X3-Ultra Hybrid,in_catalog,yes,in_catalog,,,,,15.0.14,HW3.1,BMS-EV firmware supports this pair based on protocol translation,
BYD Seal U (71.80 kWh),Solis RHI-3P(5-10)K-HVES-5G / S6-EH1P10K-H-US-APST,in_catalog,yes,in_catalog,,,,,15.0.14,HW3.1,BMS-EV firmware supports this pair based on protocol translation,
BYD Seal U (71.80 kWh),Solis RHI-3P(5-10)K-HVES-5G / S6-EH3P-(5-10.0K)-H-EU,in_catalog,yes,in_catalog,,,,,15.0.14,HW3.1,BMS-EV firmware supports this pair based on protocol translation,
BYD Seal U (71.80 kWh),Solis S5-EH1P (3-6) K-L (5-6 kW 1P US),in_catalog,yes,in_catalog,,,,,15.0.14,HW3.1,BMS-EV firmware supports this pair based on protocol translation,
BYD Seal U (71.80 kWh),Solis S6-EH3P(8-15)K-H 8-15 kW 3P (5-6 kW 1P US),in_catalog,yes,in_catalog,,,,,15.0.14,HW3.1,BMS-EV firmware supports this pair based on protocol translation,
BYD Seal U (71.80 kWh),Solxpow Solxpow X3 12-20kW,in_catalog,yes,in_catalog,,,,,15.0.14,HW3.1,BMS-EV firmware supports this pair based on protocol translation,
BYD Seal U (71.80 kWh),Sungrow SH15T/SH20T/SH25T,in_catalog,yes,in_catalog,,,,,15.0.14,HW3.1,BMS-EV firmware supports this pair based on protocol translation,
BYD Seal U (71.80 kWh),Sungrow SH3.0/3.6/4.0/5.0/6.0RS,in_catalog,yes,in_catalog,,,,,15.0.14,HW3.1,BMS-EV firmware supports this pair based on protocol translation,
BYD Seal U (71.80 kWh),Sungrow SH5.0/6.0/8.0/10RT,in_catalog,yes,in_catalog,,,,,15.0.14,HW3.1,BMS-EV firmware supports this pair based on protocol translation,
BYD Song Plus (82.56 kWh / 512V),Afore AF17K-THA 230V,in_catalog,yes,in_catalog,,,,,15.0.14,HW3.1,BMS-EV firmware supports this pair based on protocol translation,
BYD Song Plus (82.56 kWh / 512V),Deye SUN-(29.9-50)K-SG01HP3-EU-BM3,in_catalog,yes,in_catalog,,,,,15.0.14,HW3.1,BMS-EV firmware supports this pair based on protocol translation,
BYD Song Plus (82.56 kWh / 512V),Deye SUN-(5-20)K-SG01HP3-EU-AM2,in_catalog,yes,in_catalog,,,,,15.0.14,HW3.1,BMS-EV firmware supports this pair based on protocol translation,
BYD Song Plus (82.56 kWh / 512V),Felicity T-REX-50KHP3G01,in_catalog,yes,in_catalog,,,,,15.0.14,HW3.1,BMS-EV firmware supports this pair based on protocol translation,
BYD Song Plus (82.56 kWh / 512V),Ferroamp EnergyHub,in_catalog,yes,in_catalog,,,,,15.0.14,HW3.1,BMS-EV firmware supports this pair based on protocol translation,
BYD Song Plus (82.56 kWh / 512V),FoxESS H1/AC1,in_catalog,yes,in_catalog,,,,,15.0.14,HW3.1,BMS-EV firmware supports this pair based on protocol translation,
BYD Song Plus (82.56 kWh / 512V),FoxESS H3 Pro,in_catalog,yes,in_catalog,,,,,15.0.14,HW3.1,BMS-EV firmware supports this pair based on protocol translation,
BYD Song Plus (82.56 kWh / 512V),FoxESS H3 Smart,in_catalog,yes,in_catalog,,,,,15.0.14,HW3.1,BMS-EV firmware supports this pair based on protocol translation,
BYD Song Plus (82.56 kWh / 512V),FoxESS H3/AC3,in_catalog,yes,in_catalog,,,,,15.0.14,HW3.1,BMS-EV firmware supports this pair based on protocol translation,
BYD Song Plus (82.56 kWh / 512V),Fronius Primo Gen24 Plus,in_catalog,yes,in_catalog,,,,,15.0.14,HW3.1,BMS-EV firmware supports this pair based on protocol translation,
BYD Song Plus (82.56 kWh / 512V),Fronius Symo Gen24 Plus,in_catalog,yes,in_catalog,,,,,15.0.14,HW3.1,BMS-EV firmware supports this pair based on protocol translation,
BYD Song Plus (82.56 kWh / 512V),Fronius Symo Hybrid 3.0/4.0/5.0-3-S,in_catalog,yes,in_catalog,,,,,15.0.14,HW3.1,BMS-EV firmware supports this pair based on protocol translation,
BYD Song Plus (82.56 kWh / 512V),Fronius Verto Plus 15-33kW,in_catalog,yes,in_catalog,,,,,15.0.14,HW3.1,BMS-EV firmware supports this pair based on protocol translation,
BYD Song Plus (82.56 kWh / 512V),GoodWe A-ES hybrid inverter (America Split Phase),in_catalog,yes,in_catalog,,,,,15.0.14,HW3.1,BMS-EV firmware supports this pair based on protocol translation,
BYD Song Plus (82.56 kWh / 512V),GoodWe BH AC battery inverter,in_catalog,yes,in_catalog,,,,,15.0.14,HW3.1,BMS-EV firmware supports this pair based on protocol translation,
BYD Song Plus (82.56 kWh / 512V),GoodWe BT AC battery inverter,in_catalog,yes,in_catalog,,,,,15.0.14,HW3.1,BMS-EV firmware supports this pair based on protocol translation,
BYD Song Plus (82.56 kWh / 512V),GoodWe EH hybrid solar,in_catalog,yes,in_catalog,,,,,15.0.14,HW3.1,BMS-EV firmware supports this pair based on protocol translation,
BYD Song Plus (82.56 kWh / 512V),GoodWe EHB high voltage battery,in_catalog,yes,in_catalog,,,,,15.0.14,HW3.1,BMS-EV firmware supports this pair based on protocol translation,
BYD Song Plus (82.56 kWh / 512V),GoodWe EHB hybrid inverter (South Africa only),in_catalog,yes,in_catalog,,,,,15.0.14,HW3.1,BMS-EV firmware supports this pair based on protocol translation,
BYD Song Plus (82.56 kWh / 512V),GoodWe ES hybrid solar,in_catalog,yes,in_catalog,,,,,15.0.14,HW3.1,BMS-EV firmware supports this pair based on protocol translation,
BYD Song Plus (82.56 kWh / 512V),GoodWe ET hybrid solar,in_catalog,yes,in_catalog,,,,,15.0.14,HW3.1,BMS-EV firmware supports this pair based on protocol translation,
BYD Song Plus (82.56 kWh / 512V),GoodWe SBP battery inverter,in_catalog,yes,in_catalog,,,,,15.0.14,HW3.1,BMS-EV firmware supports this pair based on protocol translation,
BYD Song Plus (82.56 kWh / 512V),Growatt HV Growatt SPH,in_catalog,yes,in_catalog,,,,,15.0.14,HW3.1,BMS-EV firmware supports this pair based on protocol translation,
BYD Song Plus (82.56 kWh / 512V),Growatt HV Growatt SPH (TL3-BH-UP) (5-10kW 3P),in_catalog,yes,in_catalog,,,,,15.0.14,HW3.1,BMS-EV firmware supports this pair based on protocol translation,
BYD Song Plus (82.56 kWh / 512V),Growatt LV Growatt SPH (4.6-10) (TL3-BH) (5-10kW 3P),in_catalog,yes,in_catalog,,,,,15.0.14,HW3.1,BMS-EV firmware supports this pair based on protocol translation,
BYD Song Plus (82.56 kWh / 512V),Growatt WIT 50-100K-HU,in_catalog,yes,in_catalog,,,,,15.0.14,HW3.1,BMS-EV firmware supports this pair based on protocol translation,
BYD Song Plus (82.56 kWh / 512V),Growatt WIT 50-100K-HU (TL3-BH-UP) (5-10kW 3P),in_catalog,yes,in_catalog,,,,,15.0.14,HW3.1,BMS-EV firmware supports this pair based on protocol translation,
BYD Song Plus (82.56 kWh / 512V),Hoymiles HYT/HAT-HV,in_catalog,yes,in_catalog,,,,,15.0.14,HW3.1,BMS-EV firmware supports this pair based on protocol translation,
BYD Song Plus (82.56 kWh / 512V),Kostal Plenticore Plus (3.0-10),in_catalog,yes,in_catalog,,,,,15.0.14,HW3.1,BMS-EV firmware supports this pair based on protocol translation,
BYD Song Plus (82.56 kWh / 512V),Maple Leaf Northern Fox H1-H3-AC1-KH,in_catalog,yes,in_catalog,,,,,15.0.14,HW3.1,BMS-EV firmware supports this pair based on protocol translation,
BYD Song Plus (82.56 kWh / 512V),SAJ H2 Hybrid (3-12)K-S2,in_catalog,yes,in_catalog,,,,,15.0.14,HW3.1,BMS-EV firmware supports this pair based on protocol translation,
BYD Song Plus (82.56 kWh / 512V),SMA Sunny Boy Smart Energy 3.6 / 4.0 / 5.0 / 6.0-50 Hybrid Inverter,in_catalog,yes,in_catalog,,,,,15.0.14,HW3.1,BMS-EV firmware supports this pair based on protocol translation,
BYD Song Plus (82.56 kWh / 512V),SMA Sunny Boy Smart Energy 3.6-6.0,in_catalog,yes,in_catalog,,,,,15.0.14,HW3.1,BMS-EV firmware supports this pair based on protocol translation,
BYD Song Plus (82.56 kWh / 512V),SMA Sunny Boy Storage 2.5,in_catalog,yes,in_catalog,,,,,15.0.14,HW3.1,BMS-EV firmware supports this pair based on protocol translation,
BYD Song Plus (82.56 kWh / 512V),SMA Sunny Boy Storage 2.5 / 3.7 / 5.0 / 6.0,in_catalog,yes,in_catalog,,,,,15.0.14,HW3.1,BMS-EV firmware supports this pair based on protocol translation,
BYD Song Plus (82.56 kWh / 512V),SMA Sunny Tripower Smart 5.0-10.0 SE,in_catalog,yes,in_catalog,,,,,15.0.14,HW3.1,BMS-EV firmware supports this pair based on protocol translation,
BYD Song Plus (82.56 kWh / 512V),SMA Sunny Tripower X,in_catalog,yes,in_catalog,,,,,15.0.14,HW3.1,BMS-EV firmware supports this pair based on protocol translation,
BYD Song Plus (82.56 kWh / 512V),Sofar 5K...20KTL-3PH,in_catalog,yes,in_catalog,,,,,15.0.14,HW3.1,BMS-EV firmware supports this pair based on protocol translation,
BYD Song Plus (82.56 kWh / 512V),Sofar HYD (3-20)KTL-3PH,in_catalog,yes,in_catalog,,,,,15.0.14,HW3.1,BMS-EV firmware supports this pair based on protocol translation,
BYD Song Plus (82.56 kWh / 512V),SolaX X1 Hybrid,in_catalog,yes,in_catalog,,,,,15.0.14,HW3.1,BMS-EV firmware supports this pair based on protocol translation,
BYD Song Plus (82.56 kWh / 512V),SolaX X1 Hybrid G4,in_catalog,yes,in_catalog,,,,,15.0.14,HW3.1,BMS-EV firmware supports this pair based on protocol translation,
BYD Song Plus (82.56 kWh / 512V),SolaX X3 Hybrid,in_catalog,yes,in_catalog,,,,,15.0.14,HW3.1,BMS-EV firmware supports this pair based on protocol translation,
BYD Song Plus (82.56 kWh / 512V),SolaX X3 Hybrid G4,in_catalog,yes,in_catalog,,,,,15.0.14,HW3.1,BMS-EV firmware supports this pair based on protocol translation,
BYD Song Plus (82.56 kWh / 512V),SolaX X3-Ultra Hybrid,in_catalog,yes,in_catalog,,,,,15.0.14,HW3.1,BMS-EV firmware supports this pair based on protocol translation,
BYD Song Plus (82.56 kWh / 512V),Solis RHI-3P(5-10)K-HVES-5G / S6-EH1P10K-H-US-APST,in_catalog,yes,in_catalog,,,,,15.0.14,HW3.1,BMS-EV firmware supports this pair based on protocol translation,
BYD Song Plus (82.56 kWh / 512V),Solis RHI-3P(5-10)K-HVES-5G / S6-EH3P-(5-10.0K)-H-EU,in_catalog,yes,in_catalog,,,,,15.0.14,HW3.1,BMS-EV firmware supports this pair based on protocol translation,
BYD Song Plus (82.56 kWh / 512V),Solis S5-EH1P (3-6) K-L (5-6 kW 1P US),in_catalog,yes,in_catalog,,,,,15.0.14,HW3.1,BMS-EV firmware supports this pair based on protocol translation,
BYD Song Plus (82.56 kWh / 512V),Solis S6-EH3P(8-15)K-H 8-15 kW 3P (5-6 kW 1P US),in_catalog,yes,in_catalog,,,,,15.0.14,HW3.1,BMS-EV firmware supports this pair based on protocol translation,
BYD Song Plus (82.56 kWh / 512V),Solxpow Solxpow X3 12-20kW,in_catalog,yes,in_catalog,,,,,15.0.14,HW3.1,BMS-EV firmware supports this pair based on protocol translation,
BYD Song Plus (82.56 kWh / 512V),Sungrow SH15T/SH20T/SH25T,in_catalog,yes,in_catalog,,,,,15.0.14,HW3.1,BMS-EV firmware supports this pair based on protocol translation,
BYD Song Plus (82.56 kWh / 512V),Sungrow SH3.0/3.6/4.0/5.0/6.0RS,in_catalog,yes,in_catalog,,,,,15.0.14,HW3.1,BMS-EV firmware supports this pair based on protocol translation,
BYD Song Plus (82.56 kWh / 512V),Sungrow SH5.0/6.0/8.0/10RT,in_catalog,yes,in_catalog,,,,,15.0.14,HW3.1,BMS-EV firmware supports this pair based on protocol translation,
Chevrolet Bolt (60/66 kWh),Afore AF17K-THA 230V,in_catalog,yes,protocol_verified,,GM Bolt pack (60 kWh LG Chem / 66 kWh LG Energy Solution after 2022),2017-2019 (60 kWh original) / 2020+ (66 kWh replacement per recall),,15.0.14,HW3.1,batterydesign.net Chevrolet Bolt + GM technical documentation,
Chevrolet Bolt (60/66 kWh),Deye SUN-(29.9-50)K-SG01HP3-EU-BM3,in_catalog,yes,protocol_verified,,GM Bolt pack (60 kWh LG Chem / 66 kWh LG Energy Solution after 2022),2017-2019 (60 kWh original) / 2020+ (66 kWh replacement per recall),,15.0.14,HW3.1,batterydesign.net Chevrolet Bolt + GM technical documentation,
Chevrolet Bolt (60/66 kWh),Deye SUN-(5-20)K-SG01HP3-EU-AM2,in_catalog,yes,protocol_verified,,GM Bolt pack (60 kWh LG Chem / 66 kWh LG Energy Solution after 2022),2017-2019 (60 kWh original) / 2020+ (66 kWh replacement per recall),,15.0.14,HW3.1,batterydesign.net Chevrolet Bolt + GM technical documentation,
Chevrolet Bolt (60/66 kWh),Felicity T-REX-50KHP3G01,in_catalog,yes,protocol_verified,,GM Bolt pack (60 kWh LG Chem / 66 kWh LG Energy Solution after 2022),2017-2019 (60 kWh original) / 2020+ (66 kWh replacement per recall),,15.0.14,HW3.1,batterydesign.net Chevrolet Bolt + GM technical documentation,
Chevrolet Bolt (60/66 kWh),Ferroamp EnergyHub,in_catalog,yes,protocol_verified,,GM Bolt pack (60 kWh LG Chem / 66 kWh LG Energy Solution after 2022),2017-2019 (60 kWh original) / 2020+ (66 kWh replacement per recall),,15.0.14,HW3.1,batterydesign.net Chevrolet Bolt + GM technical documentation,
Chevrolet Bolt (60/66 kWh),FoxESS H1/AC1,in_catalog,yes,protocol_verified,,GM Bolt pack (60 kWh LG Chem / 66 kWh LG Energy Solution after 2022),2017-2019 (60 kWh original) / 2020+ (66 kWh replacement per recall),,15.0.14,HW3.1,batterydesign.net Chevrolet Bolt + GM technical documentation,
Chevrolet Bolt (60/66 kWh),FoxESS H3 Pro,in_catalog,yes,protocol_verified,,GM Bolt pack (60 kWh LG Chem / 66 kWh LG Energy Solution after 2022),2017-2019 (60 kWh original) / 2020+ (66 kWh replacement per recall),,15.0.14,HW3.1,batterydesign.net Chevrolet Bolt + GM technical documentation,
Chevrolet Bolt (60/66 kWh),FoxESS H3 Smart,in_catalog,yes,protocol_verified,,GM Bolt pack (60 kWh LG Chem / 66 kWh LG Energy Solution after 2022),2017-2019 (60 kWh original) / 2020+ (66 kWh replacement per recall),,15.0.14,HW3.1,batterydesign.net Chevrolet Bolt + GM technical documentation,
Chevrolet Bolt (60/66 kWh),FoxESS H3/AC3,in_catalog,yes,protocol_verified,,GM Bolt pack (60 kWh LG Chem / 66 kWh LG Energy Solution after 2022),2017-2019 (60 kWh original) / 2020+ (66 kWh replacement per recall),,15.0.14,HW3.1,batterydesign.net Chevrolet Bolt + GM technical documentation,
Chevrolet Bolt (60/66 kWh),Fronius Primo Gen24 Plus,in_catalog,yes,protocol_verified,,GM Bolt pack (60 kWh LG Chem / 66 kWh LG Energy Solution after 2022),2017-2019 (60 kWh original) / 2020+ (66 kWh replacement per recall),,15.0.14,HW3.1,batterydesign.net Chevrolet Bolt + GM technical documentation,
Chevrolet Bolt (60/66 kWh),Fronius Symo Gen24 Plus,in_catalog,yes,protocol_verified,,GM Bolt pack (60 kWh LG Chem / 66 kWh LG Energy Solution after 2022),2017-2019 (60 kWh original) / 2020+ (66 kWh replacement per recall),,15.0.14,HW3.1,batterydesign.net Chevrolet Bolt + GM technical documentation,
Chevrolet Bolt (60/66 kWh),Fronius Symo Hybrid 3.0/4.0/5.0-3-S,in_catalog,yes,protocol_verified,,GM Bolt pack (60 kWh LG Chem / 66 kWh LG Energy Solution after 2022),2017-2019 (60 kWh original) / 2020+ (66 kWh replacement per recall),,15.0.14,HW3.1,batterydesign.net Chevrolet Bolt + GM technical documentation,
Chevrolet Bolt (60/66 kWh),Fronius Verto Plus 15-33kW,in_catalog,yes,protocol_verified,,GM Bolt pack (60 kWh LG Chem / 66 kWh LG Energy Solution after 2022),2017-2019 (60 kWh original) / 2020+ (66 kWh replacement per recall),,15.0.14,HW3.1,batterydesign.net Chevrolet Bolt + GM technical documentation,
Chevrolet Bolt (60/66 kWh),GoodWe A-ES hybrid inverter (America Split Phase),in_catalog,yes,protocol_verified,,GM Bolt pack (60 kWh LG Chem / 66 kWh LG Energy Solution after 2022),2017-2019 (60 kWh original) / 2020+ (66 kWh replacement per recall),,15.0.14,HW3.1,batterydesign.net Chevrolet Bolt + GM technical documentation,
Chevrolet Bolt (60/66 kWh),GoodWe BH AC battery inverter,in_catalog,yes,protocol_verified,,GM Bolt pack (60 kWh LG Chem / 66 kWh LG Energy Solution after 2022),2017-2019 (60 kWh original) / 2020+ (66 kWh replacement per recall),,15.0.14,HW3.1,batterydesign.net Chevrolet Bolt + GM technical documentation,
Chevrolet Bolt (60/66 kWh),GoodWe BT AC battery inverter,in_catalog,yes,protocol_verified,,GM Bolt pack (60 kWh LG Chem / 66 kWh LG Energy Solution after 2022),2017-2019 (60 kWh original) / 2020+ (66 kWh replacement per recall),,15.0.14,HW3.1,batterydesign.net Chevrolet Bolt + GM technical documentation,
Chevrolet Bolt (60/66 kWh),GoodWe EH hybrid solar,in_catalog,yes,protocol_verified,,GM Bolt pack (60 kWh LG Chem / 66 kWh LG Energy Solution after 2022),2017-2019 (60 kWh original) / 2020+ (66 kWh replacement per recall),,15.0.14,HW3.1,batterydesign.net Chevrolet Bolt + GM technical documentation,
Chevrolet Bolt (60/66 kWh),GoodWe EHB high voltage battery,in_catalog,yes,protocol_verified,,GM Bolt pack (60 kWh LG Chem / 66 kWh LG Energy Solution after 2022),2017-2019 (60 kWh original) / 2020+ (66 kWh replacement per recall),,15.0.14,HW3.1,batterydesign.net Chevrolet Bolt + GM technical documentation,
Chevrolet Bolt (60/66 kWh),GoodWe EHB hybrid inverter (South Africa only),in_catalog,yes,protocol_verified,,GM Bolt pack (60 kWh LG Chem / 66 kWh LG Energy Solution after 2022),2017-2019 (60 kWh original) / 2020+ (66 kWh replacement per recall),,15.0.14,HW3.1,batterydesign.net Chevrolet Bolt + GM technical documentation,
Chevrolet Bolt (60/66 kWh),GoodWe ES hybrid solar,in_catalog,yes,protocol_verified,,GM Bolt pack (60 kWh LG Chem / 66 kWh LG Energy Solution after 2022),2017-2019 (60 kWh original) / 2020+ (66 kWh replacement per recall),,15.0.14,HW3.1,batterydesign.net Chevrolet Bolt + GM technical documentation,
Chevrolet Bolt (60/66 kWh),GoodWe ET hybrid solar,in_catalog,yes,protocol_verified,,GM Bolt pack (60 kWh LG Chem / 66 kWh LG Energy Solution after 2022),2017-2019 (60 kWh original) / 2020+ (66 kWh replacement per recall),,15.0.14,HW3.1,batterydesign.net Chevrolet Bolt + GM technical documentation,
Chevrolet Bolt (60/66 kWh),GoodWe SBP battery inverter,in_catalog,yes,protocol_verified,,GM Bolt pack (60 kWh LG Chem / 66 kWh LG Energy Solution after 2022),2017-2019 (60 kWh original) / 2020+ (66 kWh replacement per recall),,15.0.14,HW3.1,batterydesign.net Chevrolet Bolt + GM technical documentation,
Chevrolet Bolt (60/66 kWh),Growatt HV Growatt SPH,in_catalog,yes,protocol_verified,,GM Bolt pack (60 kWh LG Chem / 66 kWh LG Energy Solution after 2022),2017-2019 (60 kWh original) / 2020+ (66 kWh replacement per recall),,15.0.14,HW3.1,batterydesign.net Chevrolet Bolt + GM technical documentation,
Chevrolet Bolt (60/66 kWh),Growatt HV Growatt SPH (TL3-BH-UP) (5-10kW 3P),in_catalog,yes,protocol_verified,,GM Bolt pack (60 kWh LG Chem / 66 kWh LG Energy Solution after 2022),2017-2019 (60 kWh original) / 2020+ (66 kWh replacement per recall),,15.0.14,HW3.1,batterydesign.net Chevrolet Bolt + GM technical documentation,
Chevrolet Bolt (60/66 kWh),Growatt LV Growatt SPH (4.6-10) (TL3-BH) (5-10kW 3P),in_catalog,yes,protocol_verified,,GM Bolt pack (60 kWh LG Chem / 66 kWh LG Energy Solution after 2022),2017-2019 (60 kWh original) / 2020+ (66 kWh replacement per recall),,15.0.14,HW3.1,batterydesign.net Chevrolet Bolt + GM technical documentation,
Chevrolet Bolt (60/66 kWh),Growatt WIT 50-100K-HU,in_catalog,yes,protocol_verified,,GM Bolt pack (60 kWh LG Chem / 66 kWh LG Energy Solution after 2022),2017-2019 (60 kWh original) / 2020+ (66 kWh replacement per recall),,15.0.14,HW3.1,batterydesign.net Chevrolet Bolt + GM technical documentation,
Chevrolet Bolt (60/66 kWh),Growatt WIT 50-100K-HU (TL3-BH-UP) (5-10kW 3P),in_catalog,yes,protocol_verified,,GM Bolt pack (60 kWh LG Chem / 66 kWh LG Energy Solution after 2022),2017-2019 (60 kWh original) / 2020+ (66 kWh replacement per recall),,15.0.14,HW3.1,batterydesign.net Chevrolet Bolt + GM technical documentation,
Chevrolet Bolt (60/66 kWh),Hoymiles HYT/HAT-HV,in_catalog,yes,protocol_verified,,GM Bolt pack (60 kWh LG Chem / 66 kWh LG Energy Solution after 2022),2017-2019 (60 kWh original) / 2020+ (66 kWh replacement per recall),,15.0.14,HW3.1,batterydesign.net Chevrolet Bolt + GM technical documentation,
Chevrolet Bolt (60/66 kWh),Huawei SUN2000-(2-6)KTL-L1 (400V),in_catalog,yes,protocol_verified,,GM Bolt pack (60 kWh LG Chem / 66 kWh LG Energy Solution after 2022),2017-2019 (60 kWh original) / 2020+ (66 kWh replacement per recall),,15.0.14,HW3.1,batterydesign.net Chevrolet Bolt + GM technical documentation,
Chevrolet Bolt (60/66 kWh),Huawei SUN2000-(3-20)K-MB0 (400V),in_catalog,yes,protocol_verified,,GM Bolt pack (60 kWh LG Chem / 66 kWh LG Energy Solution after 2022),2017-2019 (60 kWh original) / 2020+ (66 kWh replacement per recall),,15.0.14,HW3.1,batterydesign.net Chevrolet Bolt + GM technical documentation,
Chevrolet Bolt (60/66 kWh),Kostal Plenticore Plus (3.0-10),in_catalog,yes,protocol_verified,,GM Bolt pack (60 kWh LG Chem / 66 kWh LG Energy Solution after 2022),2017-2019 (60 kWh original) / 2020+ (66 kWh replacement per recall),,15.0.14,HW3.1,batterydesign.net Chevrolet Bolt + GM technical documentation,
Chevrolet Bolt (60/66 kWh),Maple Leaf Northern Fox H1-H3-AC1-KH,in_catalog,yes,protocol_verified,,GM Bolt pack (60 kWh LG Chem / 66 kWh LG Energy Solution after 2022),2017-2019 (60 kWh original) / 2020+ (66 kWh replacement per recall),,15.0.14,HW3.1,batterydesign.net Chevrolet Bolt + GM technical documentation,
Chevrolet Bolt (60/66 kWh),SAJ H2 Hybrid (3-12)K-S2,in_catalog,yes,protocol_verified,,GM Bolt pack (60 kWh LG Chem / 66 kWh LG Energy Solution after 2022),2017-2019 (60 kWh original) / 2020+ (66 kWh replacement per recall),,15.0.14,HW3.1,batterydesign.net Chevrolet Bolt + GM technical documentation,
Chevrolet Bolt (60/66 kWh),SMA Sunny Boy Smart Energy 3.6 / 4.0 / 5.0 / 6.0-50 Hybrid Inverter,in_catalog,yes,protocol_verified,,GM Bolt pack (60 kWh LG Chem / 66 kWh LG Energy Solution after 2022),2017-2019 (60 kWh original) / 2020+ (66 kWh replacement per recall),,15.0.14,HW3.1,batterydesign.net Chevrolet Bolt + GM technical documentation,
Chevrolet Bolt (60/66 kWh),SMA Sunny Boy Smart Energy 3.6-6.0,in_catalog,yes,protocol_verified,,GM Bolt pack (60 kWh LG Chem / 66 kWh LG Energy Solution after 2022),2017-2019 (60 kWh original) / 2020+ (66 kWh replacement per recall),,15.0.14,HW3.1,batterydesign.net Chevrolet Bolt + GM technical documentation,
Chevrolet Bolt (60/66 kWh),SMA Sunny Boy Storage 2.5,in_catalog,yes,protocol_verified,,GM Bolt pack (60 kWh LG Chem / 66 kWh LG Energy Solution after 2022),2017-2019 (60 kWh original) / 2020+ (66 kWh replacement per recall),,15.0.14,HW3.1,batterydesign.net Chevrolet Bolt + GM technical documentation,
Chevrolet Bolt (60/66 kWh),SMA Sunny Boy Storage 2.5 / 3.7 / 5.0 / 6.0,in_catalog,yes,protocol_verified,,GM Bolt pack (60 kWh LG Chem / 66 kWh LG Energy Solution after 2022),2017-2019 (60 kWh original) / 2020+ (66 kWh replacement per recall),,15.0.14,HW3.1,batterydesign.net Chevrolet Bolt + GM technical documentation,
Chevrolet Bolt (60/66 kWh),SMA Sunny Tripower Smart 5.0-10.0 SE,in_catalog,yes,protocol_verified,,GM Bolt pack (60 kWh LG Chem / 66 kWh LG Energy Solution after 2022),2017-2019 (60 kWh original) / 2020+ (66 kWh replacement per recall),,15.0.14,HW3.1,batterydesign.net Chevrolet Bolt + GM technical documentation,
Chevrolet Bolt (60/66 kWh),SMA Sunny Tripower X,in_catalog,yes,protocol_verified,,GM Bolt pack (60 kWh LG Chem / 66 kWh LG Energy Solution after 2022),2017-2019 (60 kWh original) / 2020+ (66 kWh replacement per recall),,15.0.14,HW3.1,batterydesign.net Chevrolet Bolt + GM technical documentation,
Chevrolet Bolt (60/66 kWh),Sofar 5K...20KTL-3PH,in_catalog,yes,protocol_verified,,GM Bolt pack (60 kWh LG Chem / 66 kWh LG Energy Solution after 2022),2017-2019 (60 kWh original) / 2020+ (66 kWh replacement per recall),,15.0.14,HW3.1,batterydesign.net Chevrolet Bolt + GM technical documentation,
Chevrolet Bolt (60/66 kWh),Sofar HYD (3-20)KTL-3PH,in_catalog,yes,protocol_verified,,GM Bolt pack (60 kWh LG Chem / 66 kWh LG Energy Solution after 2022),2017-2019 (60 kWh original) / 2020+ (66 kWh replacement per recall),,15.0.14,HW3.1,batterydesign.net Chevrolet Bolt + GM technical documentation,
Chevrolet Bolt (60/66 kWh),SolaX X1 Hybrid,in_catalog,yes,protocol_verified,,GM Bolt pack (60 kWh LG Chem / 66 kWh LG Energy Solution after 2022),2017-2019 (60 kWh original) / 2020+ (66 kWh replacement per recall),,15.0.14,HW3.1,batterydesign.net Chevrolet Bolt + GM technical documentation,
Chevrolet Bolt (60/66 kWh),SolaX X1 Hybrid G4,in_catalog,yes,protocol_verified,,GM Bolt pack (60 kWh LG Chem / 66 kWh LG Energy Solution after 2022),2017-2019 (60 kWh original) / 2020+ (66 kWh replacement per recall),,15.0.14,HW3.1,batterydesign.net Chevrolet Bolt + GM technical documentation,
Chevrolet Bolt (60/66 kWh),SolaX X3 Hybrid,in_catalog,yes,protocol_verified,,GM Bolt pack (60 kWh LG Chem / 66 kWh LG Energy Solution after 2022),2017-2019 (60 kWh original) / 2020+ (66 kWh replacement per recall),,15.0.14,HW3.1,batterydesign.net Chevrolet Bolt + GM technical documentation,
Chevrolet Bolt (60/66 kWh),SolaX X3 Hybrid G4,in_catalog,yes,protocol_verified,,GM Bolt pack (60 kWh LG Chem / 66 kWh LG Energy Solution after 2022),2017-2019 (60 kWh original) / 2020+ (66 kWh replacement per recall),,15.0.14,HW3.1,batterydesign.net Chevrolet Bolt + GM technical documentation,
Chevrolet Bolt (60/66 kWh),SolaX X3-Ultra Hybrid,in_catalog,yes,protocol_verified,,GM Bolt pack (60 kWh LG Chem / 66 kWh LG Energy Solution after 2022),2017-2019 (60 kWh original) / 2020+ (66 kWh replacement per recall),,15.0.14,HW3.1,batterydesign.net Chevrolet Bolt + GM technical documentation,
Chevrolet Bolt (60/66 kWh),Solis RHI-3P(5-10)K-HVES-5G / S6-EH1P10K-H-US-APST,in_catalog,yes,protocol_verified,,GM Bolt pack (60 kWh LG Chem / 66 kWh LG Energy Solution after 2022),2017-2019 (60 kWh original) / 2020+ (66 kWh replacement per recall),,15.0.14,HW3.1,batterydesign.net Chevrolet Bolt + GM technical documentation,
Chevrolet Bolt (60/66 kWh),Solis RHI-3P(5-10)K-HVES-5G / S6-EH3P-(5-10.0K)-H-EU,in_catalog,yes,protocol_verified,,GM Bolt pack (60 kWh LG Chem / 66 kWh LG Energy Solution after 2022),2017-2019 (60 kWh original) / 2020+ (66 kWh replacement per recall),,15.0.14,HW3.1,batterydesign.net Chevrolet Bolt + GM technical documentation,
Chevrolet Bolt (60/66 kWh),Solis S5-EH1P (3-6) K-L (5-6 kW 1P US),in_catalog,yes,protocol_verified,,GM Bolt pack (60 kWh LG Chem / 66 kWh LG Energy Solution after 2022),2017-2019 (60 kWh original) / 2020+ (66 kWh replacement per recall),,15.0.14,HW3.1,batterydesign.net Chevrolet Bolt + GM technical documentation,
Chevrolet Bolt (60/66 kWh),Solis S6-EH3P(8-15)K-H 8-15 kW 3P (5-6 kW 1P US),in_catalog,yes,protocol_verified,,GM Bolt pack (60 kWh LG Chem / 66 kWh LG Energy Solution after 2022),2017-2019 (60 kWh original) / 2020+ (66 kWh replacement per recall),,15.0.14,HW3.1,batterydesign.net Chevrolet Bolt + GM technical documentation,
Chevrolet Bolt (60/66 kWh),Solxpow Solxpow X3 12-20kW,in_catalog,yes,protocol_verified,,GM Bolt pack (60 kWh LG Chem / 66 kWh LG Energy Solution after 2022),2017-2019 (60 kWh original) / 2020+ (66 kWh replacement per recall),,15.0.14,HW3.1,batterydesign.net Chevrolet Bolt + GM technical documentation,
Chevrolet Bolt (60/66 kWh),Sungrow SH15T/SH20T/SH25T,in_catalog,yes,protocol_verified,,GM Bolt pack (60 kWh LG Chem / 66 kWh LG Energy Solution after 2022),2017-2019 (60 kWh original) / 2020+ (66 kWh replacement per recall),,15.0.14,HW3.1,batterydesign.net Chevrolet Bolt + GM technical documentation,
Chevrolet Bolt (60/66 kWh),Sungrow SH3.0/3.6/4.0/5.0/6.0RS,in_catalog,yes,protocol_verified,,GM Bolt pack (60 kWh LG Chem / 66 kWh LG Energy Solution after 2022),2017-2019 (60 kWh original) / 2020+ (66 kWh replacement per recall),,15.0.14,HW3.1,batterydesign.net Chevrolet Bolt + GM technical documentation,
Chevrolet Bolt (60/66 kWh),Sungrow SH5.0/6.0/8.0/10RT,in_catalog,yes,protocol_verified,,GM Bolt pack (60 kWh LG Chem / 66 kWh LG Energy Solution after 2022),2017-2019 (60 kWh original) / 2020+ (66 kWh replacement per recall),,15.0.14,HW3.1,batterydesign.net Chevrolet Bolt + GM technical documentation,
Citroen Basalt (2024-) (Stellantis CMP Smart Car),Afore AF17K-THA 230V,in_catalog,yes,in_catalog,,,,,15.0.14,HW3.1,BMS-EV firmware supports this pair based on protocol translation,
Citroen Basalt (2024-) (Stellantis CMP Smart Car),Deye SUN-(29.9-50)K-SG01HP3-EU-BM3,in_catalog,yes,in_catalog,,,,,15.0.14,HW3.1,BMS-EV firmware supports this pair based on protocol translation,
Citroen Basalt (2024-) (Stellantis CMP Smart Car),Deye SUN-(5-20)K-SG01HP3-EU-AM2,in_catalog,yes,in_catalog,,,,,15.0.14,HW3.1,BMS-EV firmware supports this pair based on protocol translation,
Citroen Basalt (2024-) (Stellantis CMP Smart Car),Felicity T-REX-50KHP3G01,in_catalog,yes,in_catalog,,,,,15.0.14,HW3.1,BMS-EV firmware supports this pair based on protocol translation,
Citroen Basalt (2024-) (Stellantis CMP Smart Car),Ferroamp EnergyHub,in_catalog,yes,in_catalog,,,,,15.0.14,HW3.1,BMS-EV firmware supports this pair based on protocol translation,
Citroen Basalt (2024-) (Stellantis CMP Smart Car),FoxESS H1/AC1,in_catalog,yes,in_catalog,,,,,15.0.14,HW3.1,BMS-EV firmware supports this pair based on protocol translation,
Citroen Basalt (2024-) (Stellantis CMP Smart Car),FoxESS H3 Pro,in_catalog,yes,in_catalog,,,,,15.0.14,HW3.1,BMS-EV firmware supports this pair based on protocol translation,
Citroen Basalt (2024-) (Stellantis CMP Smart Car),FoxESS H3 Smart,in_catalog,yes,in_catalog,,,,,15.0.14,HW3.1,BMS-EV firmware supports this pair based on protocol translation,
Citroen Basalt (2024-) (Stellantis CMP Smart Car),FoxESS H3/AC3,in_catalog,yes,in_catalog,,,,,15.0.14,HW3.1,BMS-EV firmware supports this pair based on protocol translation,
Citroen Basalt (2024-) (Stellantis CMP Smart Car),Fronius Primo Gen24 Plus,in_catalog,yes,in_catalog,,,,,15.0.14,HW3.1,BMS-EV firmware supports this pair based on protocol translation,
Citroen Basalt (2024-) (Stellantis CMP Smart Car),Fronius Symo Gen24 Plus,in_catalog,yes,in_catalog,,,,,15.0.14,HW3.1,BMS-EV firmware supports this pair based on protocol translation,
Citroen Basalt (2024-) (Stellantis CMP Smart Car),Fronius Symo Hybrid 3.0/4.0/5.0-3-S,in_catalog,yes,in_catalog,,,,,15.0.14,HW3.1,BMS-EV firmware supports this pair based on protocol translation,
Citroen Basalt (2024-) (Stellantis CMP Smart Car),Fronius Verto Plus 15-33kW,in_catalog,yes,in_catalog,,,,,15.0.14,HW3.1,BMS-EV firmware supports this pair based on protocol translation,
Citroen Basalt (2024-) (Stellantis CMP Smart Car),GoodWe A-ES hybrid inverter (America Split Phase),in_catalog,yes,in_catalog,,,,,15.0.14,HW3.1,BMS-EV firmware supports this pair based on protocol translation,
Citroen Basalt (2024-) (Stellantis CMP Smart Car),GoodWe BH AC battery inverter,in_catalog,yes,in_catalog,,,,,15.0.14,HW3.1,BMS-EV firmware supports this pair based on protocol translation,
Citroen Basalt (2024-) (Stellantis CMP Smart Car),GoodWe BT AC battery inverter,in_catalog,yes,in_catalog,,,,,15.0.14,HW3.1,BMS-EV firmware supports this pair based on protocol translation,
Citroen Basalt (2024-) (Stellantis CMP Smart Car),GoodWe EH hybrid solar,in_catalog,yes,in_catalog,,,,,15.0.14,HW3.1,BMS-EV firmware supports this pair based on protocol translation,
Citroen Basalt (2024-) (Stellantis CMP Smart Car),GoodWe EHB high voltage battery,in_catalog,yes,in_catalog,,,,,15.0.14,HW3.1,BMS-EV firmware supports this pair based on protocol translation,
Citroen Basalt (2024-) (Stellantis CMP Smart Car),GoodWe EHB hybrid inverter (South Africa only),in_catalog,yes,in_catalog,,,,,15.0.14,HW3.1,BMS-EV firmware supports this pair based on protocol translation,
Citroen Basalt (2024-) (Stellantis CMP Smart Car),GoodWe ES hybrid solar,in_catalog,yes,in_catalog,,,,,15.0.14,HW3.1,BMS-EV firmware supports this pair based on protocol translation,
Citroen Basalt (2024-) (Stellantis CMP Smart Car),GoodWe ET hybrid solar,in_catalog,yes,in_catalog,,,,,15.0.14,HW3.1,BMS-EV firmware supports this pair based on protocol translation,
Citroen Basalt (2024-) (Stellantis CMP Smart Car),GoodWe SBP battery inverter,in_catalog,yes,in_catalog,,,,,15.0.14,HW3.1,BMS-EV firmware supports this pair based on protocol translation,
Citroen Basalt (2024-) (Stellantis CMP Smart Car),Growatt HV Growatt SPH,in_catalog,yes,in_catalog,,,,,15.0.14,HW3.1,BMS-EV firmware supports this pair based on protocol translation,
Citroen Basalt (2024-) (Stellantis CMP Smart Car),Growatt HV Growatt SPH (TL3-BH-UP) (5-10kW 3P),in_catalog,yes,in_catalog,,,,,15.0.14,HW3.1,BMS-EV firmware supports this pair based on protocol translation,
Citroen Basalt (2024-) (Stellantis CMP Smart Car),Growatt LV Growatt SPH (4.6-10) (TL3-BH) (5-10kW 3P),in_catalog,yes,in_catalog,,,,,15.0.14,HW3.1,BMS-EV firmware supports this pair based on protocol translation,
Citroen Basalt (2024-) (Stellantis CMP Smart Car),Growatt WIT 50-100K-HU,in_catalog,yes,in_catalog,,,,,15.0.14,HW3.1,BMS-EV firmware supports this pair based on protocol translation,
Citroen Basalt (2024-) (Stellantis CMP Smart Car),Growatt WIT 50-100K-HU (TL3-BH-UP) (5-10kW 3P),in_catalog,yes,in_catalog,,,,,15.0.14,HW3.1,BMS-EV firmware supports this pair based on protocol translation,
Citroen Basalt (2024-) (Stellantis CMP Smart Car),Hoymiles HYT/HAT-HV,in_catalog,yes,in_catalog,,,,,15.0.14,HW3.1,BMS-EV firmware supports this pair based on protocol translation,
Citroen Basalt (2024-) (Stellantis CMP Smart Car),Huawei SUN2000-(2-6)KTL-L1 (400V),in_catalog,yes,in_catalog,,,,,15.0.14,HW3.1,BMS-EV firmware supports this pair based on protocol translation,
Citroen Basalt (2024-) (Stellantis CMP Smart Car),Huawei SUN2000-(3-20)K-MB0 (400V),in_catalog,yes,in_catalog,,,,,15.0.14,HW3.1,BMS-EV firmware supports this pair based on protocol translation,
Citroen Basalt (2024-) (Stellantis CMP Smart Car),Kostal Plenticore Plus (3.0-10),in_catalog,yes,in_catalog,,,,,15.0.14,HW3.1,BMS-EV firmware supports this pair based on protocol translation,
Citroen Basalt (2024-) (Stellantis CMP Smart Car),Maple Leaf Northern Fox H1-H3-AC1-KH,in_catalog,yes,in_catalog,,,,,15.0.14,HW3.1,BMS-EV firmware supports this pair based on protocol translation,
Citroen Basalt (2024-) (Stellantis CMP Smart Car),SAJ H2 Hybrid (3-12)K-S2,in_catalog,yes,in_catalog,,,,,15.0.14,HW3.1,BMS-EV firmware supports this pair based on protocol translation,
Citroen Basalt (2024-) (Stellantis CMP Smart Car),SMA Sunny Boy Smart Energy 3.6 / 4.0 / 5.0 / 6.0-50 Hybrid Inverter,in_catalog,yes,in_catalog,,,,,15.0.14,HW3.1,BMS-EV firmware supports this pair based on protocol translation,
Citroen Basalt (2024-) (Stellantis CMP Smart Car),SMA Sunny Boy Smart Energy 3.6-6.0,in_catalog,yes,in_catalog,,,,,15.0.14,HW3.1,BMS-EV firmware supports this pair based on protocol translation,
Citroen Basalt (2024-) (Stellantis CMP Smart Car),SMA Sunny Boy Storage 2.5,in_catalog,yes,in_catalog,,,,,15.0.14,HW3.1,BMS-EV firmware supports this pair based on protocol translation,
Citroen Basalt (2024-) (Stellantis CMP Smart Car),SMA Sunny Boy Storage 2.5 / 3.7 / 5.0 / 6.0,in_catalog,yes,in_catalog,,,,,15.0.14,HW3.1,BMS-EV firmware supports this pair based on protocol translation,
Citroen Basalt (2024-) (Stellantis CMP Smart Car),SMA Sunny Tripower Smart 5.0-10.0 SE,in_catalog,yes,in_catalog,,,,,15.0.14,HW3.1,BMS-EV firmware supports this pair based on protocol translation,
Citroen Basalt (2024-) (Stellantis CMP Smart Car),SMA Sunny Tripower X,in_catalog,yes,in_catalog,,,,,15.0.14,HW3.1,BMS-EV firmware supports this pair based on protocol translation,
Citroen Basalt (2024-) (Stellantis CMP Smart Car),Sofar 5K...20KTL-3PH,in_catalog,yes,in_catalog,,,,,15.0.14,HW3.1,BMS-EV firmware supports this pair based on protocol translation,
Citroen Basalt (2024-) (Stellantis CMP Smart Car),Sofar HYD (3-20)KTL-3PH,in_catalog,yes,in_catalog,,,,,15.0.14,HW3.1,BMS-EV firmware supports this pair based on protocol translation,
Citroen Basalt (2024-) (Stellantis CMP Smart Car),SolaX X1 Hybrid,in_catalog,yes,in_catalog,,,,,15.0.14,HW3.1,BMS-EV firmware supports this pair based on protocol translation,
Citroen Basalt (2024-) (Stellantis CMP Smart Car),SolaX X1 Hybrid G4,in_catalog,yes,in_catalog,,,,,15.0.14,HW3.1,BMS-EV firmware supports this pair based on protocol translation,
Citroen Basalt (2024-) (Stellantis CMP Smart Car),SolaX X3 Hybrid,in_catalog,yes,in_catalog,,,,,15.0.14,HW3.1,BMS-EV firmware supports this pair based on protocol translation,
Citroen Basalt (2024-) (Stellantis CMP Smart Car),SolaX X3 Hybrid G4,in_catalog,yes,in_catalog,,,,,15.0.14,HW3.1,BMS-EV firmware supports this pair based on protocol translation,
Citroen Basalt (2024-) (Stellantis CMP Smart Car),SolaX X3-Ultra Hybrid,in_catalog,yes,in_catalog,,,,,15.0.14,HW3.1,BMS-EV firmware supports this pair based on protocol translation,
Citroen Basalt (2024-) (Stellantis CMP Smart Car),Solis RHI-3P(5-10)K-HVES-5G / S6-EH1P10K-H-US-APST,in_catalog,yes,in_catalog,,,,,15.0.14,HW3.1,BMS-EV firmware supports this pair based on protocol translation,
Citroen Basalt (2024-) (Stellantis CMP Smart Car),Solis RHI-3P(5-10)K-HVES-5G / S6-EH3P-(5-10.0K)-H-EU,in_catalog,yes,in_catalog,,,,,15.0.14,HW3.1,BMS-EV firmware supports this pair based on protocol translation,
Citroen Basalt (2024-) (Stellantis CMP Smart Car),Solis S5-EH1P (3-6) K-L (5-6 kW 1P US),in_catalog,yes,in_catalog,,,,,15.0.14,HW3.1,BMS-EV firmware supports this pair based on protocol translation,
Citroen Basalt (2024-) (Stellantis CMP Smart Car),Solis S6-EH3P(8-15)K-H 8-15 kW 3P (5-6 kW 1P US),in_catalog,yes,in_catalog,,,,,15.0.14,HW3.1,BMS-EV firmware supports this pair based on protocol translation,
Citroen Basalt (2024-) (Stellantis CMP Smart Car),Solxpow Solxpow X3 12-20kW,in_catalog,yes,in_catalog,,,,,15.0.14,HW3.1,BMS-EV firmware supports this pair based on protocol translation,
Citroen Basalt (2024-) (Stellantis CMP Smart Car),Sungrow SH15T/SH20T/SH25T,in_catalog,yes,in_catalog,,,,,15.0.14,HW3.1,BMS-EV firmware supports this pair based on protocol translation,
Citroen Basalt (2024-) (Stellantis CMP Smart Car),Sungrow SH3.0/3.6/4.0/5.0/6.0RS,in_catalog,yes,in_catalog,,,,,15.0.14,HW3.1,BMS-EV firmware supports this pair based on protocol translation,
Citroen Basalt (2024-) (Stellantis CMP Smart Car),Sungrow SH5.0/6.0/8.0/10RT,in_catalog,yes,in_catalog,,,,,15.0.14,HW3.1,BMS-EV firmware supports this pair based on protocol translation,
Citroen C-Zero (16 kWh),Afore AF17K-THA 230V,in_catalog,yes,protocol_verified,,PSA C-Zero pack (shares Mitsubishi i-MiEV),2010-2018,,15.0.14,HW3.1,dalathegreat/Battery-Emulator i-MiEV wiki,
Citroen C-Zero (16 kWh),Deye SUN-(29.9-50)K-SG01HP3-EU-BM3,in_catalog,yes,protocol_verified,,PSA C-Zero pack (shares Mitsubishi i-MiEV),2010-2018,,15.0.14,HW3.1,dalathegreat/Battery-Emulator i-MiEV wiki,
Citroen C-Zero (16 kWh),Deye SUN-(5-20)K-SG01HP3-EU-AM2,in_catalog,yes,protocol_verified,,PSA C-Zero pack (shares Mitsubishi i-MiEV),2010-2018,,15.0.14,HW3.1,dalathegreat/Battery-Emulator i-MiEV wiki,
Citroen C-Zero (16 kWh),Felicity T-REX-50KHP3G01,in_catalog,yes,protocol_verified,,PSA C-Zero pack (shares Mitsubishi i-MiEV),2010-2018,,15.0.14,HW3.1,dalathegreat/Battery-Emulator i-MiEV wiki,
Citroen C-Zero (16 kWh),Ferroamp EnergyHub,in_catalog,yes,protocol_verified,,PSA C-Zero pack (shares Mitsubishi i-MiEV),2010-2018,,15.0.14,HW3.1,dalathegreat/Battery-Emulator i-MiEV wiki,
Citroen C-Zero (16 kWh),FoxESS H1/AC1,in_catalog,yes,protocol_verified,,PSA C-Zero pack (shares Mitsubishi i-MiEV),2010-2018,,15.0.14,HW3.1,dalathegreat/Battery-Emulator i-MiEV wiki,
Citroen C-Zero (16 kWh),FoxESS H3 Pro,in_catalog,yes,protocol_verified,,PSA C-Zero pack (shares Mitsubishi i-MiEV),2010-2018,,15.0.14,HW3.1,dalathegreat/Battery-Emulator i-MiEV wiki,
Citroen C-Zero (16 kWh),FoxESS H3 Smart,in_catalog,yes,protocol_verified,,PSA C-Zero pack (shares Mitsubishi i-MiEV),2010-2018,,15.0.14,HW3.1,dalathegreat/Battery-Emulator i-MiEV wiki,
Citroen C-Zero (16 kWh),FoxESS H3/AC3,in_catalog,yes,protocol_verified,,PSA C-Zero pack (shares Mitsubishi i-MiEV),2010-2018,,15.0.14,HW3.1,dalathegreat/Battery-Emulator i-MiEV wiki,
Citroen C-Zero (16 kWh),Fronius Primo Gen24 Plus,in_catalog,yes,protocol_verified,,PSA C-Zero pack (shares Mitsubishi i-MiEV),2010-2018,,15.0.14,HW3.1,dalathegreat/Battery-Emulator i-MiEV wiki,
Citroen C-Zero (16 kWh),Fronius Symo Gen24 Plus,in_catalog,yes,protocol_verified,,PSA C-Zero pack (shares Mitsubishi i-MiEV),2010-2018,,15.0.14,HW3.1,dalathegreat/Battery-Emulator i-MiEV wiki,
Citroen C-Zero (16 kWh),Fronius Symo Hybrid 3.0/4.0/5.0-3-S,in_catalog,yes,protocol_verified,,PSA C-Zero pack (shares Mitsubishi i-MiEV),2010-2018,,15.0.14,HW3.1,dalathegreat/Battery-Emulator i-MiEV wiki,
Citroen C-Zero (16 kWh),Fronius Verto Plus 15-33kW,in_catalog,yes,protocol_verified,,PSA C-Zero pack (shares Mitsubishi i-MiEV),2010-2018,,15.0.14,HW3.1,dalathegreat/Battery-Emulator i-MiEV wiki,
Citroen C-Zero (16 kWh),GoodWe A-ES hybrid inverter (America Split Phase),in_catalog,yes,protocol_verified,,PSA C-Zero pack (shares Mitsubishi i-MiEV),2010-2018,,15.0.14,HW3.1,dalathegreat/Battery-Emulator i-MiEV wiki,
Citroen C-Zero (16 kWh),GoodWe BH AC battery inverter,in_catalog,yes,protocol_verified,,PSA C-Zero pack (shares Mitsubishi i-MiEV),2010-2018,,15.0.14,HW3.1,dalathegreat/Battery-Emulator i-MiEV wiki,
Citroen C-Zero (16 kWh),GoodWe BT AC battery inverter,in_catalog,yes,protocol_verified,,PSA C-Zero pack (shares Mitsubishi i-MiEV),2010-2018,,15.0.14,HW3.1,dalathegreat/Battery-Emulator i-MiEV wiki,
Citroen C-Zero (16 kWh),GoodWe EH hybrid solar,in_catalog,yes,protocol_verified,,PSA C-Zero pack (shares Mitsubishi i-MiEV),2010-2018,,15.0.14,HW3.1,dalathegreat/Battery-Emulator i-MiEV wiki,
Citroen C-Zero (16 kWh),GoodWe EHB high voltage battery,in_catalog,yes,protocol_verified,,PSA C-Zero pack (shares Mitsubishi i-MiEV),2010-2018,,15.0.14,HW3.1,dalathegreat/Battery-Emulator i-MiEV wiki,
Citroen C-Zero (16 kWh),GoodWe EHB hybrid inverter (South Africa only),in_catalog,yes,protocol_verified,,PSA C-Zero pack (shares Mitsubishi i-MiEV),2010-2018,,15.0.14,HW3.1,dalathegreat/Battery-Emulator i-MiEV wiki,
Citroen C-Zero (16 kWh),GoodWe ES hybrid solar,in_catalog,yes,protocol_verified,,PSA C-Zero pack (shares Mitsubishi i-MiEV),2010-2018,,15.0.14,HW3.1,dalathegreat/Battery-Emulator i-MiEV wiki,
Citroen C-Zero (16 kWh),GoodWe ET hybrid solar,in_catalog,yes,protocol_verified,,PSA C-Zero pack (shares Mitsubishi i-MiEV),2010-2018,,15.0.14,HW3.1,dalathegreat/Battery-Emulator i-MiEV wiki,
Citroen C-Zero (16 kWh),GoodWe SBP battery inverter,in_catalog,yes,protocol_verified,,PSA C-Zero pack (shares Mitsubishi i-MiEV),2010-2018,,15.0.14,HW3.1,dalathegreat/Battery-Emulator i-MiEV wiki,
Citroen C-Zero (16 kWh),Growatt HV Growatt SPH,in_catalog,yes,protocol_verified,,PSA C-Zero pack (shares Mitsubishi i-MiEV),2010-2018,,15.0.14,HW3.1,dalathegreat/Battery-Emulator i-MiEV wiki,
Citroen C-Zero (16 kWh),Growatt HV Growatt SPH (TL3-BH-UP) (5-10kW 3P),in_catalog,yes,protocol_verified,,PSA C-Zero pack (shares Mitsubishi i-MiEV),2010-2018,,15.0.14,HW3.1,dalathegreat/Battery-Emulator i-MiEV wiki,
Citroen C-Zero (16 kWh),Growatt LV Growatt SPH (4.6-10) (TL3-BH) (5-10kW 3P),in_catalog,yes,protocol_verified,,PSA C-Zero pack (shares Mitsubishi i-MiEV),2010-2018,,15.0.14,HW3.1,dalathegreat/Battery-Emulator i-MiEV wiki,
Citroen C-Zero (16 kWh),Growatt WIT 50-100K-HU,in_catalog,yes,protocol_verified,,PSA C-Zero pack (shares Mitsubishi i-MiEV),2010-2018,,15.0.14,HW3.1,dalathegreat/Battery-Emulator i-MiEV wiki,
Citroen C-Zero (16 kWh),Growatt WIT 50-100K-HU (TL3-BH-UP) (5-10kW 3P),in_catalog,yes,protocol_verified,,PSA C-Zero pack (shares Mitsubishi i-MiEV),2010-2018,,15.0.14,HW3.1,dalathegreat/Battery-Emulator i-MiEV wiki,
Citroen C-Zero (16 kWh),Hoymiles HYT/HAT-HV,in_catalog,yes,protocol_verified,,PSA C-Zero pack (shares Mitsubishi i-MiEV),2010-2018,,15.0.14,HW3.1,dalathegreat/Battery-Emulator i-MiEV wiki,
Citroen C-Zero (16 kWh),Huawei SUN2000-(2-6)KTL-L1 (400V),in_catalog,yes,protocol_verified,,PSA C-Zero pack (shares Mitsubishi i-MiEV),2010-2018,,15.0.14,HW3.1,dalathegreat/Battery-Emulator i-MiEV wiki,
Citroen C-Zero (16 kWh),Huawei SUN2000-(3-20)K-MB0 (400V),in_catalog,yes,protocol_verified,,PSA C-Zero pack (shares Mitsubishi i-MiEV),2010-2018,,15.0.14,HW3.1,dalathegreat/Battery-Emulator i-MiEV wiki,
Citroen C-Zero (16 kWh),Kostal Plenticore Plus (3.0-10),in_catalog,yes,protocol_verified,,PSA C-Zero pack (shares Mitsubishi i-MiEV),2010-2018,,15.0.14,HW3.1,dalathegreat/Battery-Emulator i-MiEV wiki,
Citroen C-Zero (16 kWh),Maple Leaf Northern Fox H1-H3-AC1-KH,in_catalog,yes,protocol_verified,,PSA C-Zero pack (shares Mitsubishi i-MiEV),2010-2018,,15.0.14,HW3.1,dalathegreat/Battery-Emulator i-MiEV wiki,
Citroen C-Zero (16 kWh),SAJ H2 Hybrid (3-12)K-S2,in_catalog,yes,protocol_verified,,PSA C-Zero pack (shares Mitsubishi i-MiEV),2010-2018,,15.0.14,HW3.1,dalathegreat/Battery-Emulator i-MiEV wiki,
Citroen C-Zero (16 kWh),SMA Sunny Boy Smart Energy 3.6 / 4.0 / 5.0 / 6.0-50 Hybrid Inverter,in_catalog,yes,protocol_verified,,PSA C-Zero pack (shares Mitsubishi i-MiEV),2010-2018,,15.0.14,HW3.1,dalathegreat/Battery-Emulator i-MiEV wiki,
Citroen C-Zero (16 kWh),SMA Sunny Boy Smart Energy 3.6-6.0,in_catalog,yes,protocol_verified,,PSA C-Zero pack (shares Mitsubishi i-MiEV),2010-2018,,15.0.14,HW3.1,dalathegreat/Battery-Emulator i-MiEV wiki,
Citroen C-Zero (16 kWh),SMA Sunny Boy Storage 2.5,in_catalog,yes,protocol_verified,,PSA C-Zero pack (shares Mitsubishi i-MiEV),2010-2018,,15.0.14,HW3.1,dalathegreat/Battery-Emulator i-MiEV wiki,
Citroen C-Zero (16 kWh),SMA Sunny Boy Storage 2.5 / 3.7 / 5.0 / 6.0,in_catalog,yes,protocol_verified,,PSA C-Zero pack (shares Mitsubishi i-MiEV),2010-2018,,15.0.14,HW3.1,dalathegreat/Battery-Emulator i-MiEV wiki,
Citroen C-Zero (16 kWh),SMA Sunny Tripower Smart 5.0-10.0 SE,in_catalog,yes,protocol_verified,,PSA C-Zero pack (shares Mitsubishi i-MiEV),2010-2018,,15.0.14,HW3.1,dalathegreat/Battery-Emulator i-MiEV wiki,
Citroen C-Zero (16 kWh),SMA Sunny Tripower X,in_catalog,yes,protocol_verified,,PSA C-Zero pack (shares Mitsubishi i-MiEV),2010-2018,,15.0.14,HW3.1,dalathegreat/Battery-Emulator i-MiEV wiki,
Citroen C-Zero (16 kWh),Sofar 5K...20KTL-3PH,in_catalog,yes,protocol_verified,,PSA C-Zero pack (shares Mitsubishi i-MiEV),2010-2018,,15.0.14,HW3.1,dalathegreat/Battery-Emulator i-MiEV wiki,
Citroen C-Zero (16 kWh),Sofar HYD (3-20)KTL-3PH,in_catalog,yes,protocol_verified,,PSA C-Zero pack (shares Mitsubishi i-MiEV),2010-2018,,15.0.14,HW3.1,dalathegreat/Battery-Emulator i-MiEV wiki,
Citroen C-Zero (16 kWh),SolaX X1 Hybrid,in_catalog,yes,protocol_verified,,PSA C-Zero pack (shares Mitsubishi i-MiEV),2010-2018,,15.0.14,HW3.1,dalathegreat/Battery-Emulator i-MiEV wiki,
Citroen C-Zero (16 kWh),SolaX X1 Hybrid G4,in_catalog,yes,protocol_verified,,PSA C-Zero pack (shares Mitsubishi i-MiEV),2010-2018,,15.0.14,HW3.1,dalathegreat/Battery-Emulator i-MiEV wiki,
Citroen C-Zero (16 kWh),SolaX X3 Hybrid,in_catalog,yes,protocol_verified,,PSA C-Zero pack (shares Mitsubishi i-MiEV),2010-2018,,15.0.14,HW3.1,dalathegreat/Battery-Emulator i-MiEV wiki,
Citroen C-Zero (16 kWh),SolaX X3 Hybrid G4,in_catalog,yes,protocol_verified,,PSA C-Zero pack (shares Mitsubishi i-MiEV),2010-2018,,15.0.14,HW3.1,dalathegreat/Battery-Emulator i-MiEV wiki,
Citroen C-Zero (16 kWh),SolaX X3-Ultra Hybrid,in_catalog,yes,protocol_verified,,PSA C-Zero pack (shares Mitsubishi i-MiEV),2010-2018,,15.0.14,HW3.1,dalathegreat/Battery-Emulator i-MiEV wiki,
Citroen C-Zero (16 kWh),Solis RHI-3P(5-10)K-HVES-5G / S6-EH1P10K-H-US-APST,in_catalog,yes,protocol_verified,,PSA C-Zero pack (shares Mitsubishi i-MiEV),2010-2018,,15.0.14,HW3.1,dalathegreat/Battery-Emulator i-MiEV wiki,
Citroen C-Zero (16 kWh),Solis RHI-3P(5-10)K-HVES-5G / S6-EH3P-(5-10.0K)-H-EU,in_catalog,yes,protocol_verified,,PSA C-Zero pack (shares Mitsubishi i-MiEV),2010-2018,,15.0.14,HW3.1,dalathegreat/Battery-Emulator i-MiEV wiki,
Citroen C-Zero (16 kWh),Solis S5-EH1P (3-6) K-L (5-6 kW 1P US),in_catalog,yes,protocol_verified,,PSA C-Zero pack (shares Mitsubishi i-MiEV),2010-2018,,15.0.14,HW3.1,dalathegreat/Battery-Emulator i-MiEV wiki,
Citroen C-Zero (16 kWh),Solis S6-EH3P(8-15)K-H 8-15 kW 3P (5-6 kW 1P US),in_catalog,yes,protocol_verified,,PSA C-Zero pack (shares Mitsubishi i-MiEV),2010-2018,,15.0.14,HW3.1,dalathegreat/Battery-Emulator i-MiEV wiki,
Citroen C-Zero (16 kWh),Solxpow Solxpow X3 12-20kW,in_catalog,yes,protocol_verified,,PSA C-Zero pack (shares Mitsubishi i-MiEV),2010-2018,,15.0.14,HW3.1,dalathegreat/Battery-Emulator i-MiEV wiki,
Citroen C-Zero (16 kWh),Sungrow SH15T/SH20T/SH25T,in_catalog,yes,protocol_verified,,PSA C-Zero pack (shares Mitsubishi i-MiEV),2010-2018,,15.0.14,HW3.1,dalathegreat/Battery-Emulator i-MiEV wiki,
Citroen C-Zero (16 kWh),Sungrow SH3.0/3.6/4.0/5.0/6.0RS,in_catalog,yes,protocol_verified,,PSA C-Zero pack (shares Mitsubishi i-MiEV),2010-2018,,15.0.14,HW3.1,dalathegreat/Battery-Emulator i-MiEV wiki,
Citroen C-Zero (16 kWh),Sungrow SH5.0/6.0/8.0/10RT,in_catalog,yes,protocol_verified,,PSA C-Zero pack (shares Mitsubishi i-MiEV),2010-2018,,15.0.14,HW3.1,dalathegreat/Battery-Emulator i-MiEV wiki,
Citroen C3 Aircross (2024-) Europe (Stellantis CMP Smart Car),Afore AF17K-THA 230V,in_catalog,yes,in_catalog,,,,,15.0.14,HW3.1,BMS-EV firmware supports this pair based on protocol translation,
Citroen C3 Aircross (2024-) Europe (Stellantis CMP Smart Car),Deye SUN-(29.9-50)K-SG01HP3-EU-BM3,in_catalog,yes,in_catalog,,,,,15.0.14,HW3.1,BMS-EV firmware supports this pair based on protocol translation,
Citroen C3 Aircross (2024-) Europe (Stellantis CMP Smart Car),Deye SUN-(5-20)K-SG01HP3-EU-AM2,in_catalog,yes,in_catalog,,,,,15.0.14,HW3.1,BMS-EV firmware supports this pair based on protocol translation,
Citroen C3 Aircross (2024-) Europe (Stellantis CMP Smart Car),Felicity T-REX-50KHP3G01,in_catalog,yes,in_catalog,,,,,15.0.14,HW3.1,BMS-EV firmware supports this pair based on protocol translation,
Citroen C3 Aircross (2024-) Europe (Stellantis CMP Smart Car),Ferroamp EnergyHub,in_catalog,yes,in_catalog,,,,,15.0.14,HW3.1,BMS-EV firmware supports this pair based on protocol translation,
Citroen C3 Aircross (2024-) Europe (Stellantis CMP Smart Car),FoxESS H1/AC1,in_catalog,yes,in_catalog,,,,,15.0.14,HW3.1,BMS-EV firmware supports this pair based on protocol translation,
Citroen C3 Aircross (2024-) Europe (Stellantis CMP Smart Car),FoxESS H3 Pro,in_catalog,yes,in_catalog,,,,,15.0.14,HW3.1,BMS-EV firmware supports this pair based on protocol translation,
Citroen C3 Aircross (2024-) Europe (Stellantis CMP Smart Car),FoxESS H3 Smart,in_catalog,yes,in_catalog,,,,,15.0.14,HW3.1,BMS-EV firmware supports this pair based on protocol translation,
Citroen C3 Aircross (2024-) Europe (Stellantis CMP Smart Car),FoxESS H3/AC3,in_catalog,yes,in_catalog,,,,,15.0.14,HW3.1,BMS-EV firmware supports this pair based on protocol translation,
Citroen C3 Aircross (2024-) Europe (Stellantis CMP Smart Car),Fronius Primo Gen24 Plus,in_catalog,yes,in_catalog,,,,,15.0.14,HW3.1,BMS-EV firmware supports this pair based on protocol translation,
Citroen C3 Aircross (2024-) Europe (Stellantis CMP Smart Car),Fronius Symo Gen24 Plus,in_catalog,yes,in_catalog,,,,,15.0.14,HW3.1,BMS-EV firmware supports this pair based on protocol translation,
Citroen C3 Aircross (2024-) Europe (Stellantis CMP Smart Car),Fronius Symo Hybrid 3.0/4.0/5.0-3-S,in_catalog,yes,in_catalog,,,,,15.0.14,HW3.1,BMS-EV firmware supports this pair based on protocol translation,
Citroen C3 Aircross (2024-) Europe (Stellantis CMP Smart Car),Fronius Verto Plus 15-33kW,in_catalog,yes,in_catalog,,,,,15.0.14,HW3.1,BMS-EV firmware supports this pair based on protocol translation,
Citroen C3 Aircross (2024-) Europe (Stellantis CMP Smart Car),GoodWe A-ES hybrid inverter (America Split Phase),in_catalog,yes,in_catalog,,,,,15.0.14,HW3.1,BMS-EV firmware supports this pair based on protocol translation,
Citroen C3 Aircross (2024-) Europe (Stellantis CMP Smart Car),GoodWe BH AC battery inverter,in_catalog,yes,in_catalog,,,,,15.0.14,HW3.1,BMS-EV firmware supports this pair based on protocol translation,
Citroen C3 Aircross (2024-) Europe (Stellantis CMP Smart Car),GoodWe BT AC battery inverter,in_catalog,yes,in_catalog,,,,,15.0.14,HW3.1,BMS-EV firmware supports this pair based on protocol translation,
Citroen C3 Aircross (2024-) Europe (Stellantis CMP Smart Car),GoodWe EH hybrid solar,in_catalog,yes,in_catalog,,,,,15.0.14,HW3.1,BMS-EV firmware supports this pair based on protocol translation,
Citroen C3 Aircross (2024-) Europe (Stellantis CMP Smart Car),GoodWe EHB high voltage battery,in_catalog,yes,in_catalog,,,,,15.0.14,HW3.1,BMS-EV firmware supports this pair based on protocol translation,
Citroen C3 Aircross (2024-) Europe (Stellantis CMP Smart Car),GoodWe EHB hybrid inverter (South Africa only),in_catalog,yes,in_catalog,,,,,15.0.14,HW3.1,BMS-EV firmware supports this pair based on protocol translation,
Citroen C3 Aircross (2024-) Europe (Stellantis CMP Smart Car),GoodWe ES hybrid solar,in_catalog,yes,in_catalog,,,,,15.0.14,HW3.1,BMS-EV firmware supports this pair based on protocol translation,
Citroen C3 Aircross (2024-) Europe (Stellantis CMP Smart Car),GoodWe ET hybrid solar,in_catalog,yes,in_catalog,,,,,15.0.14,HW3.1,BMS-EV firmware supports this pair based on protocol translation,
Citroen C3 Aircross (2024-) Europe (Stellantis CMP Smart Car),GoodWe SBP battery inverter,in_catalog,yes,in_catalog,,,,,15.0.14,HW3.1,BMS-EV firmware supports this pair based on protocol translation,
Citroen C3 Aircross (2024-) Europe (Stellantis CMP Smart Car),Growatt HV Growatt SPH,in_catalog,yes,in_catalog,,,,,15.0.14,HW3.1,BMS-EV firmware supports this pair based on protocol translation,
Citroen C3 Aircross (2024-) Europe (Stellantis CMP Smart Car),Growatt HV Growatt SPH (TL3-BH-UP) (5-10kW 3P),in_catalog,yes,in_catalog,,,,,15.0.14,HW3.1,BMS-EV firmware supports this pair based on protocol translation,
Citroen C3 Aircross (2024-) Europe (Stellantis CMP Smart Car),Growatt LV Growatt SPH (4.6-10) (TL3-BH) (5-10kW 3P),in_catalog,yes,in_catalog,,,,,15.0.14,HW3.1,BMS-EV firmware supports this pair based on protocol translation,
Citroen C3 Aircross (2024-) Europe (Stellantis CMP Smart Car),Growatt WIT 50-100K-HU,in_catalog,yes,in_catalog,,,,,15.0.14,HW3.1,BMS-EV firmware supports this pair based on protocol translation,
Citroen C3 Aircross (2024-) Europe (Stellantis CMP Smart Car),Growatt WIT 50-100K-HU (TL3-BH-UP) (5-10kW 3P),in_catalog,yes,in_catalog,,,,,15.0.14,HW3.1,BMS-EV firmware supports this pair based on protocol translation,
Citroen C3 Aircross (2024-) Europe (Stellantis CMP Smart Car),Hoymiles HYT/HAT-HV,in_catalog,yes,in_catalog,,,,,15.0.14,HW3.1,BMS-EV firmware supports this pair based on protocol translation,
Citroen C3 Aircross (2024-) Europe (Stellantis CMP Smart Car),Huawei SUN2000-(2-6)KTL-L1 (400V),in_catalog,yes,in_catalog,,,,,15.0.14,HW3.1,BMS-EV firmware supports this pair based on protocol translation,
Citroen C3 Aircross (2024-) Europe (Stellantis CMP Smart Car),Huawei SUN2000-(3-20)K-MB0 (400V),in_catalog,yes,in_catalog,,,,,15.0.14,HW3.1,BMS-EV firmware supports this pair based on protocol translation,
Citroen C3 Aircross (2024-) Europe (Stellantis CMP Smart Car),Kostal Plenticore Plus (3.0-10),in_catalog,yes,in_catalog,,,,,15.0.14,HW3.1,BMS-EV firmware supports this pair based on protocol translation,
Citroen C3 Aircross (2024-) Europe (Stellantis CMP Smart Car),Maple Leaf Northern Fox H1-H3-AC1-KH,in_catalog,yes,in_catalog,,,,,15.0.14,HW3.1,BMS-EV firmware supports this pair based on protocol translation,
Citroen C3 Aircross (2024-) Europe (Stellantis CMP Smart Car),SAJ H2 Hybrid (3-12)K-S2,in_catalog,yes,in_catalog,,,,,15.0.14,HW3.1,BMS-EV firmware supports this pair based on protocol translation,
Citroen C3 Aircross (2024-) Europe (Stellantis CMP Smart Car),SMA Sunny Boy Smart Energy 3.6 / 4.0 / 5.0 / 6.0-50 Hybrid Inverter,in_catalog,yes,in_catalog,,,,,15.0.14,HW3.1,BMS-EV firmware supports this pair based on protocol translation,
Citroen C3 Aircross (2024-) Europe (Stellantis CMP Smart Car),SMA Sunny Boy Smart Energy 3.6-6.0,in_catalog,yes,in_catalog,,,,,15.0.14,HW3.1,BMS-EV firmware supports this pair based on protocol translation,
Citroen C3 Aircross (2024-) Europe (Stellantis CMP Smart Car),SMA Sunny Boy Storage 2.5,in_catalog,yes,in_catalog,,,,,15.0.14,HW3.1,BMS-EV firmware supports this pair based on protocol translation,
Citroen C3 Aircross (2024-) Europe (Stellantis CMP Smart Car),SMA Sunny Boy Storage 2.5 / 3.7 / 5.0 / 6.0,in_catalog,yes,in_catalog,,,,,15.0.14,HW3.1,BMS-EV firmware supports this pair based on protocol translation,
Citroen C3 Aircross (2024-) Europe (Stellantis CMP Smart Car),SMA Sunny Tripower Smart 5.0-10.0 SE,in_catalog,yes,in_catalog,,,,,15.0.14,HW3.1,BMS-EV firmware supports this pair based on protocol translation,
Citroen C3 Aircross (2024-) Europe (Stellantis CMP Smart Car),SMA Sunny Tripower X,in_catalog,yes,in_catalog,,,,,15.0.14,HW3.1,BMS-EV firmware supports this pair based on protocol translation,
Citroen C3 Aircross (2024-) Europe (Stellantis CMP Smart Car),Sofar 5K...20KTL-3PH,in_catalog,yes,in_catalog,,,,,15.0.14,HW3.1,BMS-EV firmware supports this pair based on protocol translation,
Citroen C3 Aircross (2024-) Europe (Stellantis CMP Smart Car),Sofar HYD (3-20)KTL-3PH,in_catalog,yes,in_catalog,,,,,15.0.14,HW3.1,BMS-EV firmware supports this pair based on protocol translation,
Citroen C3 Aircross (2024-) Europe (Stellantis CMP Smart Car),SolaX X1 Hybrid,in_catalog,yes,in_catalog,,,,,15.0.14,HW3.1,BMS-EV firmware supports this pair based on protocol translation,
Citroen C3 Aircross (2024-) Europe (Stellantis CMP Smart Car),SolaX X1 Hybrid G4,in_catalog,yes,in_catalog,,,,,15.0.14,HW3.1,BMS-EV firmware supports this pair based on protocol translation,
Citroen C3 Aircross (2024-) Europe (Stellantis CMP Smart Car),SolaX X3 Hybrid,in_catalog,yes,in_catalog,,,,,15.0.14,HW3.1,BMS-EV firmware supports this pair based on protocol translation,
Citroen C3 Aircross (2024-) Europe (Stellantis CMP Smart Car),SolaX X3 Hybrid G4,in_catalog,yes,in_catalog,,,,,15.0.14,HW3.1,BMS-EV firmware supports this pair based on protocol translation,
Citroen C3 Aircross (2024-) Europe (Stellantis CMP Smart Car),SolaX X3-Ultra Hybrid,in_catalog,yes,in_catalog,,,,,15.0.14,HW3.1,BMS-EV firmware supports this pair based on protocol translation,
Citroen C3 Aircross (2024-) Europe (Stellantis CMP Smart Car),Solis RHI-3P(5-10)K-HVES-5G / S6-EH1P10K-H-US-APST,in_catalog,yes,in_catalog,,,,,15.0.14,HW3.1,BMS-EV firmware supports this pair based on protocol translation,
Citroen C3 Aircross (2024-) Europe (Stellantis CMP Smart Car),Solis RHI-3P(5-10)K-HVES-5G / S6-EH3P-(5-10.0K)-H-EU,in_catalog,yes,in_catalog,,,,,15.0.14,HW3.1,BMS-EV firmware supports this pair based on protocol translation,
Citroen C3 Aircross (2024-) Europe (Stellantis CMP Smart Car),Solis S5-EH1P (3-6) K-L (5-6 kW 1P US),in_catalog,yes,in_catalog,,,,,15.0.14,HW3.1,BMS-EV firmware supports this pair based on protocol translation,
Citroen C3 Aircross (2024-) Europe (Stellantis CMP Smart Car),Solis S6-EH3P(8-15)K-H 8-15 kW 3P (5-6 kW 1P US),in_catalog,yes,in_catalog,,,,,15.0.14,HW3.1,BMS-EV firmware supports this pair based on protocol translation,
Citroen C3 Aircross (2024-) Europe (Stellantis CMP Smart Car),Solxpow Solxpow X3 12-20kW,in_catalog,yes,in_catalog,,,,,15.0.14,HW3.1,BMS-EV firmware supports this pair based on protocol translation,
Citroen C3 Aircross (2024-) Europe (Stellantis CMP Smart Car),Sungrow SH15T/SH20T/SH25T,in_catalog,yes,in_catalog,,,,,15.0.14,HW3.1,BMS-EV firmware supports this pair based on protocol translation,
Citroen C3 Aircross (2024-) Europe (Stellantis CMP Smart Car),Sungrow SH3.0/3.6/4.0/5.0/6.0RS,in_catalog,yes,in_catalog,,,,,15.0.14,HW3.1,BMS-EV firmware supports this pair based on protocol translation,
Citroen C3 Aircross (2024-) Europe (Stellantis CMP Smart Car),Sungrow SH5.0/6.0/8.0/10RT,in_catalog,yes,in_catalog,,,,,15.0.14,HW3.1,BMS-EV firmware supports this pair based on protocol translation,
Citroen C3 Aircross CC24 (2023-) Asia/LatAm (Stellantis CMP Smart Car),Afore AF17K-THA 230V,in_catalog,yes,in_catalog,,,,,15.0.14,HW3.1,BMS-EV firmware supports this pair based on protocol translation,
Citroen C3 Aircross CC24 (2023-) Asia/LatAm (Stellantis CMP Smart Car),Deye SUN-(29.9-50)K-SG01HP3-EU-BM3,in_catalog,yes,in_catalog,,,,,15.0.14,HW3.1,BMS-EV firmware supports this pair based on protocol translation,
Citroen C3 Aircross CC24 (2023-) Asia/LatAm (Stellantis CMP Smart Car),Deye SUN-(5-20)K-SG01HP3-EU-AM2,in_catalog,yes,in_catalog,,,,,15.0.14,HW3.1,BMS-EV firmware supports this pair based on protocol translation,
Citroen C3 Aircross CC24 (2023-) Asia/LatAm (Stellantis CMP Smart Car),Felicity T-REX-50KHP3G01,in_catalog,yes,in_catalog,,,,,15.0.14,HW3.1,BMS-EV firmware supports this pair based on protocol translation,
Citroen C3 Aircross CC24 (2023-) Asia/LatAm (Stellantis CMP Smart Car),Ferroamp EnergyHub,in_catalog,yes,in_catalog,,,,,15.0.14,HW3.1,BMS-EV firmware supports this pair based on protocol translation,
Citroen C3 Aircross CC24 (2023-) Asia/LatAm (Stellantis CMP Smart Car),FoxESS H1/AC1,in_catalog,yes,in_catalog,,,,,15.0.14,HW3.1,BMS-EV firmware supports this pair based on protocol translation,
Citroen C3 Aircross CC24 (2023-) Asia/LatAm (Stellantis CMP Smart Car),FoxESS H3 Pro,in_catalog,yes,in_catalog,,,,,15.0.14,HW3.1,BMS-EV firmware supports this pair based on protocol translation,
Citroen C3 Aircross CC24 (2023-) Asia/LatAm (Stellantis CMP Smart Car),FoxESS H3 Smart,in_catalog,yes,in_catalog,,,,,15.0.14,HW3.1,BMS-EV firmware supports this pair based on protocol translation,
Citroen C3 Aircross CC24 (2023-) Asia/LatAm (Stellantis CMP Smart Car),FoxESS H3/AC3,in_catalog,yes,in_catalog,,,,,15.0.14,HW3.1,BMS-EV firmware supports this pair based on protocol translation,
Citroen C3 Aircross CC24 (2023-) Asia/LatAm (Stellantis CMP Smart Car),Fronius Primo Gen24 Plus,in_catalog,yes,in_catalog,,,,,15.0.14,HW3.1,BMS-EV firmware supports this pair based on protocol translation,
Citroen C3 Aircross CC24 (2023-) Asia/LatAm (Stellantis CMP Smart Car),Fronius Symo Gen24 Plus,in_catalog,yes,in_catalog,,,,,15.0.14,HW3.1,BMS-EV firmware supports this pair based on protocol translation,
Citroen C3 Aircross CC24 (2023-) Asia/LatAm (Stellantis CMP Smart Car),Fronius Symo Hybrid 3.0/4.0/5.0-3-S,in_catalog,yes,in_catalog,,,,,15.0.14,HW3.1,BMS-EV firmware supports this pair based on protocol translation,
Citroen C3 Aircross CC24 (2023-) Asia/LatAm (Stellantis CMP Smart Car),Fronius Verto Plus 15-33kW,in_catalog,yes,in_catalog,,,,,15.0.14,HW3.1,BMS-EV firmware supports this pair based on protocol translation,
Citroen C3 Aircross CC24 (2023-) Asia/LatAm (Stellantis CMP Smart Car),GoodWe A-ES hybrid inverter (America Split Phase),in_catalog,yes,in_catalog,,,,,15.0.14,HW3.1,BMS-EV firmware supports this pair based on protocol translation,
Citroen C3 Aircross CC24 (2023-) Asia/LatAm (Stellantis CMP Smart Car),GoodWe BH AC battery inverter,in_catalog,yes,in_catalog,,,,,15.0.14,HW3.1,BMS-EV firmware supports this pair based on protocol translation,
Citroen C3 Aircross CC24 (2023-) Asia/LatAm (Stellantis CMP Smart Car),GoodWe BT AC battery inverter,in_catalog,yes,in_catalog,,,,,15.0.14,HW3.1,BMS-EV firmware supports this pair based on protocol translation,
Citroen C3 Aircross CC24 (2023-) Asia/LatAm (Stellantis CMP Smart Car),GoodWe EH hybrid solar,in_catalog,yes,in_catalog,,,,,15.0.14,HW3.1,BMS-EV firmware supports this pair based on protocol translation,
Citroen C3 Aircross CC24 (2023-) Asia/LatAm (Stellantis CMP Smart Car),GoodWe EHB high voltage battery,in_catalog,yes,in_catalog,,,,,15.0.14,HW3.1,BMS-EV firmware supports this pair based on protocol translation,
Citroen C3 Aircross CC24 (2023-) Asia/LatAm (Stellantis CMP Smart Car),GoodWe EHB hybrid inverter (South Africa only),in_catalog,yes,in_catalog,,,,,15.0.14,HW3.1,BMS-EV firmware supports this pair based on protocol translation,
Citroen C3 Aircross CC24 (2023-) Asia/LatAm (Stellantis CMP Smart Car),GoodWe ES hybrid solar,in_catalog,yes,in_catalog,,,,,15.0.14,HW3.1,BMS-EV firmware supports this pair based on protocol translation,
Citroen C3 Aircross CC24 (2023-) Asia/LatAm (Stellantis CMP Smart Car),GoodWe ET hybrid solar,in_catalog,yes,in_catalog,,,,,15.0.14,HW3.1,BMS-EV firmware supports this pair based on protocol translation,
Citroen C3 Aircross CC24 (2023-) Asia/LatAm (Stellantis CMP Smart Car),GoodWe SBP battery inverter,in_catalog,yes,in_catalog,,,,,15.0.14,HW3.1,BMS-EV firmware supports this pair based on protocol translation,
Citroen C3 Aircross CC24 (2023-) Asia/LatAm (Stellantis CMP Smart Car),Growatt HV Growatt SPH,in_catalog,yes,in_catalog,,,,,15.0.14,HW3.1,BMS-EV firmware supports this pair based on protocol translation,
Citroen C3 Aircross CC24 (2023-) Asia/LatAm (Stellantis CMP Smart Car),Growatt HV Growatt SPH (TL3-BH-UP) (5-10kW 3P),in_catalog,yes,in_catalog,,,,,15.0.14,HW3.1,BMS-EV firmware supports this pair based on protocol translation,
Citroen C3 Aircross CC24 (2023-) Asia/LatAm (Stellantis CMP Smart Car),Growatt LV Growatt SPH (4.6-10) (TL3-BH) (5-10kW 3P),in_catalog,yes,in_catalog,,,,,15.0.14,HW3.1,BMS-EV firmware supports this pair based on protocol translation,
Citroen C3 Aircross CC24 (2023-) Asia/LatAm (Stellantis CMP Smart Car),Growatt WIT 50-100K-HU,in_catalog,yes,in_catalog,,,,,15.0.14,HW3.1,BMS-EV firmware supports this pair based on protocol translation,
Citroen C3 Aircross CC24 (2023-) Asia/LatAm (Stellantis CMP Smart Car),Growatt WIT 50-100K-HU (TL3-BH-UP) (5-10kW 3P),in_catalog,yes,in_catalog,,,,,15.0.14,HW3.1,BMS-EV firmware supports this pair based on protocol translation,
Citroen C3 Aircross CC24 (2023-) Asia/LatAm (Stellantis CMP Smart Car),Hoymiles HYT/HAT-HV,in_catalog,yes,in_catalog,,,,,15.0.14,HW3.1,BMS-EV firmware supports this pair based on protocol translation,
Citroen C3 Aircross CC24 (2023-) Asia/LatAm (Stellantis CMP Smart Car),Huawei SUN2000-(2-6)KTL-L1 (400V),in_catalog,yes,in_catalog,,,,,15.0.14,HW3.1,BMS-EV firmware supports this pair based on protocol translation,
Citroen C3 Aircross CC24 (2023-) Asia/LatAm (Stellantis CMP Smart Car),Huawei SUN2000-(3-20)K-MB0 (400V),in_catalog,yes,in_catalog,,,,,15.0.14,HW3.1,BMS-EV firmware supports this pair based on protocol translation,
Citroen C3 Aircross CC24 (2023-) Asia/LatAm (Stellantis CMP Smart Car),Kostal Plenticore Plus (3.0-10),in_catalog,yes,in_catalog,,,,,15.0.14,HW3.1,BMS-EV firmware supports this pair based on protocol translation,
Citroen C3 Aircross CC24 (2023-) Asia/LatAm (Stellantis CMP Smart Car),Maple Leaf Northern Fox H1-H3-AC1-KH,in_catalog,yes,in_catalog,,,,,15.0.14,HW3.1,BMS-EV firmware supports this pair based on protocol translation,
Citroen C3 Aircross CC24 (2023-) Asia/LatAm (Stellantis CMP Smart Car),SAJ H2 Hybrid (3-12)K-S2,in_catalog,yes,in_catalog,,,,,15.0.14,HW3.1,BMS-EV firmware supports this pair based on protocol translation,
Citroen C3 Aircross CC24 (2023-) Asia/LatAm (Stellantis CMP Smart Car),SMA Sunny Boy Smart Energy 3.6 / 4.0 / 5.0 / 6.0-50 Hybrid Inverter,in_catalog,yes,in_catalog,,,,,15.0.14,HW3.1,BMS-EV firmware supports this pair based on protocol translation,
Citroen C3 Aircross CC24 (2023-) Asia/LatAm (Stellantis CMP Smart Car),SMA Sunny Boy Smart Energy 3.6-6.0,in_catalog,yes,in_catalog,,,,,15.0.14,HW3.1,BMS-EV firmware supports this pair based on protocol translation,
Citroen C3 Aircross CC24 (2023-) Asia/LatAm (Stellantis CMP Smart Car),SMA Sunny Boy Storage 2.5,in_catalog,yes,in_catalog,,,,,15.0.14,HW3.1,BMS-EV firmware supports this pair based on protocol translation,
Citroen C3 Aircross CC24 (2023-) Asia/LatAm (Stellantis CMP Smart Car),SMA Sunny Boy Storage 2.5 / 3.7 / 5.0 / 6.0,in_catalog,yes,in_catalog,,,,,15.0.14,HW3.1,BMS-EV firmware supports this pair based on protocol translation,
Citroen C3 Aircross CC24 (2023-) Asia/LatAm (Stellantis CMP Smart Car),SMA Sunny Tripower Smart 5.0-10.0 SE,in_catalog,yes,in_catalog,,,,,15.0.14,HW3.1,BMS-EV firmware supports this pair based on protocol translation,
Citroen C3 Aircross CC24 (2023-) Asia/LatAm (Stellantis CMP Smart Car),SMA Sunny Tripower X,in_catalog,yes,in_catalog,,,,,15.0.14,HW3.1,BMS-EV firmware supports this pair based on protocol translation,
Citroen C3 Aircross CC24 (2023-) Asia/LatAm (Stellantis CMP Smart Car),Sofar 5K...20KTL-3PH,in_catalog,yes,in_catalog,,,,,15.0.14,HW3.1,BMS-EV firmware supports this pair based on protocol translation,
Citroen C3 Aircross CC24 (2023-) Asia/LatAm (Stellantis CMP Smart Car),Sofar HYD (3-20)KTL-3PH,in_catalog,yes,in_catalog,,,,,15.0.14,HW3.1,BMS-EV firmware supports this pair based on protocol translation,
Citroen C3 Aircross CC24 (2023-) Asia/LatAm (Stellantis CMP Smart Car),SolaX X1 Hybrid,in_catalog,yes,in_catalog,,,,,15.0.14,HW3.1,BMS-EV firmware supports this pair based on protocol translation,
Citroen C3 Aircross CC24 (2023-) Asia/LatAm (Stellantis CMP Smart Car),SolaX X1 Hybrid G4,in_catalog,yes,in_catalog,,,,,15.0.14,HW3.1,BMS-EV firmware supports this pair based on protocol translation,
Citroen C3 Aircross CC24 (2023-) Asia/LatAm (Stellantis CMP Smart Car),SolaX X3 Hybrid,in_catalog,yes,in_catalog,,,,,15.0.14,HW3.1,BMS-EV firmware supports this pair based on protocol translation,
Citroen C3 Aircross CC24 (2023-) Asia/LatAm (Stellantis CMP Smart Car),SolaX X3 Hybrid G4,in_catalog,yes,in_catalog,,,,,15.0.14,HW3.1,BMS-EV firmware supports this pair based on protocol translation,
Citroen C3 Aircross CC24 (2023-) Asia/LatAm (Stellantis CMP Smart Car),SolaX X3-Ultra Hybrid,in_catalog,yes,in_catalog,,,,,15.0.14,HW3.1,BMS-EV firmware supports this pair based on protocol translation,
Citroen C3 Aircross CC24 (2023-) Asia/LatAm (Stellantis CMP Smart Car),Solis RHI-3P(5-10)K-HVES-5G / S6-EH1P10K-H-US-APST,in_catalog,yes,in_catalog,,,,,15.0.14,HW3.1,BMS-EV firmware supports this pair based on protocol translation,
Citroen C3 Aircross CC24 (2023-) Asia/LatAm (Stellantis CMP Smart Car),Solis RHI-3P(5-10)K-HVES-5G / S6-EH3P-(5-10.0K)-H-EU,in_catalog,yes,in_catalog,,,,,15.0.14,HW3.1,BMS-EV firmware supports this pair based on protocol translation,
Citroen C3 Aircross CC24 (2023-) Asia/LatAm (Stellantis CMP Smart Car),Solis S5-EH1P (3-6) K-L (5-6 kW 1P US),in_catalog,yes,in_catalog,,,,,15.0.14,HW3.1,BMS-EV firmware supports this pair based on protocol translation,
Citroen C3 Aircross CC24 (2023-) Asia/LatAm (Stellantis CMP Smart Car),Solis S6-EH3P(8-15)K-H 8-15 kW 3P (5-6 kW 1P US),in_catalog,yes,in_catalog,,,,,15.0.14,HW3.1,BMS-EV firmware supports this pair based on protocol translation,
Citroen C3 Aircross CC24 (2023-) Asia/LatAm (Stellantis CMP Smart Car),Solxpow Solxpow X3 12-20kW,in_catalog,yes,in_catalog,,,,,15.0.14,HW3.1,BMS-EV firmware supports this pair based on protocol translation,
Citroen C3 Aircross CC24 (2023-) Asia/LatAm (Stellantis CMP Smart Car),Sungrow SH15T/SH20T/SH25T,in_catalog,yes,in_catalog,,,,,15.0.14,HW3.1,BMS-EV firmware supports this pair based on protocol translation,
Citroen C3 Aircross CC24 (2023-) Asia/LatAm (Stellantis CMP Smart Car),Sungrow SH3.0/3.6/4.0/5.0/6.0RS,in_catalog,yes,in_catalog,,,,,15.0.14,HW3.1,BMS-EV firmware supports this pair based on protocol translation,
Citroen C3 Aircross CC24 (2023-) Asia/LatAm (Stellantis CMP Smart Car),Sungrow SH5.0/6.0/8.0/10RT,in_catalog,yes,in_catalog,,,,,15.0.14,HW3.1,BMS-EV firmware supports this pair based on protocol translation,
Citroen C3 CC21 (2022-) Asia/LatAm (Stellantis CMP Smart Car),Afore AF17K-THA 230V,in_catalog,yes,in_catalog,,,,,15.0.14,HW3.1,BMS-EV firmware supports this pair based on protocol translation,
Citroen C3 CC21 (2022-) Asia/LatAm (Stellantis CMP Smart Car),Deye SUN-(29.9-50)K-SG01HP3-EU-BM3,in_catalog,yes,in_catalog,,,,,15.0.14,HW3.1,BMS-EV firmware supports this pair based on protocol translation,
Citroen C3 CC21 (2022-) Asia/LatAm (Stellantis CMP Smart Car),Deye SUN-(5-20)K-SG01HP3-EU-AM2,in_catalog,yes,in_catalog,,,,,15.0.14,HW3.1,BMS-EV firmware supports this pair based on protocol translation,
Citroen C3 CC21 (2022-) Asia/LatAm (Stellantis CMP Smart Car),Felicity T-REX-50KHP3G01,in_catalog,yes,in_catalog,,,,,15.0.14,HW3.1,BMS-EV firmware supports this pair based on protocol translation,
Citroen C3 CC21 (2022-) Asia/LatAm (Stellantis CMP Smart Car),Ferroamp EnergyHub,in_catalog,yes,in_catalog,,,,,15.0.14,HW3.1,BMS-EV firmware supports this pair based on protocol translation,
Citroen C3 CC21 (2022-) Asia/LatAm (Stellantis CMP Smart Car),FoxESS H1/AC1,in_catalog,yes,in_catalog,,,,,15.0.14,HW3.1,BMS-EV firmware supports this pair based on protocol translation,
Citroen C3 CC21 (2022-) Asia/LatAm (Stellantis CMP Smart Car),FoxESS H3 Pro,in_catalog,yes,in_catalog,,,,,15.0.14,HW3.1,BMS-EV firmware supports this pair based on protocol translation,
Citroen C3 CC21 (2022-) Asia/LatAm (Stellantis CMP Smart Car),FoxESS H3 Smart,in_catalog,yes,in_catalog,,,,,15.0.14,HW3.1,BMS-EV firmware supports this pair based on protocol translation,
Citroen C3 CC21 (2022-) Asia/LatAm (Stellantis CMP Smart Car),FoxESS H3/AC3,in_catalog,yes,in_catalog,,,,,15.0.14,HW3.1,BMS-EV firmware supports this pair based on protocol translation,
Citroen C3 CC21 (2022-) Asia/LatAm (Stellantis CMP Smart Car),Fronius Primo Gen24 Plus,in_catalog,yes,in_catalog,,,,,15.0.14,HW3.1,BMS-EV firmware supports this pair based on protocol translation,
Citroen C3 CC21 (2022-) Asia/LatAm (Stellantis CMP Smart Car),Fronius Symo Gen24 Plus,in_catalog,yes,in_catalog,,,,,15.0.14,HW3.1,BMS-EV firmware supports this pair based on protocol translation,
Citroen C3 CC21 (2022-) Asia/LatAm (Stellantis CMP Smart Car),Fronius Symo Hybrid 3.0/4.0/5.0-3-S,in_catalog,yes,in_catalog,,,,,15.0.14,HW3.1,BMS-EV firmware supports this pair based on protocol translation,
Citroen C3 CC21 (2022-) Asia/LatAm (Stellantis CMP Smart Car),Fronius Verto Plus 15-33kW,in_catalog,yes,in_catalog,,,,,15.0.14,HW3.1,BMS-EV firmware supports this pair based on protocol translation,
Citroen C3 CC21 (2022-) Asia/LatAm (Stellantis CMP Smart Car),GoodWe A-ES hybrid inverter (America Split Phase),in_catalog,yes,in_catalog,,,,,15.0.14,HW3.1,BMS-EV firmware supports this pair based on protocol translation,
Citroen C3 CC21 (2022-) Asia/LatAm (Stellantis CMP Smart Car),GoodWe BH AC battery inverter,in_catalog,yes,in_catalog,,,,,15.0.14,HW3.1,BMS-EV firmware supports this pair based on protocol translation,
Citroen C3 CC21 (2022-) Asia/LatAm (Stellantis CMP Smart Car),GoodWe BT AC battery inverter,in_catalog,yes,in_catalog,,,,,15.0.14,HW3.1,BMS-EV firmware supports this pair based on protocol translation,
Citroen C3 CC21 (2022-) Asia/LatAm (Stellantis CMP Smart Car),GoodWe EH hybrid solar,in_catalog,yes,in_catalog,,,,,15.0.14,HW3.1,BMS-EV firmware supports this pair based on protocol translation,
Citroen C3 CC21 (2022-) Asia/LatAm (Stellantis CMP Smart Car),GoodWe EHB high voltage battery,in_catalog,yes,in_catalog,,,,,15.0.14,HW3.1,BMS-EV firmware supports this pair based on protocol translation,
Citroen C3 CC21 (2022-) Asia/LatAm (Stellantis CMP Smart Car),GoodWe EHB hybrid inverter (South Africa only),in_catalog,yes,in_catalog,,,,,15.0.14,HW3.1,BMS-EV firmware supports this pair based on protocol translation,
Citroen C3 CC21 (2022-) Asia/LatAm (Stellantis CMP Smart Car),GoodWe ES hybrid solar,in_catalog,yes,in_catalog,,,,,15.0.14,HW3.1,BMS-EV firmware supports this pair based on protocol translation,
Citroen C3 CC21 (2022-) Asia/LatAm (Stellantis CMP Smart Car),GoodWe ET hybrid solar,in_catalog,yes,in_catalog,,,,,15.0.14,HW3.1,BMS-EV firmware supports this pair based on protocol translation,
Citroen C3 CC21 (2022-) Asia/LatAm (Stellantis CMP Smart Car),GoodWe SBP battery inverter,in_catalog,yes,in_catalog,,,,,15.0.14,HW3.1,BMS-EV firmware supports this pair based on protocol translation,
Citroen C3 CC21 (2022-) Asia/LatAm (Stellantis CMP Smart Car),Growatt HV Growatt SPH,in_catalog,yes,in_catalog,,,,,15.0.14,HW3.1,BMS-EV firmware supports this pair based on protocol translation,
Citroen C3 CC21 (2022-) Asia/LatAm (Stellantis CMP Smart Car),Growatt HV Growatt SPH (TL3-BH-UP) (5-10kW 3P),in_catalog,yes,in_catalog,,,,,15.0.14,HW3.1,BMS-EV firmware supports this pair based on protocol translation,
Citroen C3 CC21 (2022-) Asia/LatAm (Stellantis CMP Smart Car),Growatt LV Growatt SPH (4.6-10) (TL3-BH) (5-10kW 3P),in_catalog,yes,in_catalog,,,,,15.0.14,HW3.1,BMS-EV firmware supports this pair based on protocol translation,
Citroen C3 CC21 (2022-) Asia/LatAm (Stellantis CMP Smart Car),Growatt WIT 50-100K-HU,in_catalog,yes,in_catalog,,,,,15.0.14,HW3.1,BMS-EV firmware supports this pair based on protocol translation,
Citroen C3 CC21 (2022-) Asia/LatAm (Stellantis CMP Smart Car),Growatt WIT 50-100K-HU (TL3-BH-UP) (5-10kW 3P),in_catalog,yes,in_catalog,,,,,15.0.14,HW3.1,BMS-EV firmware supports this pair based on protocol translation,
Citroen C3 CC21 (2022-) Asia/LatAm (Stellantis CMP Smart Car),Hoymiles HYT/HAT-HV,in_catalog,yes,in_catalog,,,,,15.0.14,HW3.1,BMS-EV firmware supports this pair based on protocol translation,
Citroen C3 CC21 (2022-) Asia/LatAm (Stellantis CMP Smart Car),Huawei SUN2000-(2-6)KTL-L1 (400V),in_catalog,yes,in_catalog,,,,,15.0.14,HW3.1,BMS-EV firmware supports this pair based on protocol translation,
Citroen C3 CC21 (2022-) Asia/LatAm (Stellantis CMP Smart Car),Huawei SUN2000-(3-20)K-MB0 (400V),in_catalog,yes,in_catalog,,,,,15.0.14,HW3.1,BMS-EV firmware supports this pair based on protocol translation,
Citroen C3 CC21 (2022-) Asia/LatAm (Stellantis CMP Smart Car),Kostal Plenticore Plus (3.0-10),in_catalog,yes,in_catalog,,,,,15.0.14,HW3.1,BMS-EV firmware supports this pair based on protocol translation,
Citroen C3 CC21 (2022-) Asia/LatAm (Stellantis CMP Smart Car),Maple Leaf Northern Fox H1-H3-AC1-KH,in_catalog,yes,in_catalog,,,,,15.0.14,HW3.1,BMS-EV firmware supports this pair based on protocol translation,
Citroen C3 CC21 (2022-) Asia/LatAm (Stellantis CMP Smart Car),SAJ H2 Hybrid (3-12)K-S2,in_catalog,yes,in_catalog,,,,,15.0.14,HW3.1,BMS-EV firmware supports this pair based on protocol translation,
Citroen C3 CC21 (2022-) Asia/LatAm (Stellantis CMP Smart Car),SMA Sunny Boy Smart Energy 3.6 / 4.0 / 5.0 / 6.0-50 Hybrid Inverter,in_catalog,yes,in_catalog,,,,,15.0.14,HW3.1,BMS-EV firmware supports this pair based on protocol translation,
Citroen C3 CC21 (2022-) Asia/LatAm (Stellantis CMP Smart Car),SMA Sunny Boy Smart Energy 3.6-6.0,in_catalog,yes,in_catalog,,,,,15.0.14,HW3.1,BMS-EV firmware supports this pair based on protocol translation,
Citroen C3 CC21 (2022-) Asia/LatAm (Stellantis CMP Smart Car),SMA Sunny Boy Storage 2.5,in_catalog,yes,in_catalog,,,,,15.0.14,HW3.1,BMS-EV firmware supports this pair based on protocol translation,
Citroen C3 CC21 (2022-) Asia/LatAm (Stellantis CMP Smart Car),SMA Sunny Boy Storage 2.5 / 3.7 / 5.0 / 6.0,in_catalog,yes,in_catalog,,,,,15.0.14,HW3.1,BMS-EV firmware supports this pair based on protocol translation,
Citroen C3 CC21 (2022-) Asia/LatAm (Stellantis CMP Smart Car),SMA Sunny Tripower Smart 5.0-10.0 SE,in_catalog,yes,in_catalog,,,,,15.0.14,HW3.1,BMS-EV firmware supports this pair based on protocol translation,
Citroen C3 CC21 (2022-) Asia/LatAm (Stellantis CMP Smart Car),SMA Sunny Tripower X,in_catalog,yes,in_catalog,,,,,15.0.14,HW3.1,BMS-EV firmware supports this pair based on protocol translation,
Citroen C3 CC21 (2022-) Asia/LatAm (Stellantis CMP Smart Car),Sofar 5K...20KTL-3PH,in_catalog,yes,in_catalog,,,,,15.0.14,HW3.1,BMS-EV firmware supports this pair based on protocol translation,
Citroen C3 CC21 (2022-) Asia/LatAm (Stellantis CMP Smart Car),Sofar HYD (3-20)KTL-3PH,in_catalog,yes,in_catalog,,,,,15.0.14,HW3.1,BMS-EV firmware supports this pair based on protocol translation,
Citroen C3 CC21 (2022-) Asia/LatAm (Stellantis CMP Smart Car),SolaX X1 Hybrid,in_catalog,yes,in_catalog,,,,,15.0.14,HW3.1,BMS-EV firmware supports this pair based on protocol translation,
Citroen C3 CC21 (2022-) Asia/LatAm (Stellantis CMP Smart Car),SolaX X1 Hybrid G4,in_catalog,yes,in_catalog,,,,,15.0.14,HW3.1,BMS-EV firmware supports this pair based on protocol translation,
Citroen C3 CC21 (2022-) Asia/LatAm (Stellantis CMP Smart Car),SolaX X3 Hybrid,in_catalog,yes,in_catalog,,,,,15.0.14,HW3.1,BMS-EV firmware supports this pair based on protocol translation,
Citroen C3 CC21 (2022-) Asia/LatAm (Stellantis CMP Smart Car),SolaX X3 Hybrid G4,in_catalog,yes,in_catalog,,,,,15.0.14,HW3.1,BMS-EV firmware supports this pair based on protocol translation,
Citroen C3 CC21 (2022-) Asia/LatAm (Stellantis CMP Smart Car),SolaX X3-Ultra Hybrid,in_catalog,yes,in_catalog,,,,,15.0.14,HW3.1,BMS-EV firmware supports this pair based on protocol translation,
Citroen C3 CC21 (2022-) Asia/LatAm (Stellantis CMP Smart Car),Solis RHI-3P(5-10)K-HVES-5G / S6-EH1P10K-H-US-APST,in_catalog,yes,in_catalog,,,,,15.0.14,HW3.1,BMS-EV firmware supports this pair based on protocol translation,
Citroen C3 CC21 (2022-) Asia/LatAm (Stellantis CMP Smart Car),Solis RHI-3P(5-10)K-HVES-5G / S6-EH3P-(5-10.0K)-H-EU,in_catalog,yes,in_catalog,,,,,15.0.14,HW3.1,BMS-EV firmware supports this pair based on protocol translation,
Citroen C3 CC21 (2022-) Asia/LatAm (Stellantis CMP Smart Car),Solis S5-EH1P (3-6) K-L (5-6 kW 1P US),in_catalog,yes,in_catalog,,,,,15.0.14,HW3.1,BMS-EV firmware supports this pair based on protocol translation,
Citroen C3 CC21 (2022-) Asia/LatAm (Stellantis CMP Smart Car),Solis S6-EH3P(8-15)K-H 8-15 kW 3P (5-6 kW 1P US),in_catalog,yes,in_catalog,,,,,15.0.14,HW3.1,BMS-EV firmware supports this pair based on protocol translation,
Citroen C3 CC21 (2022-) Asia/LatAm (Stellantis CMP Smart Car),Solxpow Solxpow X3 12-20kW,in_catalog,yes,in_catalog,,,,,15.0.14,HW3.1,BMS-EV firmware supports this pair based on protocol translation,
Citroen C3 CC21 (2022-) Asia/LatAm (Stellantis CMP Smart Car),Sungrow SH15T/SH20T/SH25T,in_catalog,yes,in_catalog,,,,,15.0.14,HW3.1,BMS-EV firmware supports this pair based on protocol translation,
Citroen C3 CC21 (2022-) Asia/LatAm (Stellantis CMP Smart Car),Sungrow SH3.0/3.6/4.0/5.0/6.0RS,in_catalog,yes,in_catalog,,,,,15.0.14,HW3.1,BMS-EV firmware supports this pair based on protocol translation,
Citroen C3 CC21 (2022-) Asia/LatAm (Stellantis CMP Smart Car),Sungrow SH5.0/6.0/8.0/10RT,in_catalog,yes,in_catalog,,,,,15.0.14,HW3.1,BMS-EV firmware supports this pair based on protocol translation,
Citroen ë-C3 / C3 IV (2024-) (Stellantis CMP Smart Car),Afore AF17K-THA 230V,in_catalog,yes,in_catalog,,,,,15.0.14,HW3.1,BMS-EV firmware supports this pair based on protocol translation,
Citroen ë-C3 / C3 IV (2024-) (Stellantis CMP Smart Car),Deye SUN-(29.9-50)K-SG01HP3-EU-BM3,in_catalog,yes,in_catalog,,,,,15.0.14,HW3.1,BMS-EV firmware supports this pair based on protocol translation,
Citroen ë-C3 / C3 IV (2024-) (Stellantis CMP Smart Car),Deye SUN-(5-20)K-SG01HP3-EU-AM2,in_catalog,yes,in_catalog,,,,,15.0.14,HW3.1,BMS-EV firmware supports this pair based on protocol translation,
Citroen ë-C3 / C3 IV (2024-) (Stellantis CMP Smart Car),Felicity T-REX-50KHP3G01,in_catalog,yes,in_catalog,,,,,15.0.14,HW3.1,BMS-EV firmware supports this pair based on protocol translation,
Citroen ë-C3 / C3 IV (2024-) (Stellantis CMP Smart Car),Ferroamp EnergyHub,in_catalog,yes,in_catalog,,,,,15.0.14,HW3.1,BMS-EV firmware supports this pair based on protocol translation,
Citroen ë-C3 / C3 IV (2024-) (Stellantis CMP Smart Car),FoxESS H1/AC1,in_catalog,yes,in_catalog,,,,,15.0.14,HW3.1,BMS-EV firmware supports this pair based on protocol translation,
Citroen ë-C3 / C3 IV (2024-) (Stellantis CMP Smart Car),FoxESS H3 Pro,in_catalog,yes,in_catalog,,,,,15.0.14,HW3.1,BMS-EV firmware supports this pair based on protocol translation,
Citroen ë-C3 / C3 IV (2024-) (Stellantis CMP Smart Car),FoxESS H3 Smart,in_catalog,yes,in_catalog,,,,,15.0.14,HW3.1,BMS-EV firmware supports this pair based on protocol translation,
Citroen ë-C3 / C3 IV (2024-) (Stellantis CMP Smart Car),FoxESS H3/AC3,in_catalog,yes,in_catalog,,,,,15.0.14,HW3.1,BMS-EV firmware supports this pair based on protocol translation,
Citroen ë-C3 / C3 IV (2024-) (Stellantis CMP Smart Car),Fronius Primo Gen24 Plus,in_catalog,yes,in_catalog,,,,,15.0.14,HW3.1,BMS-EV firmware supports this pair based on protocol translation,
Citroen ë-C3 / C3 IV (2024-) (Stellantis CMP Smart Car),Fronius Symo Gen24 Plus,in_catalog,yes,in_catalog,,,,,15.0.14,HW3.1,BMS-EV firmware supports this pair based on protocol translation,
Citroen ë-C3 / C3 IV (2024-) (Stellantis CMP Smart Car),Fronius Symo Hybrid 3.0/4.0/5.0-3-S,in_catalog,yes,in_catalog,,,,,15.0.14,HW3.1,BMS-EV firmware supports this pair based on protocol translation,
Citroen ë-C3 / C3 IV (2024-) (Stellantis CMP Smart Car),Fronius Verto Plus 15-33kW,in_catalog,yes,in_catalog,,,,,15.0.14,HW3.1,BMS-EV firmware supports this pair based on protocol translation,
Citroen ë-C3 / C3 IV (2024-) (Stellantis CMP Smart Car),GoodWe A-ES hybrid inverter (America Split Phase),in_catalog,yes,in_catalog,,,,,15.0.14,HW3.1,BMS-EV firmware supports this pair based on protocol translation,
Citroen ë-C3 / C3 IV (2024-) (Stellantis CMP Smart Car),GoodWe BH AC battery inverter,in_catalog,yes,in_catalog,,,,,15.0.14,HW3.1,BMS-EV firmware supports this pair based on protocol translation,
Citroen ë-C3 / C3 IV (2024-) (Stellantis CMP Smart Car),GoodWe BT AC battery inverter,in_catalog,yes,in_catalog,,,,,15.0.14,HW3.1,BMS-EV firmware supports this pair based on protocol translation,
Citroen ë-C3 / C3 IV (2024-) (Stellantis CMP Smart Car),GoodWe EH hybrid solar,in_catalog,yes,in_catalog,,,,,15.0.14,HW3.1,BMS-EV firmware supports this pair based on protocol translation,
Citroen ë-C3 / C3 IV (2024-) (Stellantis CMP Smart Car),GoodWe EHB high voltage battery,in_catalog,yes,in_catalog,,,,,15.0.14,HW3.1,BMS-EV firmware supports this pair based on protocol translation,
Citroen ë-C3 / C3 IV (2024-) (Stellantis CMP Smart Car),GoodWe EHB hybrid inverter (South Africa only),in_catalog,yes,in_catalog,,,,,15.0.14,HW3.1,BMS-EV firmware supports this pair based on protocol translation,
Citroen ë-C3 / C3 IV (2024-) (Stellantis CMP Smart Car),GoodWe ES hybrid solar,in_catalog,yes,in_catalog,,,,,15.0.14,HW3.1,BMS-EV firmware supports this pair based on protocol translation,
Citroen ë-C3 / C3 IV (2024-) (Stellantis CMP Smart Car),GoodWe ET hybrid solar,in_catalog,yes,in_catalog,,,,,15.0.14,HW3.1,BMS-EV firmware supports this pair based on protocol translation,
Citroen ë-C3 / C3 IV (2024-) (Stellantis CMP Smart Car),GoodWe SBP battery inverter,in_catalog,yes,in_catalog,,,,,15.0.14,HW3.1,BMS-EV firmware supports this pair based on protocol translation,
Citroen ë-C3 / C3 IV (2024-) (Stellantis CMP Smart Car),Growatt HV Growatt SPH,in_catalog,yes,in_catalog,,,,,15.0.14,HW3.1,BMS-EV firmware supports this pair based on protocol translation,
Citroen ë-C3 / C3 IV (2024-) (Stellantis CMP Smart Car),Growatt HV Growatt SPH (TL3-BH-UP) (5-10kW 3P),in_catalog,yes,in_catalog,,,,,15.0.14,HW3.1,BMS-EV firmware supports this pair based on protocol translation,
Citroen ë-C3 / C3 IV (2024-) (Stellantis CMP Smart Car),Growatt LV Growatt SPH (4.6-10) (TL3-BH) (5-10kW 3P),in_catalog,yes,in_catalog,,,,,15.0.14,HW3.1,BMS-EV firmware supports this pair based on protocol translation,
Citroen ë-C3 / C3 IV (2024-) (Stellantis CMP Smart Car),Growatt WIT 50-100K-HU,in_catalog,yes,in_catalog,,,,,15.0.14,HW3.1,BMS-EV firmware supports this pair based on protocol translation,
Citroen ë-C3 / C3 IV (2024-) (Stellantis CMP Smart Car),Growatt WIT 50-100K-HU (TL3-BH-UP) (5-10kW 3P),in_catalog,yes,in_catalog,,,,,15.0.14,HW3.1,BMS-EV firmware supports this pair based on protocol translation,
Citroen ë-C3 / C3 IV (2024-) (Stellantis CMP Smart Car),Hoymiles HYT/HAT-HV,in_catalog,yes,in_catalog,,,,,15.0.14,HW3.1,BMS-EV firmware supports this pair based on protocol translation,
Citroen ë-C3 / C3 IV (2024-) (Stellantis CMP Smart Car),Huawei SUN2000-(2-6)KTL-L1 (400V),in_catalog,yes,in_catalog,,,,,15.0.14,HW3.1,BMS-EV firmware supports this pair based on protocol translation,
Citroen ë-C3 / C3 IV (2024-) (Stellantis CMP Smart Car),Huawei SUN2000-(3-20)K-MB0 (400V),in_catalog,yes,in_catalog,,,,,15.0.14,HW3.1,BMS-EV firmware supports this pair based on protocol translation,
Citroen ë-C3 / C3 IV (2024-) (Stellantis CMP Smart Car),Kostal Plenticore Plus (3.0-10),in_catalog,yes,in_catalog,,,,,15.0.14,HW3.1,BMS-EV firmware supports this pair based on protocol translation,
Citroen ë-C3 / C3 IV (2024-) (Stellantis CMP Smart Car),Maple Leaf Northern Fox H1-H3-AC1-KH,in_catalog,yes,in_catalog,,,,,15.0.14,HW3.1,BMS-EV firmware supports this pair based on protocol translation,
Citroen ë-C3 / C3 IV (2024-) (Stellantis CMP Smart Car),SAJ H2 Hybrid (3-12)K-S2,in_catalog,yes,in_catalog,,,,,15.0.14,HW3.1,BMS-EV firmware supports this pair based on protocol translation,
Citroen ë-C3 / C3 IV (2024-) (Stellantis CMP Smart Car),SMA Sunny Boy Smart Energy 3.6 / 4.0 / 5.0 / 6.0-50 Hybrid Inverter,in_catalog,yes,in_catalog,,,,,15.0.14,HW3.1,BMS-EV firmware supports this pair based on protocol translation,
Citroen ë-C3 / C3 IV (2024-) (Stellantis CMP Smart Car),SMA Sunny Boy Smart Energy 3.6-6.0,in_catalog,yes,in_catalog,,,,,15.0.14,HW3.1,BMS-EV firmware supports this pair based on protocol translation,
Citroen ë-C3 / C3 IV (2024-) (Stellantis CMP Smart Car),SMA Sunny Boy Storage 2.5,in_catalog,yes,in_catalog,,,,,15.0.14,HW3.1,BMS-EV firmware supports this pair based on protocol translation,
Citroen ë-C3 / C3 IV (2024-) (Stellantis CMP Smart Car),SMA Sunny Boy Storage 2.5 / 3.7 / 5.0 / 6.0,in_catalog,yes,in_catalog,,,,,15.0.14,HW3.1,BMS-EV firmware supports this pair based on protocol translation,
Citroen ë-C3 / C3 IV (2024-) (Stellantis CMP Smart Car),SMA Sunny Tripower Smart 5.0-10.0 SE,in_catalog,yes,in_catalog,,,,,15.0.14,HW3.1,BMS-EV firmware supports this pair based on protocol translation,
Citroen ë-C3 / C3 IV (2024-) (Stellantis CMP Smart Car),SMA Sunny Tripower X,in_catalog,yes,in_catalog,,,,,15.0.14,HW3.1,BMS-EV firmware supports this pair based on protocol translation,
Citroen ë-C3 / C3 IV (2024-) (Stellantis CMP Smart Car),Sofar 5K...20KTL-3PH,in_catalog,yes,in_catalog,,,,,15.0.14,HW3.1,BMS-EV firmware supports this pair based on protocol translation,
Citroen ë-C3 / C3 IV (2024-) (Stellantis CMP Smart Car),Sofar HYD (3-20)KTL-3PH,in_catalog,yes,in_catalog,,,,,15.0.14,HW3.1,BMS-EV firmware supports this pair based on protocol translation,
Citroen ë-C3 / C3 IV (2024-) (Stellantis CMP Smart Car),SolaX X1 Hybrid,in_catalog,yes,in_catalog,,,,,15.0.14,HW3.1,BMS-EV firmware supports this pair based on protocol translation,
Citroen ë-C3 / C3 IV (2024-) (Stellantis CMP Smart Car),SolaX X1 Hybrid G4,in_catalog,yes,in_catalog,,,,,15.0.14,HW3.1,BMS-EV firmware supports this pair based on protocol translation,
Citroen ë-C3 / C3 IV (2024-) (Stellantis CMP Smart Car),SolaX X3 Hybrid,in_catalog,yes,in_catalog,,,,,15.0.14,HW3.1,BMS-EV firmware supports this pair based on protocol translation,
Citroen ë-C3 / C3 IV (2024-) (Stellantis CMP Smart Car),SolaX X3 Hybrid G4,in_catalog,yes,in_catalog,,,,,15.0.14,HW3.1,BMS-EV firmware supports this pair based on protocol translation,
Citroen ë-C3 / C3 IV (2024-) (Stellantis CMP Smart Car),SolaX X3-Ultra Hybrid,in_catalog,yes,in_catalog,,,,,15.0.14,HW3.1,BMS-EV firmware supports this pair based on protocol translation,
Citroen ë-C3 / C3 IV (2024-) (Stellantis CMP Smart Car),Solis RHI-3P(5-10)K-HVES-5G / S6-EH1P10K-H-US-APST,in_catalog,yes,in_catalog,,,,,15.0.14,HW3.1,BMS-EV firmware supports this pair based on protocol translation,
Citroen ë-C3 / C3 IV (2024-) (Stellantis CMP Smart Car),Solis RHI-3P(5-10)K-HVES-5G / S6-EH3P-(5-10.0K)-H-EU,in_catalog,yes,in_catalog,,,,,15.0.14,HW3.1,BMS-EV firmware supports this pair based on protocol translation,
Citroen ë-C3 / C3 IV (2024-) (Stellantis CMP Smart Car),Solis S5-EH1P (3-6) K-L (5-6 kW 1P US),in_catalog,yes,in_catalog,,,,,15.0.14,HW3.1,BMS-EV firmware supports this pair based on protocol translation,
Citroen ë-C3 / C3 IV (2024-) (Stellantis CMP Smart Car),Solis S6-EH3P(8-15)K-H 8-15 kW 3P (5-6 kW 1P US),in_catalog,yes,in_catalog,,,,,15.0.14,HW3.1,BMS-EV firmware supports this pair based on protocol translation,
Citroen ë-C3 / C3 IV (2024-) (Stellantis CMP Smart Car),Solxpow Solxpow X3 12-20kW,in_catalog,yes,in_catalog,,,,,15.0.14,HW3.1,BMS-EV firmware supports this pair based on protocol translation,
Citroen ë-C3 / C3 IV (2024-) (Stellantis CMP Smart Car),Sungrow SH15T/SH20T/SH25T,in_catalog,yes,in_catalog,,,,,15.0.14,HW3.1,BMS-EV firmware supports this pair based on protocol translation,
Citroen ë-C3 / C3 IV (2024-) (Stellantis CMP Smart Car),Sungrow SH3.0/3.6/4.0/5.0/6.0RS,in_catalog,yes,in_catalog,,,,,15.0.14,HW3.1,BMS-EV firmware supports this pair based on protocol translation,
Citroen ë-C3 / C3 IV (2024-) (Stellantis CMP Smart Car),Sungrow SH5.0/6.0/8.0/10RT,in_catalog,yes,in_catalog,,,,,15.0.14,HW3.1,BMS-EV firmware supports this pair based on protocol translation,
Citroen ë-C4 (2020-) (Stellantis e-CMP),Afore AF17K-THA 230V,in_catalog,yes,protocol_verified,,Stellantis eCMP pack (shared with Peugeot e-208),2020+ eCMP,,15.0.14,HW3.1,dalathegreat/Battery-Emulator Stellantis eCMP wiki,
Citroen ë-C4 (2020-) (Stellantis e-CMP),Deye SUN-(29.9-50)K-SG01HP3-EU-BM3,in_catalog,yes,protocol_verified,,Stellantis eCMP pack (shared with Peugeot e-208),2020+ eCMP,,15.0.14,HW3.1,dalathegreat/Battery-Emulator Stellantis eCMP wiki,
Citroen ë-C4 (2020-) (Stellantis e-CMP),Deye SUN-(5-20)K-SG01HP3-EU-AM2,in_catalog,yes,protocol_verified,,Stellantis eCMP pack (shared with Peugeot e-208),2020+ eCMP,,15.0.14,HW3.1,dalathegreat/Battery-Emulator Stellantis eCMP wiki,
Citroen ë-C4 (2020-) (Stellantis e-CMP),Felicity T-REX-50KHP3G01,in_catalog,yes,protocol_verified,,Stellantis eCMP pack (shared with Peugeot e-208),2020+ eCMP,,15.0.14,HW3.1,dalathegreat/Battery-Emulator Stellantis eCMP wiki,
Citroen ë-C4 (2020-) (Stellantis e-CMP),Ferroamp EnergyHub,in_catalog,yes,protocol_verified,,Stellantis eCMP pack (shared with Peugeot e-208),2020+ eCMP,,15.0.14,HW3.1,dalathegreat/Battery-Emulator Stellantis eCMP wiki,
Citroen ë-C4 (2020-) (Stellantis e-CMP),FoxESS H1/AC1,in_catalog,yes,protocol_verified,,Stellantis eCMP pack (shared with Peugeot e-208),2020+ eCMP,,15.0.14,HW3.1,dalathegreat/Battery-Emulator Stellantis eCMP wiki,
Citroen ë-C4 (2020-) (Stellantis e-CMP),FoxESS H3 Pro,in_catalog,yes,protocol_verified,,Stellantis eCMP pack (shared with Peugeot e-208),2020+ eCMP,,15.0.14,HW3.1,dalathegreat/Battery-Emulator Stellantis eCMP wiki,
Citroen ë-C4 (2020-) (Stellantis e-CMP),FoxESS H3 Smart,in_catalog,yes,protocol_verified,,Stellantis eCMP pack (shared with Peugeot e-208),2020+ eCMP,,15.0.14,HW3.1,dalathegreat/Battery-Emulator Stellantis eCMP wiki,
Citroen ë-C4 (2020-) (Stellantis e-CMP),FoxESS H3/AC3,in_catalog,yes,protocol_verified,,Stellantis eCMP pack (shared with Peugeot e-208),2020+ eCMP,,15.0.14,HW3.1,dalathegreat/Battery-Emulator Stellantis eCMP wiki,
Citroen ë-C4 (2020-) (Stellantis e-CMP),Fronius Primo Gen24 Plus,in_catalog,yes,protocol_verified,,Stellantis eCMP pack (shared with Peugeot e-208),2020+ eCMP,,15.0.14,HW3.1,dalathegreat/Battery-Emulator Stellantis eCMP wiki,
Citroen ë-C4 (2020-) (Stellantis e-CMP),Fronius Symo Gen24 Plus,in_catalog,yes,protocol_verified,,Stellantis eCMP pack (shared with Peugeot e-208),2020+ eCMP,,15.0.14,HW3.1,dalathegreat/Battery-Emulator Stellantis eCMP wiki,
Citroen ë-C4 (2020-) (Stellantis e-CMP),Fronius Symo Hybrid 3.0/4.0/5.0-3-S,in_catalog,yes,protocol_verified,,Stellantis eCMP pack (shared with Peugeot e-208),2020+ eCMP,,15.0.14,HW3.1,dalathegreat/Battery-Emulator Stellantis eCMP wiki,
Citroen ë-C4 (2020-) (Stellantis e-CMP),Fronius Verto Plus 15-33kW,in_catalog,yes,protocol_verified,,Stellantis eCMP pack (shared with Peugeot e-208),2020+ eCMP,,15.0.14,HW3.1,dalathegreat/Battery-Emulator Stellantis eCMP wiki,
Citroen ë-C4 (2020-) (Stellantis e-CMP),GoodWe A-ES hybrid inverter (America Split Phase),in_catalog,yes,protocol_verified,,Stellantis eCMP pack (shared with Peugeot e-208),2020+ eCMP,,15.0.14,HW3.1,dalathegreat/Battery-Emulator Stellantis eCMP wiki,
Citroen ë-C4 (2020-) (Stellantis e-CMP),GoodWe BH AC battery inverter,in_catalog,yes,protocol_verified,,Stellantis eCMP pack (shared with Peugeot e-208),2020+ eCMP,,15.0.14,HW3.1,dalathegreat/Battery-Emulator Stellantis eCMP wiki,
Citroen ë-C4 (2020-) (Stellantis e-CMP),GoodWe BT AC battery inverter,in_catalog,yes,protocol_verified,,Stellantis eCMP pack (shared with Peugeot e-208),2020+ eCMP,,15.0.14,HW3.1,dalathegreat/Battery-Emulator Stellantis eCMP wiki,
Citroen ë-C4 (2020-) (Stellantis e-CMP),GoodWe EH hybrid solar,in_catalog,yes,protocol_verified,,Stellantis eCMP pack (shared with Peugeot e-208),2020+ eCMP,,15.0.14,HW3.1,dalathegreat/Battery-Emulator Stellantis eCMP wiki,
Citroen ë-C4 (2020-) (Stellantis e-CMP),GoodWe EHB high voltage battery,in_catalog,yes,protocol_verified,,Stellantis eCMP pack (shared with Peugeot e-208),2020+ eCMP,,15.0.14,HW3.1,dalathegreat/Battery-Emulator Stellantis eCMP wiki,
Citroen ë-C4 (2020-) (Stellantis e-CMP),GoodWe EHB hybrid inverter (South Africa only),in_catalog,yes,protocol_verified,,Stellantis eCMP pack (shared with Peugeot e-208),2020+ eCMP,,15.0.14,HW3.1,dalathegreat/Battery-Emulator Stellantis eCMP wiki,
Citroen ë-C4 (2020-) (Stellantis e-CMP),GoodWe ES hybrid solar,in_catalog,yes,protocol_verified,,Stellantis eCMP pack (shared with Peugeot e-208),2020+ eCMP,,15.0.14,HW3.1,dalathegreat/Battery-Emulator Stellantis eCMP wiki,
Citroen ë-C4 (2020-) (Stellantis e-CMP),GoodWe ET hybrid solar,in_catalog,yes,protocol_verified,,Stellantis eCMP pack (shared with Peugeot e-208),2020+ eCMP,,15.0.14,HW3.1,dalathegreat/Battery-Emulator Stellantis eCMP wiki,
Citroen ë-C4 (2020-) (Stellantis e-CMP),GoodWe SBP battery inverter,in_catalog,yes,protocol_verified,,Stellantis eCMP pack (shared with Peugeot e-208),2020+ eCMP,,15.0.14,HW3.1,dalathegreat/Battery-Emulator Stellantis eCMP wiki,
Citroen ë-C4 (2020-) (Stellantis e-CMP),Growatt HV Growatt SPH,in_catalog,yes,protocol_verified,,Stellantis eCMP pack (shared with Peugeot e-208),2020+ eCMP,,15.0.14,HW3.1,dalathegreat/Battery-Emulator Stellantis eCMP wiki,
Citroen ë-C4 (2020-) (Stellantis e-CMP),Growatt HV Growatt SPH (TL3-BH-UP) (5-10kW 3P),in_catalog,yes,protocol_verified,,Stellantis eCMP pack (shared with Peugeot e-208),2020+ eCMP,,15.0.14,HW3.1,dalathegreat/Battery-Emulator Stellantis eCMP wiki,
Citroen ë-C4 (2020-) (Stellantis e-CMP),Growatt LV Growatt SPH (4.6-10) (TL3-BH) (5-10kW 3P),in_catalog,yes,protocol_verified,,Stellantis eCMP pack (shared with Peugeot e-208),2020+ eCMP,,15.0.14,HW3.1,dalathegreat/Battery-Emulator Stellantis eCMP wiki,
Citroen ë-C4 (2020-) (Stellantis e-CMP),Growatt WIT 50-100K-HU,in_catalog,yes,protocol_verified,,Stellantis eCMP pack (shared with Peugeot e-208),2020+ eCMP,,15.0.14,HW3.1,dalathegreat/Battery-Emulator Stellantis eCMP wiki,
Citroen ë-C4 (2020-) (Stellantis e-CMP),Growatt WIT 50-100K-HU (TL3-BH-UP) (5-10kW 3P),in_catalog,yes,protocol_verified,,Stellantis eCMP pack (shared with Peugeot e-208),2020+ eCMP,,15.0.14,HW3.1,dalathegreat/Battery-Emulator Stellantis eCMP wiki,
Citroen ë-C4 (2020-) (Stellantis e-CMP),Hoymiles HYT/HAT-HV,in_catalog,yes,protocol_verified,,Stellantis eCMP pack (shared with Peugeot e-208),2020+ eCMP,,15.0.14,HW3.1,dalathegreat/Battery-Emulator Stellantis eCMP wiki,
Citroen ë-C4 (2020-) (Stellantis e-CMP),Huawei SUN2000-(2-6)KTL-L1 (400V),in_catalog,yes,protocol_verified,,Stellantis eCMP pack (shared with Peugeot e-208),2020+ eCMP,,15.0.14,HW3.1,dalathegreat/Battery-Emulator Stellantis eCMP wiki,
Citroen ë-C4 (2020-) (Stellantis e-CMP),Huawei SUN2000-(3-20)K-MB0 (400V),in_catalog,yes,protocol_verified,,Stellantis eCMP pack (shared with Peugeot e-208),2020+ eCMP,,15.0.14,HW3.1,dalathegreat/Battery-Emulator Stellantis eCMP wiki,
Citroen ë-C4 (2020-) (Stellantis e-CMP),Kostal Plenticore Plus (3.0-10),in_catalog,yes,protocol_verified,,Stellantis eCMP pack (shared with Peugeot e-208),2020+ eCMP,,15.0.14,HW3.1,dalathegreat/Battery-Emulator Stellantis eCMP wiki,
Citroen ë-C4 (2020-) (Stellantis e-CMP),Maple Leaf Northern Fox H1-H3-AC1-KH,in_catalog,yes,protocol_verified,,Stellantis eCMP pack (shared with Peugeot e-208),2020+ eCMP,,15.0.14,HW3.1,dalathegreat/Battery-Emulator Stellantis eCMP wiki,
Citroen ë-C4 (2020-) (Stellantis e-CMP),SAJ H2 Hybrid (3-12)K-S2,in_catalog,yes,protocol_verified,,Stellantis eCMP pack (shared with Peugeot e-208),2020+ eCMP,,15.0.14,HW3.1,dalathegreat/Battery-Emulator Stellantis eCMP wiki,
Citroen ë-C4 (2020-) (Stellantis e-CMP),SMA Sunny Boy Smart Energy 3.6 / 4.0 / 5.0 / 6.0-50 Hybrid Inverter,in_catalog,yes,protocol_verified,,Stellantis eCMP pack (shared with Peugeot e-208),2020+ eCMP,,15.0.14,HW3.1,dalathegreat/Battery-Emulator Stellantis eCMP wiki,
Citroen ë-C4 (2020-) (Stellantis e-CMP),SMA Sunny Boy Smart Energy 3.6-6.0,in_catalog,yes,protocol_verified,,Stellantis eCMP pack (shared with Peugeot e-208),2020+ eCMP,,15.0.14,HW3.1,dalathegreat/Battery-Emulator Stellantis eCMP wiki,
Citroen ë-C4 (2020-) (Stellantis e-CMP),SMA Sunny Boy Storage 2.5,in_catalog,yes,protocol_verified,,Stellantis eCMP pack (shared with Peugeot e-208),2020+ eCMP,,15.0.14,HW3.1,dalathegreat/Battery-Emulator Stellantis eCMP wiki,
Citroen ë-C4 (2020-) (Stellantis e-CMP),SMA Sunny Boy Storage 2.5 / 3.7 / 5.0 / 6.0,in_catalog,yes,protocol_verified,,Stellantis eCMP pack (shared with Peugeot e-208),2020+ eCMP,,15.0.14,HW3.1,dalathegreat/Battery-Emulator Stellantis eCMP wiki,
Citroen ë-C4 (2020-) (Stellantis e-CMP),SMA Sunny Tripower Smart 5.0-10.0 SE,in_catalog,yes,protocol_verified,,Stellantis eCMP pack (shared with Peugeot e-208),2020+ eCMP,,15.0.14,HW3.1,dalathegreat/Battery-Emulator Stellantis eCMP wiki,
Citroen ë-C4 (2020-) (Stellantis e-CMP),SMA Sunny Tripower X,in_catalog,yes,protocol_verified,,Stellantis eCMP pack (shared with Peugeot e-208),2020+ eCMP,,15.0.14,HW3.1,dalathegreat/Battery-Emulator Stellantis eCMP wiki,
Citroen ë-C4 (2020-) (Stellantis e-CMP),Sofar 5K...20KTL-3PH,in_catalog,yes,protocol_verified,,Stellantis eCMP pack (shared with Peugeot e-208),2020+ eCMP,,15.0.14,HW3.1,dalathegreat/Battery-Emulator Stellantis eCMP wiki,
Citroen ë-C4 (2020-) (Stellantis e-CMP),Sofar HYD (3-20)KTL-3PH,in_catalog,yes,protocol_verified,,Stellantis eCMP pack (shared with Peugeot e-208),2020+ eCMP,,15.0.14,HW3.1,dalathegreat/Battery-Emulator Stellantis eCMP wiki,
Citroen ë-C4 (2020-) (Stellantis e-CMP),SolaX X1 Hybrid,in_catalog,yes,protocol_verified,,Stellantis eCMP pack (shared with Peugeot e-208),2020+ eCMP,,15.0.14,HW3.1,dalathegreat/Battery-Emulator Stellantis eCMP wiki,
Citroen ë-C4 (2020-) (Stellantis e-CMP),SolaX X1 Hybrid G4,in_catalog,yes,protocol_verified,,Stellantis eCMP pack (shared with Peugeot e-208),2020+ eCMP,,15.0.14,HW3.1,dalathegreat/Battery-Emulator Stellantis eCMP wiki,
Citroen ë-C4 (2020-) (Stellantis e-CMP),SolaX X3 Hybrid,in_catalog,yes,protocol_verified,,Stellantis eCMP pack (shared with Peugeot e-208),2020+ eCMP,,15.0.14,HW3.1,dalathegreat/Battery-Emulator Stellantis eCMP wiki,
Citroen ë-C4 (2020-) (Stellantis e-CMP),SolaX X3 Hybrid G4,in_catalog,yes,protocol_verified,,Stellantis eCMP pack (shared with Peugeot e-208),2020+ eCMP,,15.0.14,HW3.1,dalathegreat/Battery-Emulator Stellantis eCMP wiki,
Citroen ë-C4 (2020-) (Stellantis e-CMP),SolaX X3-Ultra Hybrid,in_catalog,yes,protocol_verified,,Stellantis eCMP pack (shared with Peugeot e-208),2020+ eCMP,,15.0.14,HW3.1,dalathegreat/Battery-Emulator Stellantis eCMP wiki,
Citroen ë-C4 (2020-) (Stellantis e-CMP),Solis RHI-3P(5-10)K-HVES-5G / S6-EH1P10K-H-US-APST,in_catalog,yes,protocol_verified,,Stellantis eCMP pack (shared with Peugeot e-208),2020+ eCMP,,15.0.14,HW3.1,dalathegreat/Battery-Emulator Stellantis eCMP wiki,
Citroen ë-C4 (2020-) (Stellantis e-CMP),Solis RHI-3P(5-10)K-HVES-5G / S6-EH3P-(5-10.0K)-H-EU,in_catalog,yes,protocol_verified,,Stellantis eCMP pack (shared with Peugeot e-208),2020+ eCMP,,15.0.14,HW3.1,dalathegreat/Battery-Emulator Stellantis eCMP wiki,
Citroen ë-C4 (2020-) (Stellantis e-CMP),Solis S5-EH1P (3-6) K-L (5-6 kW 1P US),in_catalog,yes,protocol_verified,,Stellantis eCMP pack (shared with Peugeot e-208),2020+ eCMP,,15.0.14,HW3.1,dalathegreat/Battery-Emulator Stellantis eCMP wiki,
Citroen ë-C4 (2020-) (Stellantis e-CMP),Solis S6-EH3P(8-15)K-H 8-15 kW 3P (5-6 kW 1P US),in_catalog,yes,protocol_verified,,Stellantis eCMP pack (shared with Peugeot e-208),2020+ eCMP,,15.0.14,HW3.1,dalathegreat/Battery-Emulator Stellantis eCMP wiki,
Citroen ë-C4 (2020-) (Stellantis e-CMP),Solxpow Solxpow X3 12-20kW,in_catalog,yes,protocol_verified,,Stellantis eCMP pack (shared with Peugeot e-208),2020+ eCMP,,15.0.14,HW3.1,dalathegreat/Battery-Emulator Stellantis eCMP wiki,
Citroen ë-C4 (2020-) (Stellantis e-CMP),Sungrow SH15T/SH20T/SH25T,in_catalog,yes,protocol_verified,,Stellantis eCMP pack (shared with Peugeot e-208),2020+ eCMP,,15.0.14,HW3.1,dalathegreat/Battery-Emulator Stellantis eCMP wiki,
Citroen ë-C4 (2020-) (Stellantis e-CMP),Sungrow SH3.0/3.6/4.0/5.0/6.0RS,in_catalog,yes,protocol_verified,,Stellantis eCMP pack (shared with Peugeot e-208),2020+ eCMP,,15.0.14,HW3.1,dalathegreat/Battery-Emulator Stellantis eCMP wiki,
Citroen ë-C4 (2020-) (Stellantis e-CMP),Sungrow SH5.0/6.0/8.0/10RT,in_catalog,yes,protocol_verified,,Stellantis eCMP pack (shared with Peugeot e-208),2020+ eCMP,,15.0.14,HW3.1,dalathegreat/Battery-Emulator Stellantis eCMP wiki,
Citroen e-SpaceTourer / e-Jumpy (50/75 kWh) (Stellantis e-CMP),Afore AF17K-THA 230V,in_catalog,yes,in_catalog,,,,,15.0.14,HW3.1,BMS-EV firmware supports this pair based on protocol translation,
Citroen e-SpaceTourer / e-Jumpy (50/75 kWh) (Stellantis e-CMP),Deye SUN-(29.9-50)K-SG01HP3-EU-BM3,in_catalog,yes,in_catalog,,,,,15.0.14,HW3.1,BMS-EV firmware supports this pair based on protocol translation,
Citroen e-SpaceTourer / e-Jumpy (50/75 kWh) (Stellantis e-CMP),Deye SUN-(5-20)K-SG01HP3-EU-AM2,in_catalog,yes,in_catalog,,,,,15.0.14,HW3.1,BMS-EV firmware supports this pair based on protocol translation,
Citroen e-SpaceTourer / e-Jumpy (50/75 kWh) (Stellantis e-CMP),Felicity T-REX-50KHP3G01,in_catalog,yes,in_catalog,,,,,15.0.14,HW3.1,BMS-EV firmware supports this pair based on protocol translation,
Citroen e-SpaceTourer / e-Jumpy (50/75 kWh) (Stellantis e-CMP),Ferroamp EnergyHub,in_catalog,yes,in_catalog,,,,,15.0.14,HW3.1,BMS-EV firmware supports this pair based on protocol translation,
Citroen e-SpaceTourer / e-Jumpy (50/75 kWh) (Stellantis e-CMP),FoxESS H1/AC1,in_catalog,yes,in_catalog,,,,,15.0.14,HW3.1,BMS-EV firmware supports this pair based on protocol translation,
Citroen e-SpaceTourer / e-Jumpy (50/75 kWh) (Stellantis e-CMP),FoxESS H3 Pro,in_catalog,yes,in_catalog,,,,,15.0.14,HW3.1,BMS-EV firmware supports this pair based on protocol translation,
Citroen e-SpaceTourer / e-Jumpy (50/75 kWh) (Stellantis e-CMP),FoxESS H3 Smart,in_catalog,yes,in_catalog,,,,,15.0.14,HW3.1,BMS-EV firmware supports this pair based on protocol translation,
Citroen e-SpaceTourer / e-Jumpy (50/75 kWh) (Stellantis e-CMP),FoxESS H3/AC3,in_catalog,yes,in_catalog,,,,,15.0.14,HW3.1,BMS-EV firmware supports this pair based on protocol translation,
Citroen e-SpaceTourer / e-Jumpy (50/75 kWh) (Stellantis e-CMP),Fronius Primo Gen24 Plus,in_catalog,yes,in_catalog,,,,,15.0.14,HW3.1,BMS-EV firmware supports this pair based on protocol translation,
Citroen e-SpaceTourer / e-Jumpy (50/75 kWh) (Stellantis e-CMP),Fronius Symo Gen24 Plus,in_catalog,yes,in_catalog,,,,,15.0.14,HW3.1,BMS-EV firmware supports this pair based on protocol translation,
Citroen e-SpaceTourer / e-Jumpy (50/75 kWh) (Stellantis e-CMP),Fronius Symo Hybrid 3.0/4.0/5.0-3-S,in_catalog,yes,in_catalog,,,,,15.0.14,HW3.1,BMS-EV firmware supports this pair based on protocol translation,
Citroen e-SpaceTourer / e-Jumpy (50/75 kWh) (Stellantis e-CMP),Fronius Verto Plus 15-33kW,in_catalog,yes,in_catalog,,,,,15.0.14,HW3.1,BMS-EV firmware supports this pair based on protocol translation,
Citroen e-SpaceTourer / e-Jumpy (50/75 kWh) (Stellantis e-CMP),GoodWe A-ES hybrid inverter (America Split Phase),in_catalog,yes,in_catalog,,,,,15.0.14,HW3.1,BMS-EV firmware supports this pair based on protocol translation,
Citroen e-SpaceTourer / e-Jumpy (50/75 kWh) (Stellantis e-CMP),GoodWe BH AC battery inverter,in_catalog,yes,in_catalog,,,,,15.0.14,HW3.1,BMS-EV firmware supports this pair based on protocol translation,
Citroen e-SpaceTourer / e-Jumpy (50/75 kWh) (Stellantis e-CMP),GoodWe BT AC battery inverter,in_catalog,yes,in_catalog,,,,,15.0.14,HW3.1,BMS-EV firmware supports this pair based on protocol translation,
Citroen e-SpaceTourer / e-Jumpy (50/75 kWh) (Stellantis e-CMP),GoodWe EH hybrid solar,in_catalog,yes,in_catalog,,,,,15.0.14,HW3.1,BMS-EV firmware supports this pair based on protocol translation,
Citroen e-SpaceTourer / e-Jumpy (50/75 kWh) (Stellantis e-CMP),GoodWe EHB high voltage battery,in_catalog,yes,in_catalog,,,,,15.0.14,HW3.1,BMS-EV firmware supports this pair based on protocol translation,
Citroen e-SpaceTourer / e-Jumpy (50/75 kWh) (Stellantis e-CMP),GoodWe EHB hybrid inverter (South Africa only),in_catalog,yes,in_catalog,,,,,15.0.14,HW3.1,BMS-EV firmware supports this pair based on protocol translation,
Citroen e-SpaceTourer / e-Jumpy (50/75 kWh) (Stellantis e-CMP),GoodWe ES hybrid solar,in_catalog,yes,in_catalog,,,,,15.0.14,HW3.1,BMS-EV firmware supports this pair based on protocol translation,
Citroen e-SpaceTourer / e-Jumpy (50/75 kWh) (Stellantis e-CMP),GoodWe ET hybrid solar,in_catalog,yes,in_catalog,,,,,15.0.14,HW3.1,BMS-EV firmware supports this pair based on protocol translation,
Citroen e-SpaceTourer / e-Jumpy (50/75 kWh) (Stellantis e-CMP),GoodWe SBP battery inverter,in_catalog,yes,in_catalog,,,,,15.0.14,HW3.1,BMS-EV firmware supports this pair based on protocol translation,
Citroen e-SpaceTourer / e-Jumpy (50/75 kWh) (Stellantis e-CMP),Growatt HV Growatt SPH,in_catalog,yes,in_catalog,,,,,15.0.14,HW3.1,BMS-EV firmware supports this pair based on protocol translation,
Citroen e-SpaceTourer / e-Jumpy (50/75 kWh) (Stellantis e-CMP),Growatt HV Growatt SPH (TL3-BH-UP) (5-10kW 3P),in_catalog,yes,in_catalog,,,,,15.0.14,HW3.1,BMS-EV firmware supports this pair based on protocol translation,
Citroen e-SpaceTourer / e-Jumpy (50/75 kWh) (Stellantis e-CMP),Growatt LV Growatt SPH (4.6-10) (TL3-BH) (5-10kW 3P),in_catalog,yes,in_catalog,,,,,15.0.14,HW3.1,BMS-EV firmware supports this pair based on protocol translation,
Citroen e-SpaceTourer / e-Jumpy (50/75 kWh) (Stellantis e-CMP),Growatt WIT 50-100K-HU,in_catalog,yes,in_catalog,,,,,15.0.14,HW3.1,BMS-EV firmware supports this pair based on protocol translation,
Citroen e-SpaceTourer / e-Jumpy (50/75 kWh) (Stellantis e-CMP),Growatt WIT 50-100K-HU (TL3-BH-UP) (5-10kW 3P),in_catalog,yes,in_catalog,,,,,15.0.14,HW3.1,BMS-EV firmware supports this pair based on protocol translation,
Citroen e-SpaceTourer / e-Jumpy (50/75 kWh) (Stellantis e-CMP),Hoymiles HYT/HAT-HV,in_catalog,yes,in_catalog,,,,,15.0.14,HW3.1,BMS-EV firmware supports this pair based on protocol translation,
Citroen e-SpaceTourer / e-Jumpy (50/75 kWh) (Stellantis e-CMP),Kostal Plenticore Plus (3.0-10),in_catalog,yes,in_catalog,,,,,15.0.14,HW3.1,BMS-EV firmware supports this pair based on protocol translation,
Citroen e-SpaceTourer / e-Jumpy (50/75 kWh) (Stellantis e-CMP),Maple Leaf Northern Fox H1-H3-AC1-KH,in_catalog,yes,in_catalog,,,,,15.0.14,HW3.1,BMS-EV firmware supports this pair based on protocol translation,
Citroen e-SpaceTourer / e-Jumpy (50/75 kWh) (Stellantis e-CMP),SAJ H2 Hybrid (3-12)K-S2,in_catalog,yes,in_catalog,,,,,15.0.14,HW3.1,BMS-EV firmware supports this pair based on protocol translation,
Citroen e-SpaceTourer / e-Jumpy (50/75 kWh) (Stellantis e-CMP),SMA Sunny Boy Smart Energy 3.6 / 4.0 / 5.0 / 6.0-50 Hybrid Inverter,in_catalog,yes,in_catalog,,,,,15.0.14,HW3.1,BMS-EV firmware supports this pair based on protocol translation,
Citroen e-SpaceTourer / e-Jumpy (50/75 kWh) (Stellantis e-CMP),SMA Sunny Boy Smart Energy 3.6-6.0,in_catalog,yes,in_catalog,,,,,15.0.14,HW3.1,BMS-EV firmware supports this pair based on protocol translation,
Citroen e-SpaceTourer / e-Jumpy (50/75 kWh) (Stellantis e-CMP),SMA Sunny Boy Storage 2.5,in_catalog,yes,in_catalog,,,,,15.0.14,HW3.1,BMS-EV firmware supports this pair based on protocol translation,
Citroen e-SpaceTourer / e-Jumpy (50/75 kWh) (Stellantis e-CMP),SMA Sunny Boy Storage 2.5 / 3.7 / 5.0 / 6.0,in_catalog,yes,in_catalog,,,,,15.0.14,HW3.1,BMS-EV firmware supports this pair based on protocol translation,
Citroen e-SpaceTourer / e-Jumpy (50/75 kWh) (Stellantis e-CMP),SMA Sunny Tripower Smart 5.0-10.0 SE,in_catalog,yes,in_catalog,,,,,15.0.14,HW3.1,BMS-EV firmware supports this pair based on protocol translation,
Citroen e-SpaceTourer / e-Jumpy (50/75 kWh) (Stellantis e-CMP),SMA Sunny Tripower X,in_catalog,yes,in_catalog,,,,,15.0.14,HW3.1,BMS-EV firmware supports this pair based on protocol translation,
Citroen e-SpaceTourer / e-Jumpy (50/75 kWh) (Stellantis e-CMP),Sofar 5K...20KTL-3PH,in_catalog,yes,in_catalog,,,,,15.0.14,HW3.1,BMS-EV firmware supports this pair based on protocol translation,
Citroen e-SpaceTourer / e-Jumpy (50/75 kWh) (Stellantis e-CMP),Sofar HYD (3-20)KTL-3PH,in_catalog,yes,in_catalog,,,,,15.0.14,HW3.1,BMS-EV firmware supports this pair based on protocol translation,
Citroen e-SpaceTourer / e-Jumpy (50/75 kWh) (Stellantis e-CMP),SolaX X1 Hybrid,in_catalog,yes,in_catalog,,,,,15.0.14,HW3.1,BMS-EV firmware supports this pair based on protocol translation,
Citroen e-SpaceTourer / e-Jumpy (50/75 kWh) (Stellantis e-CMP),SolaX X1 Hybrid G4,in_catalog,yes,in_catalog,,,,,15.0.14,HW3.1,BMS-EV firmware supports this pair based on protocol translation,
Citroen e-SpaceTourer / e-Jumpy (50/75 kWh) (Stellantis e-CMP),SolaX X3 Hybrid,in_catalog,yes,in_catalog,,,,,15.0.14,HW3.1,BMS-EV firmware supports this pair based on protocol translation,
Citroen e-SpaceTourer / e-Jumpy (50/75 kWh) (Stellantis e-CMP),SolaX X3 Hybrid G4,in_catalog,yes,in_catalog,,,,,15.0.14,HW3.1,BMS-EV firmware supports this pair based on protocol translation,
Citroen e-SpaceTourer / e-Jumpy (50/75 kWh) (Stellantis e-CMP),SolaX X3-Ultra Hybrid,in_catalog,yes,in_catalog,,,,,15.0.14,HW3.1,BMS-EV firmware supports this pair based on protocol translation,
Citroen e-SpaceTourer / e-Jumpy (50/75 kWh) (Stellantis e-CMP),Solis RHI-3P(5-10)K-HVES-5G / S6-EH1P10K-H-US-APST,in_catalog,yes,in_catalog,,,,,15.0.14,HW3.1,BMS-EV firmware supports this pair based on protocol translation,
Citroen e-SpaceTourer / e-Jumpy (50/75 kWh) (Stellantis e-CMP),Solis RHI-3P(5-10)K-HVES-5G / S6-EH3P-(5-10.0K)-H-EU,in_catalog,yes,in_catalog,,,,,15.0.14,HW3.1,BMS-EV firmware supports this pair based on protocol translation,
Citroen e-SpaceTourer / e-Jumpy (50/75 kWh) (Stellantis e-CMP),Solis S5-EH1P (3-6) K-L (5-6 kW 1P US),in_catalog,yes,in_catalog,,,,,15.0.14,HW3.1,BMS-EV firmware supports this pair based on protocol translation,
Citroen e-SpaceTourer / e-Jumpy (50/75 kWh) (Stellantis e-CMP),Solis S6-EH3P(8-15)K-H 8-15 kW 3P (5-6 kW 1P US),in_catalog,yes,in_catalog,,,,,15.0.14,HW3.1,BMS-EV firmware supports this pair based on protocol translation,
Citroen e-SpaceTourer / e-Jumpy (50/75 kWh) (Stellantis e-CMP),Solxpow Solxpow X3 12-20kW,in_catalog,yes,in_catalog,,,,,15.0.14,HW3.1,BMS-EV firmware supports this pair based on protocol translation,
Citroen e-SpaceTourer / e-Jumpy (50/75 kWh) (Stellantis e-CMP),Sungrow SH15T/SH20T/SH25T,in_catalog,yes,in_catalog,,,,,15.0.14,HW3.1,BMS-EV firmware supports this pair based on protocol translation,
Citroen e-SpaceTourer / e-Jumpy (50/75 kWh) (Stellantis e-CMP),Sungrow SH3.0/3.6/4.0/5.0/6.0RS,in_catalog,yes,in_catalog,,,,,15.0.14,HW3.1,BMS-EV firmware supports this pair based on protocol translation,
Citroen e-SpaceTourer / e-Jumpy (50/75 kWh) (Stellantis e-CMP),Sungrow SH5.0/6.0/8.0/10RT,in_catalog,yes,in_catalog,,,,,15.0.14,HW3.1,BMS-EV firmware supports this pair based on protocol translation,
Citroen Spacetourer EV (50 kWh) (Stellantis e-CMP),Huawei SUN2000-(2-6)KTL-L1 (400V),in_catalog,yes,in_catalog,,,,,15.0.14,HW3.1,BMS-EV firmware supports this pair based on protocol translation,
Citroen Spacetourer EV (50 kWh) (Stellantis e-CMP),Huawei SUN2000-(3-20)K-MB0 (400V),in_catalog,yes,in_catalog,,,,,15.0.14,HW3.1,BMS-EV firmware supports this pair based on protocol translation,
Dacia Spring (27 kWh),Afore AF17K-THA 230V,in_catalog,yes,protocol_verified,,"Dacia Spring pack (27 kWh, Renault K-ZE shared)",2021+,,15.0.14,HW3.1,Renault technical documentation,
Dacia Spring (27 kWh),Deye SUN-(29.9-50)K-SG01HP3-EU-BM3,in_catalog,yes,protocol_verified,,"Dacia Spring pack (27 kWh, Renault K-ZE shared)",2021+,,15.0.14,HW3.1,Renault technical documentation,
Dacia Spring (27 kWh),Deye SUN-(5-20)K-SG01HP3-EU-AM2,in_catalog,yes,protocol_verified,,"Dacia Spring pack (27 kWh, Renault K-ZE shared)",2021+,,15.0.14,HW3.1,Renault technical documentation,
Dacia Spring (27 kWh),Felicity T-REX-50KHP3G01,in_catalog,yes,protocol_verified,,"Dacia Spring pack (27 kWh, Renault K-ZE shared)",2021+,,15.0.14,HW3.1,Renault technical documentation,
Dacia Spring (27 kWh),Ferroamp EnergyHub,in_catalog,yes,protocol_verified,,"Dacia Spring pack (27 kWh, Renault K-ZE shared)",2021+,,15.0.14,HW3.1,Renault technical documentation,
Dacia Spring (27 kWh),FoxESS H1/AC1,in_catalog,yes,protocol_verified,,"Dacia Spring pack (27 kWh, Renault K-ZE shared)",2021+,,15.0.14,HW3.1,Renault technical documentation,
Dacia Spring (27 kWh),FoxESS H3 Pro,in_catalog,yes,protocol_verified,,"Dacia Spring pack (27 kWh, Renault K-ZE shared)",2021+,,15.0.14,HW3.1,Renault technical documentation,
Dacia Spring (27 kWh),FoxESS H3 Smart,in_catalog,yes,protocol_verified,,"Dacia Spring pack (27 kWh, Renault K-ZE shared)",2021+,,15.0.14,HW3.1,Renault technical documentation,
Dacia Spring (27 kWh),FoxESS H3/AC3,in_catalog,yes,protocol_verified,,"Dacia Spring pack (27 kWh, Renault K-ZE shared)",2021+,,15.0.14,HW3.1,Renault technical documentation,
Dacia Spring (27 kWh),Fronius Primo Gen24 Plus,in_catalog,yes,protocol_verified,,"Dacia Spring pack (27 kWh, Renault K-ZE shared)",2021+,,15.0.14,HW3.1,Renault technical documentation,
Dacia Spring (27 kWh),Fronius Symo Gen24 Plus,in_catalog,yes,protocol_verified,,"Dacia Spring pack (27 kWh, Renault K-ZE shared)",2021+,,15.0.14,HW3.1,Renault technical documentation,
Dacia Spring (27 kWh),Fronius Symo Hybrid 3.0/4.0/5.0-3-S,in_catalog,yes,protocol_verified,,"Dacia Spring pack (27 kWh, Renault K-ZE shared)",2021+,,15.0.14,HW3.1,Renault technical documentation,
Dacia Spring (27 kWh),Fronius Verto Plus 15-33kW,in_catalog,yes,protocol_verified,,"Dacia Spring pack (27 kWh, Renault K-ZE shared)",2021+,,15.0.14,HW3.1,Renault technical documentation,
Dacia Spring (27 kWh),GoodWe A-ES hybrid inverter (America Split Phase),in_catalog,yes,protocol_verified,,"Dacia Spring pack (27 kWh, Renault K-ZE shared)",2021+,,15.0.14,HW3.1,Renault technical documentation,
Dacia Spring (27 kWh),GoodWe BH AC battery inverter,in_catalog,yes,protocol_verified,,"Dacia Spring pack (27 kWh, Renault K-ZE shared)",2021+,,15.0.14,HW3.1,Renault technical documentation,
Dacia Spring (27 kWh),GoodWe BT AC battery inverter,in_catalog,yes,protocol_verified,,"Dacia Spring pack (27 kWh, Renault K-ZE shared)",2021+,,15.0.14,HW3.1,Renault technical documentation,
Dacia Spring (27 kWh),GoodWe EH hybrid solar,in_catalog,yes,protocol_verified,,"Dacia Spring pack (27 kWh, Renault K-ZE shared)",2021+,,15.0.14,HW3.1,Renault technical documentation,
Dacia Spring (27 kWh),GoodWe EHB high voltage battery,in_catalog,yes,protocol_verified,,"Dacia Spring pack (27 kWh, Renault K-ZE shared)",2021+,,15.0.14,HW3.1,Renault technical documentation,
Dacia Spring (27 kWh),GoodWe EHB hybrid inverter (South Africa only),in_catalog,yes,protocol_verified,,"Dacia Spring pack (27 kWh, Renault K-ZE shared)",2021+,,15.0.14,HW3.1,Renault technical documentation,
Dacia Spring (27 kWh),GoodWe ES hybrid solar,in_catalog,yes,protocol_verified,,"Dacia Spring pack (27 kWh, Renault K-ZE shared)",2021+,,15.0.14,HW3.1,Renault technical documentation,
Dacia Spring (27 kWh),GoodWe ET hybrid solar,in_catalog,yes,protocol_verified,,"Dacia Spring pack (27 kWh, Renault K-ZE shared)",2021+,,15.0.14,HW3.1,Renault technical documentation,
Dacia Spring (27 kWh),GoodWe SBP battery inverter,in_catalog,yes,protocol_verified,,"Dacia Spring pack (27 kWh, Renault K-ZE shared)",2021+,,15.0.14,HW3.1,Renault technical documentation,
Dacia Spring (27 kWh),Growatt HV Growatt SPH,in_catalog,yes,protocol_verified,,"Dacia Spring pack (27 kWh, Renault K-ZE shared)",2021+,,15.0.14,HW3.1,Renault technical documentation,
Dacia Spring (27 kWh),Growatt HV Growatt SPH (TL3-BH-UP) (5-10kW 3P),in_catalog,yes,protocol_verified,,"Dacia Spring pack (27 kWh, Renault K-ZE shared)",2021+,,15.0.14,HW3.1,Renault technical documentation,
Dacia Spring (27 kWh),Growatt LV Growatt SPH (4.6-10) (TL3-BH) (5-10kW 3P),in_catalog,yes,protocol_verified,,"Dacia Spring pack (27 kWh, Renault K-ZE shared)",2021+,,15.0.14,HW3.1,Renault technical documentation,
Dacia Spring (27 kWh),Growatt WIT 50-100K-HU,in_catalog,yes,protocol_verified,,"Dacia Spring pack (27 kWh, Renault K-ZE shared)",2021+,,15.0.14,HW3.1,Renault technical documentation,
Dacia Spring (27 kWh),Growatt WIT 50-100K-HU (TL3-BH-UP) (5-10kW 3P),in_catalog,yes,protocol_verified,,"Dacia Spring pack (27 kWh, Renault K-ZE shared)",2021+,,15.0.14,HW3.1,Renault technical documentation,
Dacia Spring (27 kWh),Hoymiles HYT/HAT-HV,in_catalog,yes,protocol_verified,,"Dacia Spring pack (27 kWh, Renault K-ZE shared)",2021+,,15.0.14,HW3.1,Renault technical documentation,
Dacia Spring (27 kWh),Huawei SUN2000-(2-6)KTL-L1 (400V),in_catalog,yes,protocol_verified,,"Dacia Spring pack (27 kWh, Renault K-ZE shared)",2021+,,15.0.14,HW3.1,Renault technical documentation,
Dacia Spring (27 kWh),Huawei SUN2000-(3-20)K-MB0 (400V),in_catalog,yes,protocol_verified,,"Dacia Spring pack (27 kWh, Renault K-ZE shared)",2021+,,15.0.14,HW3.1,Renault technical documentation,
Dacia Spring (27 kWh),Kostal Plenticore Plus (3.0-10),in_catalog,yes,protocol_verified,,"Dacia Spring pack (27 kWh, Renault K-ZE shared)",2021+,,15.0.14,HW3.1,Renault technical documentation,
Dacia Spring (27 kWh),Maple Leaf Northern Fox H1-H3-AC1-KH,in_catalog,yes,protocol_verified,,"Dacia Spring pack (27 kWh, Renault K-ZE shared)",2021+,,15.0.14,HW3.1,Renault technical documentation,
Dacia Spring (27 kWh),SAJ H2 Hybrid (3-12)K-S2,in_catalog,yes,protocol_verified,,"Dacia Spring pack (27 kWh, Renault K-ZE shared)",2021+,,15.0.14,HW3.1,Renault technical documentation,
Dacia Spring (27 kWh),SMA Sunny Boy Smart Energy 3.6 / 4.0 / 5.0 / 6.0-50 Hybrid Inverter,in_catalog,yes,protocol_verified,,"Dacia Spring pack (27 kWh, Renault K-ZE shared)",2021+,,15.0.14,HW3.1,Renault technical documentation,
Dacia Spring (27 kWh),SMA Sunny Boy Smart Energy 3.6-6.0,in_catalog,yes,protocol_verified,,"Dacia Spring pack (27 kWh, Renault K-ZE shared)",2021+,,15.0.14,HW3.1,Renault technical documentation,
Dacia Spring (27 kWh),SMA Sunny Boy Storage 2.5,in_catalog,yes,protocol_verified,,"Dacia Spring pack (27 kWh, Renault K-ZE shared)",2021+,,15.0.14,HW3.1,Renault technical documentation,
Dacia Spring (27 kWh),SMA Sunny Boy Storage 2.5 / 3.7 / 5.0 / 6.0,in_catalog,yes,protocol_verified,,"Dacia Spring pack (27 kWh, Renault K-ZE shared)",2021+,,15.0.14,HW3.1,Renault technical documentation,
Dacia Spring (27 kWh),SMA Sunny Tripower Smart 5.0-10.0 SE,in_catalog,yes,protocol_verified,,"Dacia Spring pack (27 kWh, Renault K-ZE shared)",2021+,,15.0.14,HW3.1,Renault technical documentation,
Dacia Spring (27 kWh),SMA Sunny Tripower X,in_catalog,yes,protocol_verified,,"Dacia Spring pack (27 kWh, Renault K-ZE shared)",2021+,,15.0.14,HW3.1,Renault technical documentation,
Dacia Spring (27 kWh),Sofar 5K...20KTL-3PH,in_catalog,yes,protocol_verified,,"Dacia Spring pack (27 kWh, Renault K-ZE shared)",2021+,,15.0.14,HW3.1,Renault technical documentation,
Dacia Spring (27 kWh),Sofar HYD (3-20)KTL-3PH,in_catalog,yes,protocol_verified,,"Dacia Spring pack (27 kWh, Renault K-ZE shared)",2021+,,15.0.14,HW3.1,Renault technical documentation,
Dacia Spring (27 kWh),SolaX X1 Hybrid,in_catalog,yes,protocol_verified,,"Dacia Spring pack (27 kWh, Renault K-ZE shared)",2021+,,15.0.14,HW3.1,Renault technical documentation,
Dacia Spring (27 kWh),SolaX X1 Hybrid G4,in_catalog,yes,protocol_verified,,"Dacia Spring pack (27 kWh, Renault K-ZE shared)",2021+,,15.0.14,HW3.1,Renault technical documentation,
Dacia Spring (27 kWh),SolaX X3 Hybrid,in_catalog,yes,protocol_verified,,"Dacia Spring pack (27 kWh, Renault K-ZE shared)",2021+,,15.0.14,HW3.1,Renault technical documentation,
Dacia Spring (27 kWh),SolaX X3 Hybrid G4,in_catalog,yes,protocol_verified,,"Dacia Spring pack (27 kWh, Renault K-ZE shared)",2021+,,15.0.14,HW3.1,Renault technical documentation,
Dacia Spring (27 kWh),SolaX X3-Ultra Hybrid,in_catalog,yes,protocol_verified,,"Dacia Spring pack (27 kWh, Renault K-ZE shared)",2021+,,15.0.14,HW3.1,Renault technical documentation,
Dacia Spring (27 kWh),Solis RHI-3P(5-10)K-HVES-5G / S6-EH1P10K-H-US-APST,in_catalog,yes,protocol_verified,,"Dacia Spring pack (27 kWh, Renault K-ZE shared)",2021+,,15.0.14,HW3.1,Renault technical documentation,
Dacia Spring (27 kWh),Solis RHI-3P(5-10)K-HVES-5G / S6-EH3P-(5-10.0K)-H-EU,in_catalog,yes,protocol_verified,,"Dacia Spring pack (27 kWh, Renault K-ZE shared)",2021+,,15.0.14,HW3.1,Renault technical documentation,
Dacia Spring (27 kWh),Solis S5-EH1P (3-6) K-L (5-6 kW 1P US),in_catalog,yes,protocol_verified,,"Dacia Spring pack (27 kWh, Renault K-ZE shared)",2021+,,15.0.14,HW3.1,Renault technical documentation,
Dacia Spring (27 kWh),Solis S6-EH3P(8-15)K-H 8-15 kW 3P (5-6 kW 1P US),in_catalog,yes,protocol_verified,,"Dacia Spring pack (27 kWh, Renault K-ZE shared)",2021+,,15.0.14,HW3.1,Renault technical documentation,
Dacia Spring (27 kWh),Solxpow Solxpow X3 12-20kW,in_catalog,yes,protocol_verified,,"Dacia Spring pack (27 kWh, Renault K-ZE shared)",2021+,,15.0.14,HW3.1,Renault technical documentation,
Dacia Spring (27 kWh),Sungrow SH15T/SH20T/SH25T,in_catalog,yes,protocol_verified,,"Dacia Spring pack (27 kWh, Renault K-ZE shared)",2021+,,15.0.14,HW3.1,Renault technical documentation,
Dacia Spring (27 kWh),Sungrow SH3.0/3.6/4.0/5.0/6.0RS,in_catalog,yes,protocol_verified,,"Dacia Spring pack (27 kWh, Renault K-ZE shared)",2021+,,15.0.14,HW3.1,Renault technical documentation,
Dacia Spring (27 kWh),Sungrow SH5.0/6.0/8.0/10RT,in_catalog,yes,protocol_verified,,"Dacia Spring pack (27 kWh, Renault K-ZE shared)",2021+,,15.0.14,HW3.1,Renault technical documentation,
DIY HV Orion BMS,Afore AF17K-THA 230V,in_catalog,yes,in_catalog,,,,,15.0.14,HW3.1,BMS-EV firmware supports this pair based on protocol translation,
DIY HV Orion BMS,Deye SUN-(29.9-50)K-SG01HP3-EU-BM3,in_catalog,yes,in_catalog,,,,,15.0.14,HW3.1,BMS-EV firmware supports this pair based on protocol translation,
DIY HV Orion BMS,Deye SUN-(5-20)K-SG01HP3-EU-AM2,in_catalog,yes,in_catalog,,,,,15.0.14,HW3.1,BMS-EV firmware supports this pair based on protocol translation,
DIY HV Orion BMS,Felicity T-REX-50KHP3G01,in_catalog,yes,in_catalog,,,,,15.0.14,HW3.1,BMS-EV firmware supports this pair based on protocol translation,
DIY HV Orion BMS,Ferroamp EnergyHub,in_catalog,yes,in_catalog,,,,,15.0.14,HW3.1,BMS-EV firmware supports this pair based on protocol translation,
DIY HV Orion BMS,FoxESS H1/AC1,in_catalog,yes,in_catalog,,,,,15.0.14,HW3.1,BMS-EV firmware supports this pair based on protocol translation,
DIY HV Orion BMS,FoxESS H3 Pro,in_catalog,yes,in_catalog,,,,,15.0.14,HW3.1,BMS-EV firmware supports this pair based on protocol translation,
DIY HV Orion BMS,FoxESS H3 Smart,in_catalog,yes,in_catalog,,,,,15.0.14,HW3.1,BMS-EV firmware supports this pair based on protocol translation,
DIY HV Orion BMS,FoxESS H3/AC3,in_catalog,yes,in_catalog,,,,,15.0.14,HW3.1,BMS-EV firmware supports this pair based on protocol translation,
DIY HV Orion BMS,Fronius Primo Gen24 Plus,in_catalog,yes,in_catalog,,,,,15.0.14,HW3.1,BMS-EV firmware supports this pair based on protocol translation,
DIY HV Orion BMS,Fronius Symo Gen24 Plus,in_catalog,yes,in_catalog,,,,,15.0.14,HW3.1,BMS-EV firmware supports this pair based on protocol translation,
DIY HV Orion BMS,Fronius Symo Hybrid 3.0/4.0/5.0-3-S,in_catalog,yes,in_catalog,,,,,15.0.14,HW3.1,BMS-EV firmware supports this pair based on protocol translation,
DIY HV Orion BMS,Fronius Verto Plus 15-33kW,in_catalog,yes,in_catalog,,,,,15.0.14,HW3.1,BMS-EV firmware supports this pair based on protocol translation,
DIY HV Orion BMS,GoodWe A-ES hybrid inverter (America Split Phase),in_catalog,yes,in_catalog,,,,,15.0.14,HW3.1,BMS-EV firmware supports this pair based on protocol translation,
DIY HV Orion BMS,GoodWe BH AC battery inverter,in_catalog,yes,in_catalog,,,,,15.0.14,HW3.1,BMS-EV firmware supports this pair based on protocol translation,
DIY HV Orion BMS,GoodWe BT AC battery inverter,in_catalog,yes,in_catalog,,,,,15.0.14,HW3.1,BMS-EV firmware supports this pair based on protocol translation,
DIY HV Orion BMS,GoodWe EH hybrid solar,in_catalog,yes,in_catalog,,,,,15.0.14,HW3.1,BMS-EV firmware supports this pair based on protocol translation,
DIY HV Orion BMS,GoodWe EHB high voltage battery,in_catalog,yes,in_catalog,,,,,15.0.14,HW3.1,BMS-EV firmware supports this pair based on protocol translation,
DIY HV Orion BMS,GoodWe EHB hybrid inverter (South Africa only),in_catalog,yes,in_catalog,,,,,15.0.14,HW3.1,BMS-EV firmware supports this pair based on protocol translation,
DIY HV Orion BMS,GoodWe ES hybrid solar,in_catalog,yes,in_catalog,,,,,15.0.14,HW3.1,BMS-EV firmware supports this pair based on protocol translation,
DIY HV Orion BMS,GoodWe ET hybrid solar,in_catalog,yes,in_catalog,,,,,15.0.14,HW3.1,BMS-EV firmware supports this pair based on protocol translation,
DIY HV Orion BMS,GoodWe SBP battery inverter,in_catalog,yes,in_catalog,,,,,15.0.14,HW3.1,BMS-EV firmware supports this pair based on protocol translation,
DIY HV Orion BMS,Growatt HV Growatt SPH,in_catalog,yes,in_catalog,,,,,15.0.14,HW3.1,BMS-EV firmware supports this pair based on protocol translation,
DIY HV Orion BMS,Growatt HV Growatt SPH (TL3-BH-UP) (5-10kW 3P),in_catalog,yes,in_catalog,,,,,15.0.14,HW3.1,BMS-EV firmware supports this pair based on protocol translation,
DIY HV Orion BMS,Growatt LV Growatt SPH (4.6-10) (TL3-BH) (5-10kW 3P),in_catalog,yes,in_catalog,,,,,15.0.14,HW3.1,BMS-EV firmware supports this pair based on protocol translation,
DIY HV Orion BMS,Growatt WIT 50-100K-HU,in_catalog,yes,in_catalog,,,,,15.0.14,HW3.1,BMS-EV firmware supports this pair based on protocol translation,
DIY HV Orion BMS,Growatt WIT 50-100K-HU (TL3-BH-UP) (5-10kW 3P),in_catalog,yes,in_catalog,,,,,15.0.14,HW3.1,BMS-EV firmware supports this pair based on protocol translation,
DIY HV Orion BMS,Hoymiles HYT/HAT-HV,in_catalog,yes,in_catalog,,,,,15.0.14,HW3.1,BMS-EV firmware supports this pair based on protocol translation,
DIY HV Orion BMS,Huawei SUN2000-(2-6)KTL-L1 (400V),in_catalog,yes,in_catalog,,,,,15.0.14,HW3.1,BMS-EV firmware supports this pair based on protocol translation,
DIY HV Orion BMS,Huawei SUN2000-(3-20)K-MB0 (400V),in_catalog,yes,in_catalog,,,,,15.0.14,HW3.1,BMS-EV firmware supports this pair based on protocol translation,
DIY HV Orion BMS,Kostal Plenticore Plus (3.0-10),in_catalog,yes,in_catalog,,,,,15.0.14,HW3.1,BMS-EV firmware supports this pair based on protocol translation,
DIY HV Orion BMS,Maple Leaf Northern Fox H1-H3-AC1-KH,in_catalog,yes,in_catalog,,,,,15.0.14,HW3.1,BMS-EV firmware supports this pair based on protocol translation,
DIY HV Orion BMS,SAJ H2 Hybrid (3-12)K-S2,in_catalog,yes,in_catalog,,,,,15.0.14,HW3.1,BMS-EV firmware supports this pair based on protocol translation,
DIY HV Orion BMS,SMA Sunny Boy Smart Energy 3.6 / 4.0 / 5.0 / 6.0-50 Hybrid Inverter,in_catalog,yes,in_catalog,,,,,15.0.14,HW3.1,BMS-EV firmware supports this pair based on protocol translation,
DIY HV Orion BMS,SMA Sunny Boy Smart Energy 3.6-6.0,in_catalog,yes,in_catalog,,,,,15.0.14,HW3.1,BMS-EV firmware supports this pair based on protocol translation,
DIY HV Orion BMS,SMA Sunny Boy Storage 2.5,in_catalog,yes,in_catalog,,,,,15.0.14,HW3.1,BMS-EV firmware supports this pair based on protocol translation,
DIY HV Orion BMS,SMA Sunny Boy Storage 2.5 / 3.7 / 5.0 / 6.0,in_catalog,yes,in_catalog,,,,,15.0.14,HW3.1,BMS-EV firmware supports this pair based on protocol translation,
DIY HV Orion BMS,SMA Sunny Tripower Smart 5.0-10.0 SE,in_catalog,yes,in_catalog,,,,,15.0.14,HW3.1,BMS-EV firmware supports this pair based on protocol translation,
DIY HV Orion BMS,SMA Sunny Tripower X,in_catalog,yes,in_catalog,,,,,15.0.14,HW3.1,BMS-EV firmware supports this pair based on protocol translation,
DIY HV Orion BMS,Sofar 5K...20KTL-3PH,in_catalog,yes,in_catalog,,,,,15.0.14,HW3.1,BMS-EV firmware supports this pair based on protocol translation,
DIY HV Orion BMS,Sofar HYD (3-20)KTL-3PH,in_catalog,yes,in_catalog,,,,,15.0.14,HW3.1,BMS-EV firmware supports this pair based on protocol translation,
DIY HV Orion BMS,SolaX X1 Hybrid,in_catalog,yes,in_catalog,,,,,15.0.14,HW3.1,BMS-EV firmware supports this pair based on protocol translation,
DIY HV Orion BMS,SolaX X1 Hybrid G4,in_catalog,yes,in_catalog,,,,,15.0.14,HW3.1,BMS-EV firmware supports this pair based on protocol translation,
DIY HV Orion BMS,SolaX X3 Hybrid,in_catalog,yes,in_catalog,,,,,15.0.14,HW3.1,BMS-EV firmware supports this pair based on protocol translation,
DIY HV Orion BMS,SolaX X3 Hybrid G4,in_catalog,yes,in_catalog,,,,,15.0.14,HW3.1,BMS-EV firmware supports this pair based on protocol translation,
DIY HV Orion BMS,SolaX X3-Ultra Hybrid,in_catalog,yes,in_catalog,,,,,15.0.14,HW3.1,BMS-EV firmware supports this pair based on protocol translation,
DIY HV Orion BMS,Solis RHI-3P(5-10)K-HVES-5G / S6-EH1P10K-H-US-APST,in_catalog,yes,in_catalog,,,,,15.0.14,HW3.1,BMS-EV firmware supports this pair based on protocol translation,
DIY HV Orion BMS,Solis RHI-3P(5-10)K-HVES-5G / S6-EH3P-(5-10.0K)-H-EU,in_catalog,yes,in_catalog,,,,,15.0.14,HW3.1,BMS-EV firmware supports this pair based on protocol translation,
DIY HV Orion BMS,Solis S5-EH1P (3-6) K-L (5-6 kW 1P US),in_catalog,yes,in_catalog,,,,,15.0.14,HW3.1,BMS-EV firmware supports this pair based on protocol translation,
DIY HV Orion BMS,Solis S6-EH3P(8-15)K-H 8-15 kW 3P (5-6 kW 1P US),in_catalog,yes,in_catalog,,,,,15.0.14,HW3.1,BMS-EV firmware supports this pair based on protocol translation,
DIY HV Orion BMS,Solxpow Solxpow X3 12-20kW,in_catalog,yes,in_catalog,,,,,15.0.14,HW3.1,BMS-EV firmware supports this pair based on protocol translation,
DIY HV Orion BMS,Sungrow SH15T/SH20T/SH25T,in_catalog,yes,in_catalog,,,,,15.0.14,HW3.1,BMS-EV firmware supports this pair based on protocol translation,
DIY HV Orion BMS,Sungrow SH3.0/3.6/4.0/5.0/6.0RS,in_catalog,yes,in_catalog,,,,,15.0.14,HW3.1,BMS-EV firmware supports this pair based on protocol translation,
DIY HV Orion BMS,Sungrow SH5.0/6.0/8.0/10RT,in_catalog,yes,in_catalog,,,,,15.0.14,HW3.1,BMS-EV firmware supports this pair based on protocol translation,
DIY HV RJXZS BMS,Afore AF17K-THA 230V,in_catalog,yes,in_catalog,,,,,15.0.14,HW3.1,BMS-EV firmware supports this pair based on protocol translation,
DIY HV RJXZS BMS,Deye SUN-(29.9-50)K-SG01HP3-EU-BM3,in_catalog,yes,in_catalog,,,,,15.0.14,HW3.1,BMS-EV firmware supports this pair based on protocol translation,
DIY HV RJXZS BMS,Deye SUN-(5-20)K-SG01HP3-EU-AM2,in_catalog,yes,in_catalog,,,,,15.0.14,HW3.1,BMS-EV firmware supports this pair based on protocol translation,
DIY HV RJXZS BMS,Felicity T-REX-50KHP3G01,in_catalog,yes,in_catalog,,,,,15.0.14,HW3.1,BMS-EV firmware supports this pair based on protocol translation,
DIY HV RJXZS BMS,Ferroamp EnergyHub,in_catalog,yes,in_catalog,,,,,15.0.14,HW3.1,BMS-EV firmware supports this pair based on protocol translation,
DIY HV RJXZS BMS,FoxESS H1/AC1,in_catalog,yes,in_catalog,,,,,15.0.14,HW3.1,BMS-EV firmware supports this pair based on protocol translation,
DIY HV RJXZS BMS,FoxESS H3 Pro,in_catalog,yes,in_catalog,,,,,15.0.14,HW3.1,BMS-EV firmware supports this pair based on protocol translation,
DIY HV RJXZS BMS,FoxESS H3 Smart,in_catalog,yes,in_catalog,,,,,15.0.14,HW3.1,BMS-EV firmware supports this pair based on protocol translation,
DIY HV RJXZS BMS,FoxESS H3/AC3,in_catalog,yes,in_catalog,,,,,15.0.14,HW3.1,BMS-EV firmware supports this pair based on protocol translation,
DIY HV RJXZS BMS,Fronius Primo Gen24 Plus,in_catalog,yes,in_catalog,,,,,15.0.14,HW3.1,BMS-EV firmware supports this pair based on protocol translation,
DIY HV RJXZS BMS,Fronius Symo Gen24 Plus,in_catalog,yes,in_catalog,,,,,15.0.14,HW3.1,BMS-EV firmware supports this pair based on protocol translation,
DIY HV RJXZS BMS,Fronius Symo Hybrid 3.0/4.0/5.0-3-S,in_catalog,yes,in_catalog,,,,,15.0.14,HW3.1,BMS-EV firmware supports this pair based on protocol translation,
DIY HV RJXZS BMS,Fronius Verto Plus 15-33kW,in_catalog,yes,in_catalog,,,,,15.0.14,HW3.1,BMS-EV firmware supports this pair based on protocol translation,
DIY HV RJXZS BMS,GoodWe A-ES hybrid inverter (America Split Phase),in_catalog,yes,in_catalog,,,,,15.0.14,HW3.1,BMS-EV firmware supports this pair based on protocol translation,
DIY HV RJXZS BMS,GoodWe BH AC battery inverter,in_catalog,yes,in_catalog,,,,,15.0.14,HW3.1,BMS-EV firmware supports this pair based on protocol translation,
DIY HV RJXZS BMS,GoodWe BT AC battery inverter,in_catalog,yes,in_catalog,,,,,15.0.14,HW3.1,BMS-EV firmware supports this pair based on protocol translation,
DIY HV RJXZS BMS,GoodWe EH hybrid solar,in_catalog,yes,in_catalog,,,,,15.0.14,HW3.1,BMS-EV firmware supports this pair based on protocol translation,
DIY HV RJXZS BMS,GoodWe EHB high voltage battery,in_catalog,yes,in_catalog,,,,,15.0.14,HW3.1,BMS-EV firmware supports this pair based on protocol translation,
DIY HV RJXZS BMS,GoodWe EHB hybrid inverter (South Africa only),in_catalog,yes,in_catalog,,,,,15.0.14,HW3.1,BMS-EV firmware supports this pair based on protocol translation,
DIY HV RJXZS BMS,GoodWe ES hybrid solar,in_catalog,yes,in_catalog,,,,,15.0.14,HW3.1,BMS-EV firmware supports this pair based on protocol translation,
DIY HV RJXZS BMS,GoodWe ET hybrid solar,in_catalog,yes,in_catalog,,,,,15.0.14,HW3.1,BMS-EV firmware supports this pair based on protocol translation,
DIY HV RJXZS BMS,GoodWe SBP battery inverter,in_catalog,yes,in_catalog,,,,,15.0.14,HW3.1,BMS-EV firmware supports this pair based on protocol translation,
DIY HV RJXZS BMS,Growatt HV Growatt SPH,in_catalog,yes,in_catalog,,,,,15.0.14,HW3.1,BMS-EV firmware supports this pair based on protocol translation,
DIY HV RJXZS BMS,Growatt HV Growatt SPH (TL3-BH-UP) (5-10kW 3P),in_catalog,yes,in_catalog,,,,,15.0.14,HW3.1,BMS-EV firmware supports this pair based on protocol translation,
DIY HV RJXZS BMS,Growatt LV Growatt SPH (4.6-10) (TL3-BH) (5-10kW 3P),in_catalog,yes,in_catalog,,,,,15.0.14,HW3.1,BMS-EV firmware supports this pair based on protocol translation,
DIY HV RJXZS BMS,Growatt WIT 50-100K-HU,in_catalog,yes,in_catalog,,,,,15.0.14,HW3.1,BMS-EV firmware supports this pair based on protocol translation,
DIY HV RJXZS BMS,Growatt WIT 50-100K-HU (TL3-BH-UP) (5-10kW 3P),in_catalog,yes,in_catalog,,,,,15.0.14,HW3.1,BMS-EV firmware supports this pair based on protocol translation,
DIY HV RJXZS BMS,Hoymiles HYT/HAT-HV,in_catalog,yes,in_catalog,,,,,15.0.14,HW3.1,BMS-EV firmware supports this pair based on protocol translation,
DIY HV RJXZS BMS,Huawei SUN2000-(2-6)KTL-L1 (400V),in_catalog,yes,in_catalog,,,,,15.0.14,HW3.1,BMS-EV firmware supports this pair based on protocol translation,
DIY HV RJXZS BMS,Huawei SUN2000-(3-20)K-MB0 (400V),in_catalog,yes,in_catalog,,,,,15.0.14,HW3.1,BMS-EV firmware supports this pair based on protocol translation,
DIY HV RJXZS BMS,Kostal Plenticore Plus (3.0-10),in_catalog,yes,in_catalog,,,,,15.0.14,HW3.1,BMS-EV firmware supports this pair based on protocol translation,
DIY HV RJXZS BMS,Maple Leaf Northern Fox H1-H3-AC1-KH,in_catalog,yes,in_catalog,,,,,15.0.14,HW3.1,BMS-EV firmware supports this pair based on protocol translation,
DIY HV RJXZS BMS,SAJ H2 Hybrid (3-12)K-S2,in_catalog,yes,in_catalog,,,,,15.0.14,HW3.1,BMS-EV firmware supports this pair based on protocol translation,
DIY HV RJXZS BMS,SMA Sunny Boy Smart Energy 3.6 / 4.0 / 5.0 / 6.0-50 Hybrid Inverter,in_catalog,yes,in_catalog,,,,,15.0.14,HW3.1,BMS-EV firmware supports this pair based on protocol translation,
DIY HV RJXZS BMS,SMA Sunny Boy Smart Energy 3.6-6.0,in_catalog,yes,in_catalog,,,,,15.0.14,HW3.1,BMS-EV firmware supports this pair based on protocol translation,
DIY HV RJXZS BMS,SMA Sunny Boy Storage 2.5,in_catalog,yes,in_catalog,,,,,15.0.14,HW3.1,BMS-EV firmware supports this pair based on protocol translation,
DIY HV RJXZS BMS,SMA Sunny Boy Storage 2.5 / 3.7 / 5.0 / 6.0,in_catalog,yes,in_catalog,,,,,15.0.14,HW3.1,BMS-EV firmware supports this pair based on protocol translation,
DIY HV RJXZS BMS,SMA Sunny Tripower Smart 5.0-10.0 SE,in_catalog,yes,in_catalog,,,,,15.0.14,HW3.1,BMS-EV firmware supports this pair based on protocol translation,
DIY HV RJXZS BMS,SMA Sunny Tripower X,in_catalog,yes,in_catalog,,,,,15.0.14,HW3.1,BMS-EV firmware supports this pair based on protocol translation,
DIY HV RJXZS BMS,Sofar 5K...20KTL-3PH,in_catalog,yes,in_catalog,,,,,15.0.14,HW3.1,BMS-EV firmware supports this pair based on protocol translation,
DIY HV RJXZS BMS,Sofar HYD (3-20)KTL-3PH,in_catalog,yes,in_catalog,,,,,15.0.14,HW3.1,BMS-EV firmware supports this pair based on protocol translation,
DIY HV RJXZS BMS,SolaX X1 Hybrid,in_catalog,yes,in_catalog,,,,,15.0.14,HW3.1,BMS-EV firmware supports this pair based on protocol translation,
DIY HV RJXZS BMS,SolaX X1 Hybrid G4,in_catalog,yes,in_catalog,,,,,15.0.14,HW3.1,BMS-EV firmware supports this pair based on protocol translation,
DIY HV RJXZS BMS,SolaX X3 Hybrid,in_catalog,yes,in_catalog,,,,,15.0.14,HW3.1,BMS-EV firmware supports this pair based on protocol translation,
DIY HV RJXZS BMS,SolaX X3 Hybrid G4,in_catalog,yes,in_catalog,,,,,15.0.14,HW3.1,BMS-EV firmware supports this pair based on protocol translation,
DIY HV RJXZS BMS,SolaX X3-Ultra Hybrid,in_catalog,yes,in_catalog,,,,,15.0.14,HW3.1,BMS-EV firmware supports this pair based on protocol translation,
DIY HV RJXZS BMS,Solis RHI-3P(5-10)K-HVES-5G / S6-EH1P10K-H-US-APST,in_catalog,yes,in_catalog,,,,,15.0.14,HW3.1,BMS-EV firmware supports this pair based on protocol translation,
DIY HV RJXZS BMS,Solis RHI-3P(5-10)K-HVES-5G / S6-EH3P-(5-10.0K)-H-EU,in_catalog,yes,in_catalog,,,,,15.0.14,HW3.1,BMS-EV firmware supports this pair based on protocol translation,
DIY HV RJXZS BMS,Solis S5-EH1P (3-6) K-L (5-6 kW 1P US),in_catalog,yes,in_catalog,,,,,15.0.14,HW3.1,BMS-EV firmware supports this pair based on protocol translation,
DIY HV RJXZS BMS,Solis S6-EH3P(8-15)K-H 8-15 kW 3P (5-6 kW 1P US),in_catalog,yes,in_catalog,,,,,15.0.14,HW3.1,BMS-EV firmware supports this pair based on protocol translation,
DIY HV RJXZS BMS,Solxpow Solxpow X3 12-20kW,in_catalog,yes,in_catalog,,,,,15.0.14,HW3.1,BMS-EV firmware supports this pair based on protocol translation,
DIY HV RJXZS BMS,Sungrow SH15T/SH20T/SH25T,in_catalog,yes,in_catalog,,,,,15.0.14,HW3.1,BMS-EV firmware supports this pair based on protocol translation,
DIY HV RJXZS BMS,Sungrow SH3.0/3.6/4.0/5.0/6.0RS,in_catalog,yes,in_catalog,,,,,15.0.14,HW3.1,BMS-EV firmware supports this pair based on protocol translation,
DIY HV RJXZS BMS,Sungrow SH5.0/6.0/8.0/10RT,in_catalog,yes,in_catalog,,,,,15.0.14,HW3.1,BMS-EV firmware supports this pair based on protocol translation,
DIY HV Simp BMS,Afore AF17K-THA 230V,in_catalog,yes,in_catalog,,,,,15.0.14,HW3.1,BMS-EV firmware supports this pair based on protocol translation,
DIY HV Simp BMS,Deye SUN-(29.9-50)K-SG01HP3-EU-BM3,in_catalog,yes,in_catalog,,,,,15.0.14,HW3.1,BMS-EV firmware supports this pair based on protocol translation,
DIY HV Simp BMS,Deye SUN-(5-20)K-SG01HP3-EU-AM2,in_catalog,yes,in_catalog,,,,,15.0.14,HW3.1,BMS-EV firmware supports this pair based on protocol translation,
DIY HV Simp BMS,Felicity T-REX-50KHP3G01,in_catalog,yes,in_catalog,,,,,15.0.14,HW3.1,BMS-EV firmware supports this pair based on protocol translation,
DIY HV Simp BMS,Ferroamp EnergyHub,in_catalog,yes,in_catalog,,,,,15.0.14,HW3.1,BMS-EV firmware supports this pair based on protocol translation,
DIY HV Simp BMS,FoxESS H1/AC1,in_catalog,yes,in_catalog,,,,,15.0.14,HW3.1,BMS-EV firmware supports this pair based on protocol translation,
DIY HV Simp BMS,FoxESS H3 Pro,in_catalog,yes,in_catalog,,,,,15.0.14,HW3.1,BMS-EV firmware supports this pair based on protocol translation,
DIY HV Simp BMS,FoxESS H3 Smart,in_catalog,yes,in_catalog,,,,,15.0.14,HW3.1,BMS-EV firmware supports this pair based on protocol translation,
DIY HV Simp BMS,FoxESS H3/AC3,in_catalog,yes,in_catalog,,,,,15.0.14,HW3.1,BMS-EV firmware supports this pair based on protocol translation,
DIY HV Simp BMS,Fronius Primo Gen24 Plus,in_catalog,yes,in_catalog,,,,,15.0.14,HW3.1,BMS-EV firmware supports this pair based on protocol translation,
DIY HV Simp BMS,Fronius Symo Gen24 Plus,in_catalog,yes,in_catalog,,,,,15.0.14,HW3.1,BMS-EV firmware supports this pair based on protocol translation,
DIY HV Simp BMS,Fronius Symo Hybrid 3.0/4.0/5.0-3-S,in_catalog,yes,in_catalog,,,,,15.0.14,HW3.1,BMS-EV firmware supports this pair based on protocol translation,
DIY HV Simp BMS,Fronius Verto Plus 15-33kW,in_catalog,yes,in_catalog,,,,,15.0.14,HW3.1,BMS-EV firmware supports this pair based on protocol translation,
DIY HV Simp BMS,GoodWe A-ES hybrid inverter (America Split Phase),in_catalog,yes,in_catalog,,,,,15.0.14,HW3.1,BMS-EV firmware supports this pair based on protocol translation,
DIY HV Simp BMS,GoodWe BH AC battery inverter,in_catalog,yes,in_catalog,,,,,15.0.14,HW3.1,BMS-EV firmware supports this pair based on protocol translation,
DIY HV Simp BMS,GoodWe BT AC battery inverter,in_catalog,yes,in_catalog,,,,,15.0.14,HW3.1,BMS-EV firmware supports this pair based on protocol translation,
DIY HV Simp BMS,GoodWe EH hybrid solar,in_catalog,yes,in_catalog,,,,,15.0.14,HW3.1,BMS-EV firmware supports this pair based on protocol translation,
DIY HV Simp BMS,GoodWe EHB high voltage battery,in_catalog,yes,in_catalog,,,,,15.0.14,HW3.1,BMS-EV firmware supports this pair based on protocol translation,
DIY HV Simp BMS,GoodWe EHB hybrid inverter (South Africa only),in_catalog,yes,in_catalog,,,,,15.0.14,HW3.1,BMS-EV firmware supports this pair based on protocol translation,
DIY HV Simp BMS,GoodWe ES hybrid solar,in_catalog,yes,in_catalog,,,,,15.0.14,HW3.1,BMS-EV firmware supports this pair based on protocol translation,
DIY HV Simp BMS,GoodWe ET hybrid solar,in_catalog,yes,in_catalog,,,,,15.0.14,HW3.1,BMS-EV firmware supports this pair based on protocol translation,
DIY HV Simp BMS,GoodWe SBP battery inverter,in_catalog,yes,in_catalog,,,,,15.0.14,HW3.1,BMS-EV firmware supports this pair based on protocol translation,
DIY HV Simp BMS,Growatt HV Growatt SPH,in_catalog,yes,in_catalog,,,,,15.0.14,HW3.1,BMS-EV firmware supports this pair based on protocol translation,
DIY HV Simp BMS,Growatt HV Growatt SPH (TL3-BH-UP) (5-10kW 3P),in_catalog,yes,in_catalog,,,,,15.0.14,HW3.1,BMS-EV firmware supports this pair based on protocol translation,
DIY HV Simp BMS,Growatt LV Growatt SPH (4.6-10) (TL3-BH) (5-10kW 3P),in_catalog,yes,in_catalog,,,,,15.0.14,HW3.1,BMS-EV firmware supports this pair based on protocol translation,
DIY HV Simp BMS,Growatt WIT 50-100K-HU,in_catalog,yes,in_catalog,,,,,15.0.14,HW3.1,BMS-EV firmware supports this pair based on protocol translation,
DIY HV Simp BMS,Growatt WIT 50-100K-HU (TL3-BH-UP) (5-10kW 3P),in_catalog,yes,in_catalog,,,,,15.0.14,HW3.1,BMS-EV firmware supports this pair based on protocol translation,
DIY HV Simp BMS,Hoymiles HYT/HAT-HV,in_catalog,yes,in_catalog,,,,,15.0.14,HW3.1,BMS-EV firmware supports this pair based on protocol translation,
DIY HV Simp BMS,Huawei SUN2000-(2-6)KTL-L1 (400V),in_catalog,yes,in_catalog,,,,,15.0.14,HW3.1,BMS-EV firmware supports this pair based on protocol translation,
DIY HV Simp BMS,Huawei SUN2000-(3-20)K-MB0 (400V),in_catalog,yes,in_catalog,,,,,15.0.14,HW3.1,BMS-EV firmware supports this pair based on protocol translation,
DIY HV Simp BMS,Kostal Plenticore Plus (3.0-10),in_catalog,yes,in_catalog,,,,,15.0.14,HW3.1,BMS-EV firmware supports this pair based on protocol translation,
DIY HV Simp BMS,Maple Leaf Northern Fox H1-H3-AC1-KH,in_catalog,yes,in_catalog,,,,,15.0.14,HW3.1,BMS-EV firmware supports this pair based on protocol translation,
DIY HV Simp BMS,SAJ H2 Hybrid (3-12)K-S2,in_catalog,yes,in_catalog,,,,,15.0.14,HW3.1,BMS-EV firmware supports this pair based on protocol translation,
DIY HV Simp BMS,SMA Sunny Boy Smart Energy 3.6 / 4.0 / 5.0 / 6.0-50 Hybrid Inverter,in_catalog,yes,in_catalog,,,,,15.0.14,HW3.1,BMS-EV firmware supports this pair based on protocol translation,
DIY HV Simp BMS,SMA Sunny Boy Smart Energy 3.6-6.0,in_catalog,yes,in_catalog,,,,,15.0.14,HW3.1,BMS-EV firmware supports this pair based on protocol translation,
DIY HV Simp BMS,SMA Sunny Boy Storage 2.5,in_catalog,yes,in_catalog,,,,,15.0.14,HW3.1,BMS-EV firmware supports this pair based on protocol translation,
DIY HV Simp BMS,SMA Sunny Boy Storage 2.5 / 3.7 / 5.0 / 6.0,in_catalog,yes,in_catalog,,,,,15.0.14,HW3.1,BMS-EV firmware supports this pair based on protocol translation,
DIY HV Simp BMS,SMA Sunny Tripower Smart 5.0-10.0 SE,in_catalog,yes,in_catalog,,,,,15.0.14,HW3.1,BMS-EV firmware supports this pair based on protocol translation,
DIY HV Simp BMS,SMA Sunny Tripower X,in_catalog,yes,in_catalog,,,,,15.0.14,HW3.1,BMS-EV firmware supports this pair based on protocol translation,
DIY HV Simp BMS,Sofar 5K...20KTL-3PH,in_catalog,yes,in_catalog,,,,,15.0.14,HW3.1,BMS-EV firmware supports this pair based on protocol translation,
DIY HV Simp BMS,Sofar HYD (3-20)KTL-3PH,in_catalog,yes,in_catalog,,,,,15.0.14,HW3.1,BMS-EV firmware supports this pair based on protocol translation,
DIY HV Simp BMS,SolaX X1 Hybrid,in_catalog,yes,in_catalog,,,,,15.0.14,HW3.1,BMS-EV firmware supports this pair based on protocol translation,
DIY HV Simp BMS,SolaX X1 Hybrid G4,in_catalog,yes,in_catalog,,,,,15.0.14,HW3.1,BMS-EV firmware supports this pair based on protocol translation,
DIY HV Simp BMS,SolaX X3 Hybrid,in_catalog,yes,in_catalog,,,,,15.0.14,HW3.1,BMS-EV firmware supports this pair based on protocol translation,
DIY HV Simp BMS,SolaX X3 Hybrid G4,in_catalog,yes,in_catalog,,,,,15.0.14,HW3.1,BMS-EV firmware supports this pair based on protocol translation,
DIY HV Simp BMS,SolaX X3-Ultra Hybrid,in_catalog,yes,in_catalog,,,,,15.0.14,HW3.1,BMS-EV firmware supports this pair based on protocol translation,
DIY HV Simp BMS,Solis RHI-3P(5-10)K-HVES-5G / S6-EH1P10K-H-US-APST,in_catalog,yes,in_catalog,,,,,15.0.14,HW3.1,BMS-EV firmware supports this pair based on protocol translation,
DIY HV Simp BMS,Solis RHI-3P(5-10)K-HVES-5G / S6-EH3P-(5-10.0K)-H-EU,in_catalog,yes,in_catalog,,,,,15.0.14,HW3.1,BMS-EV firmware supports this pair based on protocol translation,
DIY HV Simp BMS,Solis S5-EH1P (3-6) K-L (5-6 kW 1P US),in_catalog,yes,in_catalog,,,,,15.0.14,HW3.1,BMS-EV firmware supports this pair based on protocol translation,
DIY HV Simp BMS,Solis S6-EH3P(8-15)K-H 8-15 kW 3P (5-6 kW 1P US),in_catalog,yes,in_catalog,,,,,15.0.14,HW3.1,BMS-EV firmware supports this pair based on protocol translation,
DIY HV Simp BMS,Solxpow Solxpow X3 12-20kW,in_catalog,yes,in_catalog,,,,,15.0.14,HW3.1,BMS-EV firmware supports this pair based on protocol translation,
DIY HV Simp BMS,Sungrow SH15T/SH20T/SH25T,in_catalog,yes,in_catalog,,,,,15.0.14,HW3.1,BMS-EV firmware supports this pair based on protocol translation,
DIY HV Simp BMS,Sungrow SH3.0/3.6/4.0/5.0/6.0RS,in_catalog,yes,in_catalog,,,,,15.0.14,HW3.1,BMS-EV firmware supports this pair based on protocol translation,
DIY HV Simp BMS,Sungrow SH5.0/6.0/8.0/10RT,in_catalog,yes,in_catalog,,,,,15.0.14,HW3.1,BMS-EV firmware supports this pair based on protocol translation,
DIY LV FoxESS HV2600 batteries,Afore AF17K-THA 230V,in_catalog,yes,in_catalog,,,,,15.0.14,HW3.1,BMS-EV firmware supports this pair based on protocol translation,
DIY LV FoxESS HV2600 batteries,Deye SUN-(29.9-50)K-SG01HP3-EU-BM3,in_catalog,yes,in_catalog,,,,,15.0.14,HW3.1,BMS-EV firmware supports this pair based on protocol translation,
DIY LV FoxESS HV2600 batteries,Deye SUN-(5-20)K-SG01HP3-EU-AM2,in_catalog,yes,in_catalog,,,,,15.0.14,HW3.1,BMS-EV firmware supports this pair based on protocol translation,
DIY LV FoxESS HV2600 batteries,Felicity T-REX-50KHP3G01,in_catalog,yes,in_catalog,,,,,15.0.14,HW3.1,BMS-EV firmware supports this pair based on protocol translation,
DIY LV FoxESS HV2600 batteries,Ferroamp EnergyHub,in_catalog,yes,in_catalog,,,,,15.0.14,HW3.1,BMS-EV firmware supports this pair based on protocol translation,
DIY LV FoxESS HV2600 batteries,FoxESS H1/AC1,in_catalog,yes,in_catalog,,,,,15.0.14,HW3.1,BMS-EV firmware supports this pair based on protocol translation,
DIY LV FoxESS HV2600 batteries,FoxESS H3 Pro,in_catalog,yes,in_catalog,,,,,15.0.14,HW3.1,BMS-EV firmware supports this pair based on protocol translation,
DIY LV FoxESS HV2600 batteries,FoxESS H3 Smart,in_catalog,yes,in_catalog,,,,,15.0.14,HW3.1,BMS-EV firmware supports this pair based on protocol translation,
DIY LV FoxESS HV2600 batteries,FoxESS H3/AC3,in_catalog,yes,in_catalog,,,,,15.0.14,HW3.1,BMS-EV firmware supports this pair based on protocol translation,
DIY LV FoxESS HV2600 batteries,Fronius Primo Gen24 Plus,in_catalog,yes,in_catalog,,,,,15.0.14,HW3.1,BMS-EV firmware supports this pair based on protocol translation,
DIY LV FoxESS HV2600 batteries,Fronius Symo Gen24 Plus,in_catalog,yes,in_catalog,,,,,15.0.14,HW3.1,BMS-EV firmware supports this pair based on protocol translation,
DIY LV FoxESS HV2600 batteries,Fronius Symo Hybrid 3.0/4.0/5.0-3-S,in_catalog,yes,in_catalog,,,,,15.0.14,HW3.1,BMS-EV firmware supports this pair based on protocol translation,
DIY LV FoxESS HV2600 batteries,Fronius Verto Plus 15-33kW,in_catalog,yes,in_catalog,,,,,15.0.14,HW3.1,BMS-EV firmware supports this pair based on protocol translation,
DIY LV FoxESS HV2600 batteries,GoodWe A-ES hybrid inverter (America Split Phase),in_catalog,yes,in_catalog,,,,,15.0.14,HW3.1,BMS-EV firmware supports this pair based on protocol translation,
DIY LV FoxESS HV2600 batteries,GoodWe BH AC battery inverter,in_catalog,yes,in_catalog,,,,,15.0.14,HW3.1,BMS-EV firmware supports this pair based on protocol translation,
DIY LV FoxESS HV2600 batteries,GoodWe BT AC battery inverter,in_catalog,yes,in_catalog,,,,,15.0.14,HW3.1,BMS-EV firmware supports this pair based on protocol translation,
DIY LV FoxESS HV2600 batteries,GoodWe EH hybrid solar,in_catalog,yes,in_catalog,,,,,15.0.14,HW3.1,BMS-EV firmware supports this pair based on protocol translation,
DIY LV FoxESS HV2600 batteries,GoodWe EHB high voltage battery,in_catalog,yes,in_catalog,,,,,15.0.14,HW3.1,BMS-EV firmware supports this pair based on protocol translation,
DIY LV FoxESS HV2600 batteries,GoodWe EHB hybrid inverter (South Africa only),in_catalog,yes,in_catalog,,,,,15.0.14,HW3.1,BMS-EV firmware supports this pair based on protocol translation,
DIY LV FoxESS HV2600 batteries,GoodWe ES hybrid solar,in_catalog,yes,in_catalog,,,,,15.0.14,HW3.1,BMS-EV firmware supports this pair based on protocol translation,
DIY LV FoxESS HV2600 batteries,GoodWe ET hybrid solar,in_catalog,yes,in_catalog,,,,,15.0.14,HW3.1,BMS-EV firmware supports this pair based on protocol translation,
DIY LV FoxESS HV2600 batteries,GoodWe SBP battery inverter,in_catalog,yes,in_catalog,,,,,15.0.14,HW3.1,BMS-EV firmware supports this pair based on protocol translation,
DIY LV FoxESS HV2600 batteries,Growatt HV Growatt SPH,in_catalog,yes,in_catalog,,,,,15.0.14,HW3.1,BMS-EV firmware supports this pair based on protocol translation,
DIY LV FoxESS HV2600 batteries,Growatt HV Growatt SPH (TL3-BH-UP) (5-10kW 3P),in_catalog,yes,in_catalog,,,,,15.0.14,HW3.1,BMS-EV firmware supports this pair based on protocol translation,
DIY LV FoxESS HV2600 batteries,Growatt LV Growatt SPH (4.6-10) (TL3-BH) (5-10kW 3P),in_catalog,yes,in_catalog,,,,,15.0.14,HW3.1,BMS-EV firmware supports this pair based on protocol translation,
DIY LV FoxESS HV2600 batteries,Growatt WIT 50-100K-HU,in_catalog,yes,in_catalog,,,,,15.0.14,HW3.1,BMS-EV firmware supports this pair based on protocol translation,
DIY LV FoxESS HV2600 batteries,Growatt WIT 50-100K-HU (TL3-BH-UP) (5-10kW 3P),in_catalog,yes,in_catalog,,,,,15.0.14,HW3.1,BMS-EV firmware supports this pair based on protocol translation,
DIY LV FoxESS HV2600 batteries,Hoymiles HYT/HAT-HV,in_catalog,yes,in_catalog,,,,,15.0.14,HW3.1,BMS-EV firmware supports this pair based on protocol translation,
DIY LV FoxESS HV2600 batteries,Huawei SUN2000-(2-6)KTL-L1 (400V),in_catalog,yes,in_catalog,,,,,15.0.14,HW3.1,BMS-EV firmware supports this pair based on protocol translation,
DIY LV FoxESS HV2600 batteries,Huawei SUN2000-(3-20)K-MB0 (400V),in_catalog,yes,in_catalog,,,,,15.0.14,HW3.1,BMS-EV firmware supports this pair based on protocol translation,
DIY LV FoxESS HV2600 batteries,Kostal Plenticore Plus (3.0-10),in_catalog,yes,in_catalog,,,,,15.0.14,HW3.1,BMS-EV firmware supports this pair based on protocol translation,
DIY LV FoxESS HV2600 batteries,Maple Leaf Northern Fox H1-H3-AC1-KH,in_catalog,yes,in_catalog,,,,,15.0.14,HW3.1,BMS-EV firmware supports this pair based on protocol translation,
DIY LV FoxESS HV2600 batteries,SAJ H2 Hybrid (3-12)K-S2,in_catalog,yes,in_catalog,,,,,15.0.14,HW3.1,BMS-EV firmware supports this pair based on protocol translation,
DIY LV FoxESS HV2600 batteries,SMA Sunny Boy Smart Energy 3.6 / 4.0 / 5.0 / 6.0-50 Hybrid Inverter,in_catalog,yes,in_catalog,,,,,15.0.14,HW3.1,BMS-EV firmware supports this pair based on protocol translation,
DIY LV FoxESS HV2600 batteries,SMA Sunny Boy Smart Energy 3.6-6.0,in_catalog,yes,in_catalog,,,,,15.0.14,HW3.1,BMS-EV firmware supports this pair based on protocol translation,
DIY LV FoxESS HV2600 batteries,SMA Sunny Boy Storage 2.5,in_catalog,yes,in_catalog,,,,,15.0.14,HW3.1,BMS-EV firmware supports this pair based on protocol translation,
DIY LV FoxESS HV2600 batteries,SMA Sunny Boy Storage 2.5 / 3.7 / 5.0 / 6.0,in_catalog,yes,in_catalog,,,,,15.0.14,HW3.1,BMS-EV firmware supports this pair based on protocol translation,
DIY LV FoxESS HV2600 batteries,SMA Sunny Tripower Smart 5.0-10.0 SE,in_catalog,yes,in_catalog,,,,,15.0.14,HW3.1,BMS-EV firmware supports this pair based on protocol translation,
DIY LV FoxESS HV2600 batteries,SMA Sunny Tripower X,in_catalog,yes,in_catalog,,,,,15.0.14,HW3.1,BMS-EV firmware supports this pair based on protocol translation,
DIY LV FoxESS HV2600 batteries,Sofar 5K...20KTL-3PH,in_catalog,yes,in_catalog,,,,,15.0.14,HW3.1,BMS-EV firmware supports this pair based on protocol translation,
DIY LV FoxESS HV2600 batteries,Sofar HYD (3-20)KTL-3PH,in_catalog,yes,in_catalog,,,,,15.0.14,HW3.1,BMS-EV firmware supports this pair based on protocol translation,
DIY LV FoxESS HV2600 batteries,SolaX X1 Hybrid,in_catalog,yes,in_catalog,,,,,15.0.14,HW3.1,BMS-EV firmware supports this pair based on protocol translation,
DIY LV FoxESS HV2600 batteries,SolaX X1 Hybrid G4,in_catalog,yes,in_catalog,,,,,15.0.14,HW3.1,BMS-EV firmware supports this pair based on protocol translation,
DIY LV FoxESS HV2600 batteries,SolaX X3 Hybrid,in_catalog,yes,in_catalog,,,,,15.0.14,HW3.1,BMS-EV firmware supports this pair based on protocol translation,
DIY LV FoxESS HV2600 batteries,SolaX X3 Hybrid G4,in_catalog,yes,in_catalog,,,,,15.0.14,HW3.1,BMS-EV firmware supports this pair based on protocol translation,
DIY LV FoxESS HV2600 batteries,SolaX X3-Ultra Hybrid,in_catalog,yes,in_catalog,,,,,15.0.14,HW3.1,BMS-EV firmware supports this pair based on protocol translation,
DIY LV FoxESS HV2600 batteries,Solis RHI-3P(5-10)K-HVES-5G / S6-EH1P10K-H-US-APST,in_catalog,yes,in_catalog,,,,,15.0.14,HW3.1,BMS-EV firmware supports this pair based on protocol translation,
DIY LV FoxESS HV2600 batteries,Solis RHI-3P(5-10)K-HVES-5G / S6-EH3P-(5-10.0K)-H-EU,in_catalog,yes,in_catalog,,,,,15.0.14,HW3.1,BMS-EV firmware supports this pair based on protocol translation,
DIY LV FoxESS HV2600 batteries,Solis S5-EH1P (3-6) K-L (5-6 kW 1P US),in_catalog,yes,in_catalog,,,,,15.0.14,HW3.1,BMS-EV firmware supports this pair based on protocol translation,
DIY LV FoxESS HV2600 batteries,Solis S6-EH3P(8-15)K-H 8-15 kW 3P (5-6 kW 1P US),in_catalog,yes,in_catalog,,,,,15.0.14,HW3.1,BMS-EV firmware supports this pair based on protocol translation,
DIY LV FoxESS HV2600 batteries,Solxpow Solxpow X3 12-20kW,in_catalog,yes,in_catalog,,,,,15.0.14,HW3.1,BMS-EV firmware supports this pair based on protocol translation,
DIY LV FoxESS HV2600 batteries,Sungrow SH15T/SH20T/SH25T,in_catalog,yes,in_catalog,,,,,15.0.14,HW3.1,BMS-EV firmware supports this pair based on protocol translation,
DIY LV FoxESS HV2600 batteries,Sungrow SH3.0/3.6/4.0/5.0/6.0RS,in_catalog,yes,in_catalog,,,,,15.0.14,HW3.1,BMS-EV firmware supports this pair based on protocol translation,
DIY LV FoxESS HV2600 batteries,Sungrow SH5.0/6.0/8.0/10RT,in_catalog,yes,in_catalog,,,,,15.0.14,HW3.1,BMS-EV firmware supports this pair based on protocol translation,
DIY LV Pylon HV batteries,Afore AF17K-THA 230V,in_catalog,yes,in_catalog,,,,,15.0.14,HW3.1,BMS-EV firmware supports this pair based on protocol translation,
DIY LV Pylon HV batteries,Deye SUN-(29.9-50)K-SG01HP3-EU-BM3,in_catalog,yes,in_catalog,,,,,15.0.14,HW3.1,BMS-EV firmware supports this pair based on protocol translation,
DIY LV Pylon HV batteries,Deye SUN-(5-20)K-SG01HP3-EU-AM2,in_catalog,yes,in_catalog,,,,,15.0.14,HW3.1,BMS-EV firmware supports this pair based on protocol translation,
DIY LV Pylon HV batteries,Felicity T-REX-50KHP3G01,in_catalog,yes,in_catalog,,,,,15.0.14,HW3.1,BMS-EV firmware supports this pair based on protocol translation,
DIY LV Pylon HV batteries,Ferroamp EnergyHub,in_catalog,yes,in_catalog,,,,,15.0.14,HW3.1,BMS-EV firmware supports this pair based on protocol translation,
DIY LV Pylon HV batteries,FoxESS H1/AC1,in_catalog,yes,in_catalog,,,,,15.0.14,HW3.1,BMS-EV firmware supports this pair based on protocol translation,
DIY LV Pylon HV batteries,FoxESS H3 Pro,in_catalog,yes,in_catalog,,,,,15.0.14,HW3.1,BMS-EV firmware supports this pair based on protocol translation,
DIY LV Pylon HV batteries,FoxESS H3 Smart,in_catalog,yes,in_catalog,,,,,15.0.14,HW3.1,BMS-EV firmware supports this pair based on protocol translation,
DIY LV Pylon HV batteries,FoxESS H3/AC3,in_catalog,yes,in_catalog,,,,,15.0.14,HW3.1,BMS-EV firmware supports this pair based on protocol translation,
DIY LV Pylon HV batteries,Fronius Primo Gen24 Plus,in_catalog,yes,in_catalog,,,,,15.0.14,HW3.1,BMS-EV firmware supports this pair based on protocol translation,
DIY LV Pylon HV batteries,Fronius Symo Gen24 Plus,in_catalog,yes,in_catalog,,,,,15.0.14,HW3.1,BMS-EV firmware supports this pair based on protocol translation,
DIY LV Pylon HV batteries,Fronius Symo Hybrid 3.0/4.0/5.0-3-S,in_catalog,yes,in_catalog,,,,,15.0.14,HW3.1,BMS-EV firmware supports this pair based on protocol translation,
DIY LV Pylon HV batteries,Fronius Verto Plus 15-33kW,in_catalog,yes,in_catalog,,,,,15.0.14,HW3.1,BMS-EV firmware supports this pair based on protocol translation,
DIY LV Pylon HV batteries,GoodWe A-ES hybrid inverter (America Split Phase),in_catalog,yes,in_catalog,,,,,15.0.14,HW3.1,BMS-EV firmware supports this pair based on protocol translation,
DIY LV Pylon HV batteries,GoodWe BH AC battery inverter,in_catalog,yes,in_catalog,,,,,15.0.14,HW3.1,BMS-EV firmware supports this pair based on protocol translation,
DIY LV Pylon HV batteries,GoodWe BT AC battery inverter,in_catalog,yes,in_catalog,,,,,15.0.14,HW3.1,BMS-EV firmware supports this pair based on protocol translation,
DIY LV Pylon HV batteries,GoodWe EH hybrid solar,in_catalog,yes,in_catalog,,,,,15.0.14,HW3.1,BMS-EV firmware supports this pair based on protocol translation,
DIY LV Pylon HV batteries,GoodWe EHB high voltage battery,in_catalog,yes,in_catalog,,,,,15.0.14,HW3.1,BMS-EV firmware supports this pair based on protocol translation,
DIY LV Pylon HV batteries,GoodWe EHB hybrid inverter (South Africa only),in_catalog,yes,in_catalog,,,,,15.0.14,HW3.1,BMS-EV firmware supports this pair based on protocol translation,
DIY LV Pylon HV batteries,GoodWe ES hybrid solar,in_catalog,yes,in_catalog,,,,,15.0.14,HW3.1,BMS-EV firmware supports this pair based on protocol translation,
DIY LV Pylon HV batteries,GoodWe ET hybrid solar,in_catalog,yes,in_catalog,,,,,15.0.14,HW3.1,BMS-EV firmware supports this pair based on protocol translation,
DIY LV Pylon HV batteries,GoodWe SBP battery inverter,in_catalog,yes,in_catalog,,,,,15.0.14,HW3.1,BMS-EV firmware supports this pair based on protocol translation,
DIY LV Pylon HV batteries,Growatt HV Growatt SPH,in_catalog,yes,in_catalog,,,,,15.0.14,HW3.1,BMS-EV firmware supports this pair based on protocol translation,
DIY LV Pylon HV batteries,Growatt HV Growatt SPH (TL3-BH-UP) (5-10kW 3P),in_catalog,yes,in_catalog,,,,,15.0.14,HW3.1,BMS-EV firmware supports this pair based on protocol translation,
DIY LV Pylon HV batteries,Growatt LV Growatt SPH (4.6-10) (TL3-BH) (5-10kW 3P),in_catalog,yes,in_catalog,,,,,15.0.14,HW3.1,BMS-EV firmware supports this pair based on protocol translation,
DIY LV Pylon HV batteries,Growatt WIT 50-100K-HU,in_catalog,yes,in_catalog,,,,,15.0.14,HW3.1,BMS-EV firmware supports this pair based on protocol translation,
DIY LV Pylon HV batteries,Growatt WIT 50-100K-HU (TL3-BH-UP) (5-10kW 3P),in_catalog,yes,in_catalog,,,,,15.0.14,HW3.1,BMS-EV firmware supports this pair based on protocol translation,
DIY LV Pylon HV batteries,Hoymiles HYT/HAT-HV,in_catalog,yes,in_catalog,,,,,15.0.14,HW3.1,BMS-EV firmware supports this pair based on protocol translation,
DIY LV Pylon HV batteries,Huawei SUN2000-(2-6)KTL-L1 (400V),in_catalog,yes,in_catalog,,,,,15.0.14,HW3.1,BMS-EV firmware supports this pair based on protocol translation,
DIY LV Pylon HV batteries,Huawei SUN2000-(3-20)K-MB0 (400V),in_catalog,yes,in_catalog,,,,,15.0.14,HW3.1,BMS-EV firmware supports this pair based on protocol translation,
DIY LV Pylon HV batteries,Kostal Plenticore Plus (3.0-10),in_catalog,yes,in_catalog,,,,,15.0.14,HW3.1,BMS-EV firmware supports this pair based on protocol translation,
DIY LV Pylon HV batteries,Maple Leaf Northern Fox H1-H3-AC1-KH,in_catalog,yes,in_catalog,,,,,15.0.14,HW3.1,BMS-EV firmware supports this pair based on protocol translation,
DIY LV Pylon HV batteries,SAJ H2 Hybrid (3-12)K-S2,in_catalog,yes,in_catalog,,,,,15.0.14,HW3.1,BMS-EV firmware supports this pair based on protocol translation,
DIY LV Pylon HV batteries,SMA Sunny Boy Smart Energy 3.6 / 4.0 / 5.0 / 6.0-50 Hybrid Inverter,in_catalog,yes,in_catalog,,,,,15.0.14,HW3.1,BMS-EV firmware supports this pair based on protocol translation,
DIY LV Pylon HV batteries,SMA Sunny Boy Smart Energy 3.6-6.0,in_catalog,yes,in_catalog,,,,,15.0.14,HW3.1,BMS-EV firmware supports this pair based on protocol translation,
DIY LV Pylon HV batteries,SMA Sunny Boy Storage 2.5,in_catalog,yes,in_catalog,,,,,15.0.14,HW3.1,BMS-EV firmware supports this pair based on protocol translation,
DIY LV Pylon HV batteries,SMA Sunny Boy Storage 2.5 / 3.7 / 5.0 / 6.0,in_catalog,yes,in_catalog,,,,,15.0.14,HW3.1,BMS-EV firmware supports this pair based on protocol translation,
DIY LV Pylon HV batteries,SMA Sunny Tripower Smart 5.0-10.0 SE,in_catalog,yes,in_catalog,,,,,15.0.14,HW3.1,BMS-EV firmware supports this pair based on protocol translation,
DIY LV Pylon HV batteries,SMA Sunny Tripower X,in_catalog,yes,in_catalog,,,,,15.0.14,HW3.1,BMS-EV firmware supports this pair based on protocol translation,
DIY LV Pylon HV batteries,Sofar 5K...20KTL-3PH,in_catalog,yes,in_catalog,,,,,15.0.14,HW3.1,BMS-EV firmware supports this pair based on protocol translation,
DIY LV Pylon HV batteries,Sofar HYD (3-20)KTL-3PH,in_catalog,yes,in_catalog,,,,,15.0.14,HW3.1,BMS-EV firmware supports this pair based on protocol translation,
DIY LV Pylon HV batteries,SolaX X1 Hybrid,in_catalog,yes,in_catalog,,,,,15.0.14,HW3.1,BMS-EV firmware supports this pair based on protocol translation,
DIY LV Pylon HV batteries,SolaX X1 Hybrid G4,in_catalog,yes,in_catalog,,,,,15.0.14,HW3.1,BMS-EV firmware supports this pair based on protocol translation,
DIY LV Pylon HV batteries,SolaX X3 Hybrid,in_catalog,yes,in_catalog,,,,,15.0.14,HW3.1,BMS-EV firmware supports this pair based on protocol translation,
DIY LV Pylon HV batteries,SolaX X3 Hybrid G4,in_catalog,yes,in_catalog,,,,,15.0.14,HW3.1,BMS-EV firmware supports this pair based on protocol translation,
DIY LV Pylon HV batteries,SolaX X3-Ultra Hybrid,in_catalog,yes,in_catalog,,,,,15.0.14,HW3.1,BMS-EV firmware supports this pair based on protocol translation,
DIY LV Pylon HV batteries,Solis RHI-3P(5-10)K-HVES-5G / S6-EH1P10K-H-US-APST,in_catalog,yes,in_catalog,,,,,15.0.14,HW3.1,BMS-EV firmware supports this pair based on protocol translation,
DIY LV Pylon HV batteries,Solis RHI-3P(5-10)K-HVES-5G / S6-EH3P-(5-10.0K)-H-EU,in_catalog,yes,in_catalog,,,,,15.0.14,HW3.1,BMS-EV firmware supports this pair based on protocol translation,
DIY LV Pylon HV batteries,Solis S5-EH1P (3-6) K-L (5-6 kW 1P US),in_catalog,yes,in_catalog,,,,,15.0.14,HW3.1,BMS-EV firmware supports this pair based on protocol translation,
DIY LV Pylon HV batteries,Solis S6-EH3P(8-15)K-H 8-15 kW 3P (5-6 kW 1P US),in_catalog,yes,in_catalog,,,,,15.0.14,HW3.1,BMS-EV firmware supports this pair based on protocol translation,
DIY LV Pylon HV batteries,Solxpow Solxpow X3 12-20kW,in_catalog,yes,in_catalog,,,,,15.0.14,HW3.1,BMS-EV firmware supports this pair based on protocol translation,
DIY LV Pylon HV batteries,Sungrow SH15T/SH20T/SH25T,in_catalog,yes,in_catalog,,,,,15.0.14,HW3.1,BMS-EV firmware supports this pair based on protocol translation,
DIY LV Pylon HV batteries,Sungrow SH3.0/3.6/4.0/5.0/6.0RS,in_catalog,yes,in_catalog,,,,,15.0.14,HW3.1,BMS-EV firmware supports this pair based on protocol translation,
DIY LV Pylon HV batteries,Sungrow SH5.0/6.0/8.0/10RT,in_catalog,yes,in_catalog,,,,,15.0.14,HW3.1,BMS-EV firmware supports this pair based on protocol translation,
Fiat Fastback EV (2026-) (Stellantis CMP Smart Car),Afore AF17K-THA 230V,in_catalog,yes,in_catalog,,,,,15.0.14,HW3.1,BMS-EV firmware supports this pair based on protocol translation,
Fiat Fastback EV (2026-) (Stellantis CMP Smart Car),Deye SUN-(29.9-50)K-SG01HP3-EU-BM3,in_catalog,yes,in_catalog,,,,,15.0.14,HW3.1,BMS-EV firmware supports this pair based on protocol translation,
Fiat Fastback EV (2026-) (Stellantis CMP Smart Car),Deye SUN-(5-20)K-SG01HP3-EU-AM2,in_catalog,yes,in_catalog,,,,,15.0.14,HW3.1,BMS-EV firmware supports this pair based on protocol translation,
Fiat Fastback EV (2026-) (Stellantis CMP Smart Car),Felicity T-REX-50KHP3G01,in_catalog,yes,in_catalog,,,,,15.0.14,HW3.1,BMS-EV firmware supports this pair based on protocol translation,
Fiat Fastback EV (2026-) (Stellantis CMP Smart Car),Ferroamp EnergyHub,in_catalog,yes,in_catalog,,,,,15.0.14,HW3.1,BMS-EV firmware supports this pair based on protocol translation,
Fiat Fastback EV (2026-) (Stellantis CMP Smart Car),FoxESS H1/AC1,in_catalog,yes,in_catalog,,,,,15.0.14,HW3.1,BMS-EV firmware supports this pair based on protocol translation,
Fiat Fastback EV (2026-) (Stellantis CMP Smart Car),FoxESS H3 Pro,in_catalog,yes,in_catalog,,,,,15.0.14,HW3.1,BMS-EV firmware supports this pair based on protocol translation,
Fiat Fastback EV (2026-) (Stellantis CMP Smart Car),FoxESS H3 Smart,in_catalog,yes,in_catalog,,,,,15.0.14,HW3.1,BMS-EV firmware supports this pair based on protocol translation,
Fiat Fastback EV (2026-) (Stellantis CMP Smart Car),FoxESS H3/AC3,in_catalog,yes,in_catalog,,,,,15.0.14,HW3.1,BMS-EV firmware supports this pair based on protocol translation,
Fiat Fastback EV (2026-) (Stellantis CMP Smart Car),Fronius Primo Gen24 Plus,in_catalog,yes,in_catalog,,,,,15.0.14,HW3.1,BMS-EV firmware supports this pair based on protocol translation,
Fiat Fastback EV (2026-) (Stellantis CMP Smart Car),Fronius Symo Gen24 Plus,in_catalog,yes,in_catalog,,,,,15.0.14,HW3.1,BMS-EV firmware supports this pair based on protocol translation,
Fiat Fastback EV (2026-) (Stellantis CMP Smart Car),Fronius Symo Hybrid 3.0/4.0/5.0-3-S,in_catalog,yes,in_catalog,,,,,15.0.14,HW3.1,BMS-EV firmware supports this pair based on protocol translation,
Fiat Fastback EV (2026-) (Stellantis CMP Smart Car),Fronius Verto Plus 15-33kW,in_catalog,yes,in_catalog,,,,,15.0.14,HW3.1,BMS-EV firmware supports this pair based on protocol translation,
Fiat Fastback EV (2026-) (Stellantis CMP Smart Car),GoodWe A-ES hybrid inverter (America Split Phase),in_catalog,yes,in_catalog,,,,,15.0.14,HW3.1,BMS-EV firmware supports this pair based on protocol translation,
Fiat Fastback EV (2026-) (Stellantis CMP Smart Car),GoodWe BH AC battery inverter,in_catalog,yes,in_catalog,,,,,15.0.14,HW3.1,BMS-EV firmware supports this pair based on protocol translation,
Fiat Fastback EV (2026-) (Stellantis CMP Smart Car),GoodWe BT AC battery inverter,in_catalog,yes,in_catalog,,,,,15.0.14,HW3.1,BMS-EV firmware supports this pair based on protocol translation,
Fiat Fastback EV (2026-) (Stellantis CMP Smart Car),GoodWe EH hybrid solar,in_catalog,yes,in_catalog,,,,,15.0.14,HW3.1,BMS-EV firmware supports this pair based on protocol translation,
Fiat Fastback EV (2026-) (Stellantis CMP Smart Car),GoodWe EHB high voltage battery,in_catalog,yes,in_catalog,,,,,15.0.14,HW3.1,BMS-EV firmware supports this pair based on protocol translation,
Fiat Fastback EV (2026-) (Stellantis CMP Smart Car),GoodWe EHB hybrid inverter (South Africa only),in_catalog,yes,in_catalog,,,,,15.0.14,HW3.1,BMS-EV firmware supports this pair based on protocol translation,
Fiat Fastback EV (2026-) (Stellantis CMP Smart Car),GoodWe ES hybrid solar,in_catalog,yes,in_catalog,,,,,15.0.14,HW3.1,BMS-EV firmware supports this pair based on protocol translation,
Fiat Fastback EV (2026-) (Stellantis CMP Smart Car),GoodWe ET hybrid solar,in_catalog,yes,in_catalog,,,,,15.0.14,HW3.1,BMS-EV firmware supports this pair based on protocol translation,
Fiat Fastback EV (2026-) (Stellantis CMP Smart Car),GoodWe SBP battery inverter,in_catalog,yes,in_catalog,,,,,15.0.14,HW3.1,BMS-EV firmware supports this pair based on protocol translation,
Fiat Fastback EV (2026-) (Stellantis CMP Smart Car),Growatt HV Growatt SPH,in_catalog,yes,in_catalog,,,,,15.0.14,HW3.1,BMS-EV firmware supports this pair based on protocol translation,
Fiat Fastback EV (2026-) (Stellantis CMP Smart Car),Growatt HV Growatt SPH (TL3-BH-UP) (5-10kW 3P),in_catalog,yes,in_catalog,,,,,15.0.14,HW3.1,BMS-EV firmware supports this pair based on protocol translation,
Fiat Fastback EV (2026-) (Stellantis CMP Smart Car),Growatt LV Growatt SPH (4.6-10) (TL3-BH) (5-10kW 3P),in_catalog,yes,in_catalog,,,,,15.0.14,HW3.1,BMS-EV firmware supports this pair based on protocol translation,
Fiat Fastback EV (2026-) (Stellantis CMP Smart Car),Growatt WIT 50-100K-HU,in_catalog,yes,in_catalog,,,,,15.0.14,HW3.1,BMS-EV firmware supports this pair based on protocol translation,
Fiat Fastback EV (2026-) (Stellantis CMP Smart Car),Growatt WIT 50-100K-HU (TL3-BH-UP) (5-10kW 3P),in_catalog,yes,in_catalog,,,,,15.0.14,HW3.1,BMS-EV firmware supports this pair based on protocol translation,
Fiat Fastback EV (2026-) (Stellantis CMP Smart Car),Hoymiles HYT/HAT-HV,in_catalog,yes,in_catalog,,,,,15.0.14,HW3.1,BMS-EV firmware supports this pair based on protocol translation,
Fiat Fastback EV (2026-) (Stellantis CMP Smart Car),Huawei SUN2000-(2-6)KTL-L1 (400V),in_catalog,yes,in_catalog,,,,,15.0.14,HW3.1,BMS-EV firmware supports this pair based on protocol translation,
Fiat Fastback EV (2026-) (Stellantis CMP Smart Car),Huawei SUN2000-(3-20)K-MB0 (400V),in_catalog,yes,in_catalog,,,,,15.0.14,HW3.1,BMS-EV firmware supports this pair based on protocol translation,
Fiat Fastback EV (2026-) (Stellantis CMP Smart Car),Kostal Plenticore Plus (3.0-10),in_catalog,yes,in_catalog,,,,,15.0.14,HW3.1,BMS-EV firmware supports this pair based on protocol translation,
Fiat Fastback EV (2026-) (Stellantis CMP Smart Car),Maple Leaf Northern Fox H1-H3-AC1-KH,in_catalog,yes,in_catalog,,,,,15.0.14,HW3.1,BMS-EV firmware supports this pair based on protocol translation,
Fiat Fastback EV (2026-) (Stellantis CMP Smart Car),SAJ H2 Hybrid (3-12)K-S2,in_catalog,yes,in_catalog,,,,,15.0.14,HW3.1,BMS-EV firmware supports this pair based on protocol translation,
Fiat Fastback EV (2026-) (Stellantis CMP Smart Car),SMA Sunny Boy Smart Energy 3.6 / 4.0 / 5.0 / 6.0-50 Hybrid Inverter,in_catalog,yes,in_catalog,,,,,15.0.14,HW3.1,BMS-EV firmware supports this pair based on protocol translation,
Fiat Fastback EV (2026-) (Stellantis CMP Smart Car),SMA Sunny Boy Smart Energy 3.6-6.0,in_catalog,yes,in_catalog,,,,,15.0.14,HW3.1,BMS-EV firmware supports this pair based on protocol translation,
Fiat Fastback EV (2026-) (Stellantis CMP Smart Car),SMA Sunny Boy Storage 2.5,in_catalog,yes,in_catalog,,,,,15.0.14,HW3.1,BMS-EV firmware supports this pair based on protocol translation,
Fiat Fastback EV (2026-) (Stellantis CMP Smart Car),SMA Sunny Boy Storage 2.5 / 3.7 / 5.0 / 6.0,in_catalog,yes,in_catalog,,,,,15.0.14,HW3.1,BMS-EV firmware supports this pair based on protocol translation,
Fiat Fastback EV (2026-) (Stellantis CMP Smart Car),SMA Sunny Tripower Smart 5.0-10.0 SE,in_catalog,yes,in_catalog,,,,,15.0.14,HW3.1,BMS-EV firmware supports this pair based on protocol translation,
Fiat Fastback EV (2026-) (Stellantis CMP Smart Car),SMA Sunny Tripower X,in_catalog,yes,in_catalog,,,,,15.0.14,HW3.1,BMS-EV firmware supports this pair based on protocol translation,
Fiat Fastback EV (2026-) (Stellantis CMP Smart Car),Sofar 5K...20KTL-3PH,in_catalog,yes,in_catalog,,,,,15.0.14,HW3.1,BMS-EV firmware supports this pair based on protocol translation,
Fiat Fastback EV (2026-) (Stellantis CMP Smart Car),Sofar HYD (3-20)KTL-3PH,in_catalog,yes,in_catalog,,,,,15.0.14,HW3.1,BMS-EV firmware supports this pair based on protocol translation,
Fiat Fastback EV (2026-) (Stellantis CMP Smart Car),SolaX X1 Hybrid,in_catalog,yes,in_catalog,,,,,15.0.14,HW3.1,BMS-EV firmware supports this pair based on protocol translation,
Fiat Fastback EV (2026-) (Stellantis CMP Smart Car),SolaX X1 Hybrid G4,in_catalog,yes,in_catalog,,,,,15.0.14,HW3.1,BMS-EV firmware supports this pair based on protocol translation,
Fiat Fastback EV (2026-) (Stellantis CMP Smart Car),SolaX X3 Hybrid,in_catalog,yes,in_catalog,,,,,15.0.14,HW3.1,BMS-EV firmware supports this pair based on protocol translation,
Fiat Fastback EV (2026-) (Stellantis CMP Smart Car),SolaX X3 Hybrid G4,in_catalog,yes,in_catalog,,,,,15.0.14,HW3.1,BMS-EV firmware supports this pair based on protocol translation,
Fiat Fastback EV (2026-) (Stellantis CMP Smart Car),SolaX X3-Ultra Hybrid,in_catalog,yes,in_catalog,,,,,15.0.14,HW3.1,BMS-EV firmware supports this pair based on protocol translation,
Fiat Fastback EV (2026-) (Stellantis CMP Smart Car),Solis RHI-3P(5-10)K-HVES-5G / S6-EH1P10K-H-US-APST,in_catalog,yes,in_catalog,,,,,15.0.14,HW3.1,BMS-EV firmware supports this pair based on protocol translation,
Fiat Fastback EV (2026-) (Stellantis CMP Smart Car),Solis RHI-3P(5-10)K-HVES-5G / S6-EH3P-(5-10.0K)-H-EU,in_catalog,yes,in_catalog,,,,,15.0.14,HW3.1,BMS-EV firmware supports this pair based on protocol translation,
Fiat Fastback EV (2026-) (Stellantis CMP Smart Car),Solis S5-EH1P (3-6) K-L (5-6 kW 1P US),in_catalog,yes,in_catalog,,,,,15.0.14,HW3.1,BMS-EV firmware supports this pair based on protocol translation,
Fiat Fastback EV (2026-) (Stellantis CMP Smart Car),Solis S6-EH3P(8-15)K-H 8-15 kW 3P (5-6 kW 1P US),in_catalog,yes,in_catalog,,,,,15.0.14,HW3.1,BMS-EV firmware supports this pair based on protocol translation,
Fiat Fastback EV (2026-) (Stellantis CMP Smart Car),Solxpow Solxpow X3 12-20kW,in_catalog,yes,in_catalog,,,,,15.0.14,HW3.1,BMS-EV firmware supports this pair based on protocol translation,
Fiat Fastback EV (2026-) (Stellantis CMP Smart Car),Sungrow SH15T/SH20T/SH25T,in_catalog,yes,in_catalog,,,,,15.0.14,HW3.1,BMS-EV firmware supports this pair based on protocol translation,
Fiat Fastback EV (2026-) (Stellantis CMP Smart Car),Sungrow SH3.0/3.6/4.0/5.0/6.0RS,in_catalog,yes,in_catalog,,,,,15.0.14,HW3.1,BMS-EV firmware supports this pair based on protocol translation,
Fiat Fastback EV (2026-) (Stellantis CMP Smart Car),Sungrow SH5.0/6.0/8.0/10RT,in_catalog,yes,in_catalog,,,,,15.0.14,HW3.1,BMS-EV firmware supports this pair based on protocol translation,
Fiat Grande Panda (2025-) (Stellantis CMP Smart Car),Afore AF17K-THA 230V,in_catalog,yes,in_catalog,,,,,15.0.14,HW3.1,BMS-EV firmware supports this pair based on protocol translation,
Fiat Grande Panda (2025-) (Stellantis CMP Smart Car),Deye SUN-(29.9-50)K-SG01HP3-EU-BM3,in_catalog,yes,in_catalog,,,,,15.0.14,HW3.1,BMS-EV firmware supports this pair based on protocol translation,
Fiat Grande Panda (2025-) (Stellantis CMP Smart Car),Deye SUN-(5-20)K-SG01HP3-EU-AM2,in_catalog,yes,in_catalog,,,,,15.0.14,HW3.1,BMS-EV firmware supports this pair based on protocol translation,
Fiat Grande Panda (2025-) (Stellantis CMP Smart Car),Felicity T-REX-50KHP3G01,in_catalog,yes,in_catalog,,,,,15.0.14,HW3.1,BMS-EV firmware supports this pair based on protocol translation,
Fiat Grande Panda (2025-) (Stellantis CMP Smart Car),Ferroamp EnergyHub,in_catalog,yes,in_catalog,,,,,15.0.14,HW3.1,BMS-EV firmware supports this pair based on protocol translation,
Fiat Grande Panda (2025-) (Stellantis CMP Smart Car),FoxESS H1/AC1,in_catalog,yes,in_catalog,,,,,15.0.14,HW3.1,BMS-EV firmware supports this pair based on protocol translation,
Fiat Grande Panda (2025-) (Stellantis CMP Smart Car),FoxESS H3 Pro,in_catalog,yes,in_catalog,,,,,15.0.14,HW3.1,BMS-EV firmware supports this pair based on protocol translation,
Fiat Grande Panda (2025-) (Stellantis CMP Smart Car),FoxESS H3 Smart,in_catalog,yes,in_catalog,,,,,15.0.14,HW3.1,BMS-EV firmware supports this pair based on protocol translation,
Fiat Grande Panda (2025-) (Stellantis CMP Smart Car),FoxESS H3/AC3,in_catalog,yes,in_catalog,,,,,15.0.14,HW3.1,BMS-EV firmware supports this pair based on protocol translation,
Fiat Grande Panda (2025-) (Stellantis CMP Smart Car),Fronius Primo Gen24 Plus,in_catalog,yes,in_catalog,,,,,15.0.14,HW3.1,BMS-EV firmware supports this pair based on protocol translation,
Fiat Grande Panda (2025-) (Stellantis CMP Smart Car),Fronius Symo Gen24 Plus,in_catalog,yes,in_catalog,,,,,15.0.14,HW3.1,BMS-EV firmware supports this pair based on protocol translation,
Fiat Grande Panda (2025-) (Stellantis CMP Smart Car),Fronius Symo Hybrid 3.0/4.0/5.0-3-S,in_catalog,yes,in_catalog,,,,,15.0.14,HW3.1,BMS-EV firmware supports this pair based on protocol translation,
Fiat Grande Panda (2025-) (Stellantis CMP Smart Car),Fronius Verto Plus 15-33kW,in_catalog,yes,in_catalog,,,,,15.0.14,HW3.1,BMS-EV firmware supports this pair based on protocol translation,
Fiat Grande Panda (2025-) (Stellantis CMP Smart Car),GoodWe A-ES hybrid inverter (America Split Phase),in_catalog,yes,in_catalog,,,,,15.0.14,HW3.1,BMS-EV firmware supports this pair based on protocol translation,
Fiat Grande Panda (2025-) (Stellantis CMP Smart Car),GoodWe BH AC battery inverter,in_catalog,yes,in_catalog,,,,,15.0.14,HW3.1,BMS-EV firmware supports this pair based on protocol translation,
Fiat Grande Panda (2025-) (Stellantis CMP Smart Car),GoodWe BT AC battery inverter,in_catalog,yes,in_catalog,,,,,15.0.14,HW3.1,BMS-EV firmware supports this pair based on protocol translation,
Fiat Grande Panda (2025-) (Stellantis CMP Smart Car),GoodWe EH hybrid solar,in_catalog,yes,in_catalog,,,,,15.0.14,HW3.1,BMS-EV firmware supports this pair based on protocol translation,
Fiat Grande Panda (2025-) (Stellantis CMP Smart Car),GoodWe EHB high voltage battery,in_catalog,yes,in_catalog,,,,,15.0.14,HW3.1,BMS-EV firmware supports this pair based on protocol translation,
Fiat Grande Panda (2025-) (Stellantis CMP Smart Car),GoodWe EHB hybrid inverter (South Africa only),in_catalog,yes,in_catalog,,,,,15.0.14,HW3.1,BMS-EV firmware supports this pair based on protocol translation,
Fiat Grande Panda (2025-) (Stellantis CMP Smart Car),GoodWe ES hybrid solar,in_catalog,yes,in_catalog,,,,,15.0.14,HW3.1,BMS-EV firmware supports this pair based on protocol translation,
Fiat Grande Panda (2025-) (Stellantis CMP Smart Car),GoodWe ET hybrid solar,in_catalog,yes,in_catalog,,,,,15.0.14,HW3.1,BMS-EV firmware supports this pair based on protocol translation,
Fiat Grande Panda (2025-) (Stellantis CMP Smart Car),GoodWe SBP battery inverter,in_catalog,yes,in_catalog,,,,,15.0.14,HW3.1,BMS-EV firmware supports this pair based on protocol translation,
Fiat Grande Panda (2025-) (Stellantis CMP Smart Car),Growatt HV Growatt SPH,in_catalog,yes,in_catalog,,,,,15.0.14,HW3.1,BMS-EV firmware supports this pair based on protocol translation,
Fiat Grande Panda (2025-) (Stellantis CMP Smart Car),Growatt HV Growatt SPH (TL3-BH-UP) (5-10kW 3P),in_catalog,yes,in_catalog,,,,,15.0.14,HW3.1,BMS-EV firmware supports this pair based on protocol translation,
Fiat Grande Panda (2025-) (Stellantis CMP Smart Car),Growatt LV Growatt SPH (4.6-10) (TL3-BH) (5-10kW 3P),in_catalog,yes,in_catalog,,,,,15.0.14,HW3.1,BMS-EV firmware supports this pair based on protocol translation,
Fiat Grande Panda (2025-) (Stellantis CMP Smart Car),Growatt WIT 50-100K-HU,in_catalog,yes,in_catalog,,,,,15.0.14,HW3.1,BMS-EV firmware supports this pair based on protocol translation,
Fiat Grande Panda (2025-) (Stellantis CMP Smart Car),Growatt WIT 50-100K-HU (TL3-BH-UP) (5-10kW 3P),in_catalog,yes,in_catalog,,,,,15.0.14,HW3.1,BMS-EV firmware supports this pair based on protocol translation,
Fiat Grande Panda (2025-) (Stellantis CMP Smart Car),Hoymiles HYT/HAT-HV,in_catalog,yes,in_catalog,,,,,15.0.14,HW3.1,BMS-EV firmware supports this pair based on protocol translation,
Fiat Grande Panda (2025-) (Stellantis CMP Smart Car),Huawei SUN2000-(2-6)KTL-L1 (400V),in_catalog,yes,in_catalog,,,,,15.0.14,HW3.1,BMS-EV firmware supports this pair based on protocol translation,
Fiat Grande Panda (2025-) (Stellantis CMP Smart Car),Huawei SUN2000-(3-20)K-MB0 (400V),in_catalog,yes,in_catalog,,,,,15.0.14,HW3.1,BMS-EV firmware supports this pair based on protocol translation,
Fiat Grande Panda (2025-) (Stellantis CMP Smart Car),Kostal Plenticore Plus (3.0-10),in_catalog,yes,in_catalog,,,,,15.0.14,HW3.1,BMS-EV firmware supports this pair based on protocol translation,
Fiat Grande Panda (2025-) (Stellantis CMP Smart Car),Maple Leaf Northern Fox H1-H3-AC1-KH,in_catalog,yes,in_catalog,,,,,15.0.14,HW3.1,BMS-EV firmware supports this pair based on protocol translation,
Fiat Grande Panda (2025-) (Stellantis CMP Smart Car),SAJ H2 Hybrid (3-12)K-S2,in_catalog,yes,in_catalog,,,,,15.0.14,HW3.1,BMS-EV firmware supports this pair based on protocol translation,
Fiat Grande Panda (2025-) (Stellantis CMP Smart Car),SMA Sunny Boy Smart Energy 3.6 / 4.0 / 5.0 / 6.0-50 Hybrid Inverter,in_catalog,yes,in_catalog,,,,,15.0.14,HW3.1,BMS-EV firmware supports this pair based on protocol translation,
Fiat Grande Panda (2025-) (Stellantis CMP Smart Car),SMA Sunny Boy Smart Energy 3.6-6.0,in_catalog,yes,in_catalog,,,,,15.0.14,HW3.1,BMS-EV firmware supports this pair based on protocol translation,
Fiat Grande Panda (2025-) (Stellantis CMP Smart Car),SMA Sunny Boy Storage 2.5,in_catalog,yes,in_catalog,,,,,15.0.14,HW3.1,BMS-EV firmware supports this pair based on protocol translation,
Fiat Grande Panda (2025-) (Stellantis CMP Smart Car),SMA Sunny Boy Storage 2.5 / 3.7 / 5.0 / 6.0,in_catalog,yes,in_catalog,,,,,15.0.14,HW3.1,BMS-EV firmware supports this pair based on protocol translation,
Fiat Grande Panda (2025-) (Stellantis CMP Smart Car),SMA Sunny Tripower Smart 5.0-10.0 SE,in_catalog,yes,in_catalog,,,,,15.0.14,HW3.1,BMS-EV firmware supports this pair based on protocol translation,
Fiat Grande Panda (2025-) (Stellantis CMP Smart Car),SMA Sunny Tripower X,in_catalog,yes,in_catalog,,,,,15.0.14,HW3.1,BMS-EV firmware supports this pair based on protocol translation,
Fiat Grande Panda (2025-) (Stellantis CMP Smart Car),Sofar 5K...20KTL-3PH,in_catalog,yes,in_catalog,,,,,15.0.14,HW3.1,BMS-EV firmware supports this pair based on protocol translation,
Fiat Grande Panda (2025-) (Stellantis CMP Smart Car),Sofar HYD (3-20)KTL-3PH,in_catalog,yes,in_catalog,,,,,15.0.14,HW3.1,BMS-EV firmware supports this pair based on protocol translation,
Fiat Grande Panda (2025-) (Stellantis CMP Smart Car),SolaX X1 Hybrid,in_catalog,yes,in_catalog,,,,,15.0.14,HW3.1,BMS-EV firmware supports this pair based on protocol translation,
Fiat Grande Panda (2025-) (Stellantis CMP Smart Car),SolaX X1 Hybrid G4,in_catalog,yes,in_catalog,,,,,15.0.14,HW3.1,BMS-EV firmware supports this pair based on protocol translation,
Fiat Grande Panda (2025-) (Stellantis CMP Smart Car),SolaX X3 Hybrid,in_catalog,yes,in_catalog,,,,,15.0.14,HW3.1,BMS-EV firmware supports this pair based on protocol translation,
Fiat Grande Panda (2025-) (Stellantis CMP Smart Car),SolaX X3 Hybrid G4,in_catalog,yes,in_catalog,,,,,15.0.14,HW3.1,BMS-EV firmware supports this pair based on protocol translation,
Fiat Grande Panda (2025-) (Stellantis CMP Smart Car),SolaX X3-Ultra Hybrid,in_catalog,yes,in_catalog,,,,,15.0.14,HW3.1,BMS-EV firmware supports this pair based on protocol translation,
Fiat Grande Panda (2025-) (Stellantis CMP Smart Car),Solis RHI-3P(5-10)K-HVES-5G / S6-EH1P10K-H-US-APST,in_catalog,yes,in_catalog,,,,,15.0.14,HW3.1,BMS-EV firmware supports this pair based on protocol translation,
Fiat Grande Panda (2025-) (Stellantis CMP Smart Car),Solis RHI-3P(5-10)K-HVES-5G / S6-EH3P-(5-10.0K)-H-EU,in_catalog,yes,in_catalog,,,,,15.0.14,HW3.1,BMS-EV firmware supports this pair based on protocol translation,
Fiat Grande Panda (2025-) (Stellantis CMP Smart Car),Solis S5-EH1P (3-6) K-L (5-6 kW 1P US),in_catalog,yes,in_catalog,,,,,15.0.14,HW3.1,BMS-EV firmware supports this pair based on protocol translation,
Fiat Grande Panda (2025-) (Stellantis CMP Smart Car),Solis S6-EH3P(8-15)K-H 8-15 kW 3P (5-6 kW 1P US),in_catalog,yes,in_catalog,,,,,15.0.14,HW3.1,BMS-EV firmware supports this pair based on protocol translation,
Fiat Grande Panda (2025-) (Stellantis CMP Smart Car),Solxpow Solxpow X3 12-20kW,in_catalog,yes,in_catalog,,,,,15.0.14,HW3.1,BMS-EV firmware supports this pair based on protocol translation,
Fiat Grande Panda (2025-) (Stellantis CMP Smart Car),Sungrow SH15T/SH20T/SH25T,in_catalog,yes,in_catalog,,,,,15.0.14,HW3.1,BMS-EV firmware supports this pair based on protocol translation,
Fiat Grande Panda (2025-) (Stellantis CMP Smart Car),Sungrow SH3.0/3.6/4.0/5.0/6.0RS,in_catalog,yes,in_catalog,,,,,15.0.14,HW3.1,BMS-EV firmware supports this pair based on protocol translation,
Fiat Grande Panda (2025-) (Stellantis CMP Smart Car),Sungrow SH5.0/6.0/8.0/10RT,in_catalog,yes,in_catalog,,,,,15.0.14,HW3.1,BMS-EV firmware supports this pair based on protocol translation,
Fiat Multipla EV (2025-) (Stellantis CMP Smart Car),Afore AF17K-THA 230V,in_catalog,yes,in_catalog,,,,,15.0.14,HW3.1,BMS-EV firmware supports this pair based on protocol translation,
Fiat Multipla EV (2025-) (Stellantis CMP Smart Car),Deye SUN-(29.9-50)K-SG01HP3-EU-BM3,in_catalog,yes,in_catalog,,,,,15.0.14,HW3.1,BMS-EV firmware supports this pair based on protocol translation,
Fiat Multipla EV (2025-) (Stellantis CMP Smart Car),Deye SUN-(5-20)K-SG01HP3-EU-AM2,in_catalog,yes,in_catalog,,,,,15.0.14,HW3.1,BMS-EV firmware supports this pair based on protocol translation,
Fiat Multipla EV (2025-) (Stellantis CMP Smart Car),Felicity T-REX-50KHP3G01,in_catalog,yes,in_catalog,,,,,15.0.14,HW3.1,BMS-EV firmware supports this pair based on protocol translation,
Fiat Multipla EV (2025-) (Stellantis CMP Smart Car),Ferroamp EnergyHub,in_catalog,yes,in_catalog,,,,,15.0.14,HW3.1,BMS-EV firmware supports this pair based on protocol translation,
Fiat Multipla EV (2025-) (Stellantis CMP Smart Car),FoxESS H1/AC1,in_catalog,yes,in_catalog,,,,,15.0.14,HW3.1,BMS-EV firmware supports this pair based on protocol translation,
Fiat Multipla EV (2025-) (Stellantis CMP Smart Car),FoxESS H3 Pro,in_catalog,yes,in_catalog,,,,,15.0.14,HW3.1,BMS-EV firmware supports this pair based on protocol translation,
Fiat Multipla EV (2025-) (Stellantis CMP Smart Car),FoxESS H3 Smart,in_catalog,yes,in_catalog,,,,,15.0.14,HW3.1,BMS-EV firmware supports this pair based on protocol translation,
Fiat Multipla EV (2025-) (Stellantis CMP Smart Car),FoxESS H3/AC3,in_catalog,yes,in_catalog,,,,,15.0.14,HW3.1,BMS-EV firmware supports this pair based on protocol translation,
Fiat Multipla EV (2025-) (Stellantis CMP Smart Car),Fronius Primo Gen24 Plus,in_catalog,yes,in_catalog,,,,,15.0.14,HW3.1,BMS-EV firmware supports this pair based on protocol translation,
Fiat Multipla EV (2025-) (Stellantis CMP Smart Car),Fronius Symo Gen24 Plus,in_catalog,yes,in_catalog,,,,,15.0.14,HW3.1,BMS-EV firmware supports this pair based on protocol translation,
Fiat Multipla EV (2025-) (Stellantis CMP Smart Car),Fronius Symo Hybrid 3.0/4.0/5.0-3-S,in_catalog,yes,in_catalog,,,,,15.0.14,HW3.1,BMS-EV firmware supports this pair based on protocol translation,
Fiat Multipla EV (2025-) (Stellantis CMP Smart Car),Fronius Verto Plus 15-33kW,in_catalog,yes,in_catalog,,,,,15.0.14,HW3.1,BMS-EV firmware supports this pair based on protocol translation,
Fiat Multipla EV (2025-) (Stellantis CMP Smart Car),GoodWe A-ES hybrid inverter (America Split Phase),in_catalog,yes,in_catalog,,,,,15.0.14,HW3.1,BMS-EV firmware supports this pair based on protocol translation,
Fiat Multipla EV (2025-) (Stellantis CMP Smart Car),GoodWe BH AC battery inverter,in_catalog,yes,in_catalog,,,,,15.0.14,HW3.1,BMS-EV firmware supports this pair based on protocol translation,
Fiat Multipla EV (2025-) (Stellantis CMP Smart Car),GoodWe BT AC battery inverter,in_catalog,yes,in_catalog,,,,,15.0.14,HW3.1,BMS-EV firmware supports this pair based on protocol translation,
Fiat Multipla EV (2025-) (Stellantis CMP Smart Car),GoodWe EH hybrid solar,in_catalog,yes,in_catalog,,,,,15.0.14,HW3.1,BMS-EV firmware supports this pair based on protocol translation,
Fiat Multipla EV (2025-) (Stellantis CMP Smart Car),GoodWe EHB high voltage battery,in_catalog,yes,in_catalog,,,,,15.0.14,HW3.1,BMS-EV firmware supports this pair based on protocol translation,
Fiat Multipla EV (2025-) (Stellantis CMP Smart Car),GoodWe EHB hybrid inverter (South Africa only),in_catalog,yes,in_catalog,,,,,15.0.14,HW3.1,BMS-EV firmware supports this pair based on protocol translation,
Fiat Multipla EV (2025-) (Stellantis CMP Smart Car),GoodWe ES hybrid solar,in_catalog,yes,in_catalog,,,,,15.0.14,HW3.1,BMS-EV firmware supports this pair based on protocol translation,
Fiat Multipla EV (2025-) (Stellantis CMP Smart Car),GoodWe ET hybrid solar,in_catalog,yes,in_catalog,,,,,15.0.14,HW3.1,BMS-EV firmware supports this pair based on protocol translation,
Fiat Multipla EV (2025-) (Stellantis CMP Smart Car),GoodWe SBP battery inverter,in_catalog,yes,in_catalog,,,,,15.0.14,HW3.1,BMS-EV firmware supports this pair based on protocol translation,
Fiat Multipla EV (2025-) (Stellantis CMP Smart Car),Growatt HV Growatt SPH,in_catalog,yes,in_catalog,,,,,15.0.14,HW3.1,BMS-EV firmware supports this pair based on protocol translation,
Fiat Multipla EV (2025-) (Stellantis CMP Smart Car),Growatt HV Growatt SPH (TL3-BH-UP) (5-10kW 3P),in_catalog,yes,in_catalog,,,,,15.0.14,HW3.1,BMS-EV firmware supports this pair based on protocol translation,
Fiat Multipla EV (2025-) (Stellantis CMP Smart Car),Growatt LV Growatt SPH (4.6-10) (TL3-BH) (5-10kW 3P),in_catalog,yes,in_catalog,,,,,15.0.14,HW3.1,BMS-EV firmware supports this pair based on protocol translation,
Fiat Multipla EV (2025-) (Stellantis CMP Smart Car),Growatt WIT 50-100K-HU,in_catalog,yes,in_catalog,,,,,15.0.14,HW3.1,BMS-EV firmware supports this pair based on protocol translation,
Fiat Multipla EV (2025-) (Stellantis CMP Smart Car),Growatt WIT 50-100K-HU (TL3-BH-UP) (5-10kW 3P),in_catalog,yes,in_catalog,,,,,15.0.14,HW3.1,BMS-EV firmware supports this pair based on protocol translation,
Fiat Multipla EV (2025-) (Stellantis CMP Smart Car),Hoymiles HYT/HAT-HV,in_catalog,yes,in_catalog,,,,,15.0.14,HW3.1,BMS-EV firmware supports this pair based on protocol translation,
Fiat Multipla EV (2025-) (Stellantis CMP Smart Car),Huawei SUN2000-(2-6)KTL-L1 (400V),in_catalog,yes,in_catalog,,,,,15.0.14,HW3.1,BMS-EV firmware supports this pair based on protocol translation,
Fiat Multipla EV (2025-) (Stellantis CMP Smart Car),Huawei SUN2000-(3-20)K-MB0 (400V),in_catalog,yes,in_catalog,,,,,15.0.14,HW3.1,BMS-EV firmware supports this pair based on protocol translation,
Fiat Multipla EV (2025-) (Stellantis CMP Smart Car),Kostal Plenticore Plus (3.0-10),in_catalog,yes,in_catalog,,,,,15.0.14,HW3.1,BMS-EV firmware supports this pair based on protocol translation,
Fiat Multipla EV (2025-) (Stellantis CMP Smart Car),Maple Leaf Northern Fox H1-H3-AC1-KH,in_catalog,yes,in_catalog,,,,,15.0.14,HW3.1,BMS-EV firmware supports this pair based on protocol translation,
Fiat Multipla EV (2025-) (Stellantis CMP Smart Car),SAJ H2 Hybrid (3-12)K-S2,in_catalog,yes,in_catalog,,,,,15.0.14,HW3.1,BMS-EV firmware supports this pair based on protocol translation,
Fiat Multipla EV (2025-) (Stellantis CMP Smart Car),SMA Sunny Boy Smart Energy 3.6 / 4.0 / 5.0 / 6.0-50 Hybrid Inverter,in_catalog,yes,in_catalog,,,,,15.0.14,HW3.1,BMS-EV firmware supports this pair based on protocol translation,
Fiat Multipla EV (2025-) (Stellantis CMP Smart Car),SMA Sunny Boy Smart Energy 3.6-6.0,in_catalog,yes,in_catalog,,,,,15.0.14,HW3.1,BMS-EV firmware supports this pair based on protocol translation,
Fiat Multipla EV (2025-) (Stellantis CMP Smart Car),SMA Sunny Boy Storage 2.5,in_catalog,yes,in_catalog,,,,,15.0.14,HW3.1,BMS-EV firmware supports this pair based on protocol translation,
Fiat Multipla EV (2025-) (Stellantis CMP Smart Car),SMA Sunny Boy Storage 2.5 / 3.7 / 5.0 / 6.0,in_catalog,yes,in_catalog,,,,,15.0.14,HW3.1,BMS-EV firmware supports this pair based on protocol translation,
Fiat Multipla EV (2025-) (Stellantis CMP Smart Car),SMA Sunny Tripower Smart 5.0-10.0 SE,in_catalog,yes,in_catalog,,,,,15.0.14,HW3.1,BMS-EV firmware supports this pair based on protocol translation,
Fiat Multipla EV (2025-) (Stellantis CMP Smart Car),SMA Sunny Tripower X,in_catalog,yes,in_catalog,,,,,15.0.14,HW3.1,BMS-EV firmware supports this pair based on protocol translation,
Fiat Multipla EV (2025-) (Stellantis CMP Smart Car),Sofar 5K...20KTL-3PH,in_catalog,yes,in_catalog,,,,,15.0.14,HW3.1,BMS-EV firmware supports this pair based on protocol translation,
Fiat Multipla EV (2025-) (Stellantis CMP Smart Car),Sofar HYD (3-20)KTL-3PH,in_catalog,yes,in_catalog,,,,,15.0.14,HW3.1,BMS-EV firmware supports this pair based on protocol translation,
Fiat Multipla EV (2025-) (Stellantis CMP Smart Car),SolaX X1 Hybrid,in_catalog,yes,in_catalog,,,,,15.0.14,HW3.1,BMS-EV firmware supports this pair based on protocol translation,
Fiat Multipla EV (2025-) (Stellantis CMP Smart Car),SolaX X1 Hybrid G4,in_catalog,yes,in_catalog,,,,,15.0.14,HW3.1,BMS-EV firmware supports this pair based on protocol translation,
Fiat Multipla EV (2025-) (Stellantis CMP Smart Car),SolaX X3 Hybrid,in_catalog,yes,in_catalog,,,,,15.0.14,HW3.1,BMS-EV firmware supports this pair based on protocol translation,
Fiat Multipla EV (2025-) (Stellantis CMP Smart Car),SolaX X3 Hybrid G4,in_catalog,yes,in_catalog,,,,,15.0.14,HW3.1,BMS-EV firmware supports this pair based on protocol translation,
Fiat Multipla EV (2025-) (Stellantis CMP Smart Car),SolaX X3-Ultra Hybrid,in_catalog,yes,in_catalog,,,,,15.0.14,HW3.1,BMS-EV firmware supports this pair based on protocol translation,
Fiat Multipla EV (2025-) (Stellantis CMP Smart Car),Solis RHI-3P(5-10)K-HVES-5G / S6-EH1P10K-H-US-APST,in_catalog,yes,in_catalog,,,,,15.0.14,HW3.1,BMS-EV firmware supports this pair based on protocol translation,
Fiat Multipla EV (2025-) (Stellantis CMP Smart Car),Solis RHI-3P(5-10)K-HVES-5G / S6-EH3P-(5-10.0K)-H-EU,in_catalog,yes,in_catalog,,,,,15.0.14,HW3.1,BMS-EV firmware supports this pair based on protocol translation,
Fiat Multipla EV (2025-) (Stellantis CMP Smart Car),Solis S5-EH1P (3-6) K-L (5-6 kW 1P US),in_catalog,yes,in_catalog,,,,,15.0.14,HW3.1,BMS-EV firmware supports this pair based on protocol translation,
Fiat Multipla EV (2025-) (Stellantis CMP Smart Car),Solis S6-EH3P(8-15)K-H 8-15 kW 3P (5-6 kW 1P US),in_catalog,yes,in_catalog,,,,,15.0.14,HW3.1,BMS-EV firmware supports this pair based on protocol translation,
Fiat Multipla EV (2025-) (Stellantis CMP Smart Car),Solxpow Solxpow X3 12-20kW,in_catalog,yes,in_catalog,,,,,15.0.14,HW3.1,BMS-EV firmware supports this pair based on protocol translation,
Fiat Multipla EV (2025-) (Stellantis CMP Smart Car),Sungrow SH15T/SH20T/SH25T,in_catalog,yes,in_catalog,,,,,15.0.14,HW3.1,BMS-EV firmware supports this pair based on protocol translation,
Fiat Multipla EV (2025-) (Stellantis CMP Smart Car),Sungrow SH3.0/3.6/4.0/5.0/6.0RS,in_catalog,yes,in_catalog,,,,,15.0.14,HW3.1,BMS-EV firmware supports this pair based on protocol translation,
Fiat Multipla EV (2025-) (Stellantis CMP Smart Car),Sungrow SH5.0/6.0/8.0/10RT,in_catalog,yes,in_catalog,,,,,15.0.14,HW3.1,BMS-EV firmware supports this pair based on protocol translation,
Fiat pickup EV (2025-) (Stellantis CMP Smart Car),Afore AF17K-THA 230V,in_catalog,yes,in_catalog,,,,,15.0.14,HW3.1,BMS-EV firmware supports this pair based on protocol translation,
Fiat pickup EV (2025-) (Stellantis CMP Smart Car),Deye SUN-(29.9-50)K-SG01HP3-EU-BM3,in_catalog,yes,in_catalog,,,,,15.0.14,HW3.1,BMS-EV firmware supports this pair based on protocol translation,
Fiat pickup EV (2025-) (Stellantis CMP Smart Car),Deye SUN-(5-20)K-SG01HP3-EU-AM2,in_catalog,yes,in_catalog,,,,,15.0.14,HW3.1,BMS-EV firmware supports this pair based on protocol translation,
Fiat pickup EV (2025-) (Stellantis CMP Smart Car),Felicity T-REX-50KHP3G01,in_catalog,yes,in_catalog,,,,,15.0.14,HW3.1,BMS-EV firmware supports this pair based on protocol translation,
Fiat pickup EV (2025-) (Stellantis CMP Smart Car),Ferroamp EnergyHub,in_catalog,yes,in_catalog,,,,,15.0.14,HW3.1,BMS-EV firmware supports this pair based on protocol translation,
Fiat pickup EV (2025-) (Stellantis CMP Smart Car),FoxESS H1/AC1,in_catalog,yes,in_catalog,,,,,15.0.14,HW3.1,BMS-EV firmware supports this pair based on protocol translation,
Fiat pickup EV (2025-) (Stellantis CMP Smart Car),FoxESS H3 Pro,in_catalog,yes,in_catalog,,,,,15.0.14,HW3.1,BMS-EV firmware supports this pair based on protocol translation,
Fiat pickup EV (2025-) (Stellantis CMP Smart Car),FoxESS H3 Smart,in_catalog,yes,in_catalog,,,,,15.0.14,HW3.1,BMS-EV firmware supports this pair based on protocol translation,
Fiat pickup EV (2025-) (Stellantis CMP Smart Car),FoxESS H3/AC3,in_catalog,yes,in_catalog,,,,,15.0.14,HW3.1,BMS-EV firmware supports this pair based on protocol translation,
Fiat pickup EV (2025-) (Stellantis CMP Smart Car),Fronius Primo Gen24 Plus,in_catalog,yes,in_catalog,,,,,15.0.14,HW3.1,BMS-EV firmware supports this pair based on protocol translation,
Fiat pickup EV (2025-) (Stellantis CMP Smart Car),Fronius Symo Gen24 Plus,in_catalog,yes,in_catalog,,,,,15.0.14,HW3.1,BMS-EV firmware supports this pair based on protocol translation,
Fiat pickup EV (2025-) (Stellantis CMP Smart Car),Fronius Symo Hybrid 3.0/4.0/5.0-3-S,in_catalog,yes,in_catalog,,,,,15.0.14,HW3.1,BMS-EV firmware supports this pair based on protocol translation,
Fiat pickup EV (2025-) (Stellantis CMP Smart Car),Fronius Verto Plus 15-33kW,in_catalog,yes,in_catalog,,,,,15.0.14,HW3.1,BMS-EV firmware supports this pair based on protocol translation,
Fiat pickup EV (2025-) (Stellantis CMP Smart Car),GoodWe A-ES hybrid inverter (America Split Phase),in_catalog,yes,in_catalog,,,,,15.0.14,HW3.1,BMS-EV firmware supports this pair based on protocol translation,
Fiat pickup EV (2025-) (Stellantis CMP Smart Car),GoodWe BH AC battery inverter,in_catalog,yes,in_catalog,,,,,15.0.14,HW3.1,BMS-EV firmware supports this pair based on protocol translation,
Fiat pickup EV (2025-) (Stellantis CMP Smart Car),GoodWe BT AC battery inverter,in_catalog,yes,in_catalog,,,,,15.0.14,HW3.1,BMS-EV firmware supports this pair based on protocol translation,
Fiat pickup EV (2025-) (Stellantis CMP Smart Car),GoodWe EH hybrid solar,in_catalog,yes,in_catalog,,,,,15.0.14,HW3.1,BMS-EV firmware supports this pair based on protocol translation,
Fiat pickup EV (2025-) (Stellantis CMP Smart Car),GoodWe EHB high voltage battery,in_catalog,yes,in_catalog,,,,,15.0.14,HW3.1,BMS-EV firmware supports this pair based on protocol translation,
Fiat pickup EV (2025-) (Stellantis CMP Smart Car),GoodWe EHB hybrid inverter (South Africa only),in_catalog,yes,in_catalog,,,,,15.0.14,HW3.1,BMS-EV firmware supports this pair based on protocol translation,
Fiat pickup EV (2025-) (Stellantis CMP Smart Car),GoodWe ES hybrid solar,in_catalog,yes,in_catalog,,,,,15.0.14,HW3.1,BMS-EV firmware supports this pair based on protocol translation,
Fiat pickup EV (2025-) (Stellantis CMP Smart Car),GoodWe ET hybrid solar,in_catalog,yes,in_catalog,,,,,15.0.14,HW3.1,BMS-EV firmware supports this pair based on protocol translation,
Fiat pickup EV (2025-) (Stellantis CMP Smart Car),GoodWe SBP battery inverter,in_catalog,yes,in_catalog,,,,,15.0.14,HW3.1,BMS-EV firmware supports this pair based on protocol translation,
Fiat pickup EV (2025-) (Stellantis CMP Smart Car),Growatt HV Growatt SPH,in_catalog,yes,in_catalog,,,,,15.0.14,HW3.1,BMS-EV firmware supports this pair based on protocol translation,
Fiat pickup EV (2025-) (Stellantis CMP Smart Car),Growatt HV Growatt SPH (TL3-BH-UP) (5-10kW 3P),in_catalog,yes,in_catalog,,,,,15.0.14,HW3.1,BMS-EV firmware supports this pair based on protocol translation,
Fiat pickup EV (2025-) (Stellantis CMP Smart Car),Growatt LV Growatt SPH (4.6-10) (TL3-BH) (5-10kW 3P),in_catalog,yes,in_catalog,,,,,15.0.14,HW3.1,BMS-EV firmware supports this pair based on protocol translation,
Fiat pickup EV (2025-) (Stellantis CMP Smart Car),Growatt WIT 50-100K-HU,in_catalog,yes,in_catalog,,,,,15.0.14,HW3.1,BMS-EV firmware supports this pair based on protocol translation,
Fiat pickup EV (2025-) (Stellantis CMP Smart Car),Growatt WIT 50-100K-HU (TL3-BH-UP) (5-10kW 3P),in_catalog,yes,in_catalog,,,,,15.0.14,HW3.1,BMS-EV firmware supports this pair based on protocol translation,
Fiat pickup EV (2025-) (Stellantis CMP Smart Car),Hoymiles HYT/HAT-HV,in_catalog,yes,in_catalog,,,,,15.0.14,HW3.1,BMS-EV firmware supports this pair based on protocol translation,
Fiat pickup EV (2025-) (Stellantis CMP Smart Car),Huawei SUN2000-(2-6)KTL-L1 (400V),in_catalog,yes,in_catalog,,,,,15.0.14,HW3.1,BMS-EV firmware supports this pair based on protocol translation,
Fiat pickup EV (2025-) (Stellantis CMP Smart Car),Huawei SUN2000-(3-20)K-MB0 (400V),in_catalog,yes,in_catalog,,,,,15.0.14,HW3.1,BMS-EV firmware supports this pair based on protocol translation,
Fiat pickup EV (2025-) (Stellantis CMP Smart Car),Kostal Plenticore Plus (3.0-10),in_catalog,yes,in_catalog,,,,,15.0.14,HW3.1,BMS-EV firmware supports this pair based on protocol translation,
Fiat pickup EV (2025-) (Stellantis CMP Smart Car),Maple Leaf Northern Fox H1-H3-AC1-KH,in_catalog,yes,in_catalog,,,,,15.0.14,HW3.1,BMS-EV firmware supports this pair based on protocol translation,
Fiat pickup EV (2025-) (Stellantis CMP Smart Car),SAJ H2 Hybrid (3-12)K-S2,in_catalog,yes,in_catalog,,,,,15.0.14,HW3.1,BMS-EV firmware supports this pair based on protocol translation,
Fiat pickup EV (2025-) (Stellantis CMP Smart Car),SMA Sunny Boy Smart Energy 3.6 / 4.0 / 5.0 / 6.0-50 Hybrid Inverter,in_catalog,yes,in_catalog,,,,,15.0.14,HW3.1,BMS-EV firmware supports this pair based on protocol translation,
Fiat pickup EV (2025-) (Stellantis CMP Smart Car),SMA Sunny Boy Smart Energy 3.6-6.0,in_catalog,yes,in_catalog,,,,,15.0.14,HW3.1,BMS-EV firmware supports this pair based on protocol translation,
Fiat pickup EV (2025-) (Stellantis CMP Smart Car),SMA Sunny Boy Storage 2.5,in_catalog,yes,in_catalog,,,,,15.0.14,HW3.1,BMS-EV firmware supports this pair based on protocol translation,
Fiat pickup EV (2025-) (Stellantis CMP Smart Car),SMA Sunny Boy Storage 2.5 / 3.7 / 5.0 / 6.0,in_catalog,yes,in_catalog,,,,,15.0.14,HW3.1,BMS-EV firmware supports this pair based on protocol translation,
Fiat pickup EV (2025-) (Stellantis CMP Smart Car),SMA Sunny Tripower Smart 5.0-10.0 SE,in_catalog,yes,in_catalog,,,,,15.0.14,HW3.1,BMS-EV firmware supports this pair based on protocol translation,
Fiat pickup EV (2025-) (Stellantis CMP Smart Car),SMA Sunny Tripower X,in_catalog,yes,in_catalog,,,,,15.0.14,HW3.1,BMS-EV firmware supports this pair based on protocol translation,
Fiat pickup EV (2025-) (Stellantis CMP Smart Car),Sofar 5K...20KTL-3PH,in_catalog,yes,in_catalog,,,,,15.0.14,HW3.1,BMS-EV firmware supports this pair based on protocol translation,
Fiat pickup EV (2025-) (Stellantis CMP Smart Car),Sofar HYD (3-20)KTL-3PH,in_catalog,yes,in_catalog,,,,,15.0.14,HW3.1,BMS-EV firmware supports this pair based on protocol translation,
Fiat pickup EV (2025-) (Stellantis CMP Smart Car),SolaX X1 Hybrid,in_catalog,yes,in_catalog,,,,,15.0.14,HW3.1,BMS-EV firmware supports this pair based on protocol translation,
Fiat pickup EV (2025-) (Stellantis CMP Smart Car),SolaX X1 Hybrid G4,in_catalog,yes,in_catalog,,,,,15.0.14,HW3.1,BMS-EV firmware supports this pair based on protocol translation,
Fiat pickup EV (2025-) (Stellantis CMP Smart Car),SolaX X3 Hybrid,in_catalog,yes,in_catalog,,,,,15.0.14,HW3.1,BMS-EV firmware supports this pair based on protocol translation,
Fiat pickup EV (2025-) (Stellantis CMP Smart Car),SolaX X3 Hybrid G4,in_catalog,yes,in_catalog,,,,,15.0.14,HW3.1,BMS-EV firmware supports this pair based on protocol translation,
Fiat pickup EV (2025-) (Stellantis CMP Smart Car),SolaX X3-Ultra Hybrid,in_catalog,yes,in_catalog,,,,,15.0.14,HW3.1,BMS-EV firmware supports this pair based on protocol translation,
Fiat pickup EV (2025-) (Stellantis CMP Smart Car),Solis RHI-3P(5-10)K-HVES-5G / S6-EH1P10K-H-US-APST,in_catalog,yes,in_catalog,,,,,15.0.14,HW3.1,BMS-EV firmware supports this pair based on protocol translation,
Fiat pickup EV (2025-) (Stellantis CMP Smart Car),Solis RHI-3P(5-10)K-HVES-5G / S6-EH3P-(5-10.0K)-H-EU,in_catalog,yes,in_catalog,,,,,15.0.14,HW3.1,BMS-EV firmware supports this pair based on protocol translation,
Fiat pickup EV (2025-) (Stellantis CMP Smart Car),Solis S5-EH1P (3-6) K-L (5-6 kW 1P US),in_catalog,yes,in_catalog,,,,,15.0.14,HW3.1,BMS-EV firmware supports this pair based on protocol translation,
Fiat pickup EV (2025-) (Stellantis CMP Smart Car),Solis S6-EH3P(8-15)K-H 8-15 kW 3P (5-6 kW 1P US),in_catalog,yes,in_catalog,,,,,15.0.14,HW3.1,BMS-EV firmware supports this pair based on protocol translation,
Fiat pickup EV (2025-) (Stellantis CMP Smart Car),Solxpow Solxpow X3 12-20kW,in_catalog,yes,in_catalog,,,,,15.0.14,HW3.1,BMS-EV firmware supports this pair based on protocol translation,
Fiat pickup EV (2025-) (Stellantis CMP Smart Car),Sungrow SH15T/SH20T/SH25T,in_catalog,yes,in_catalog,,,,,15.0.14,HW3.1,BMS-EV firmware supports this pair based on protocol translation,
Fiat pickup EV (2025-) (Stellantis CMP Smart Car),Sungrow SH3.0/3.6/4.0/5.0/6.0RS,in_catalog,yes,in_catalog,,,,,15.0.14,HW3.1,BMS-EV firmware supports this pair based on protocol translation,
Fiat pickup EV (2025-) (Stellantis CMP Smart Car),Sungrow SH5.0/6.0/8.0/10RT,in_catalog,yes,in_catalog,,,,,15.0.14,HW3.1,BMS-EV firmware supports this pair based on protocol translation,
Ford E-Transit (66/77 kWh),Afore AF17K-THA 230V,in_catalog,yes,protocol_verified,,Ford E-Transit pack (66 kWh / 77 kWh),2022+,,15.0.14,HW3.1,Ford technical documentation,
Ford E-Transit (66/77 kWh),Deye SUN-(29.9-50)K-SG01HP3-EU-BM3,in_catalog,yes,protocol_verified,,Ford E-Transit pack (66 kWh / 77 kWh),2022+,,15.0.14,HW3.1,Ford technical documentation,
Ford E-Transit (66/77 kWh),Deye SUN-(5-20)K-SG01HP3-EU-AM2,in_catalog,yes,protocol_verified,,Ford E-Transit pack (66 kWh / 77 kWh),2022+,,15.0.14,HW3.1,Ford technical documentation,
Ford E-Transit (66/77 kWh),Felicity T-REX-50KHP3G01,in_catalog,yes,protocol_verified,,Ford E-Transit pack (66 kWh / 77 kWh),2022+,,15.0.14,HW3.1,Ford technical documentation,
Ford E-Transit (66/77 kWh),Ferroamp EnergyHub,in_catalog,yes,protocol_verified,,Ford E-Transit pack (66 kWh / 77 kWh),2022+,,15.0.14,HW3.1,Ford technical documentation,
Ford E-Transit (66/77 kWh),FoxESS H1/AC1,in_catalog,yes,protocol_verified,,Ford E-Transit pack (66 kWh / 77 kWh),2022+,,15.0.14,HW3.1,Ford technical documentation,
Ford E-Transit (66/77 kWh),FoxESS H3 Pro,in_catalog,yes,protocol_verified,,Ford E-Transit pack (66 kWh / 77 kWh),2022+,,15.0.14,HW3.1,Ford technical documentation,
Ford E-Transit (66/77 kWh),FoxESS H3 Smart,in_catalog,yes,protocol_verified,,Ford E-Transit pack (66 kWh / 77 kWh),2022+,,15.0.14,HW3.1,Ford technical documentation,
Ford E-Transit (66/77 kWh),FoxESS H3/AC3,in_catalog,yes,protocol_verified,,Ford E-Transit pack (66 kWh / 77 kWh),2022+,,15.0.14,HW3.1,Ford technical documentation,
Ford E-Transit (66/77 kWh),Fronius Primo Gen24 Plus,in_catalog,yes,protocol_verified,,Ford E-Transit pack (66 kWh / 77 kWh),2022+,,15.0.14,HW3.1,Ford technical documentation,
Ford E-Transit (66/77 kWh),Fronius Symo Gen24 Plus,in_catalog,yes,protocol_verified,,Ford E-Transit pack (66 kWh / 77 kWh),2022+,,15.0.14,HW3.1,Ford technical documentation,
Ford E-Transit (66/77 kWh),Fronius Symo Hybrid 3.0/4.0/5.0-3-S,in_catalog,yes,protocol_verified,,Ford E-Transit pack (66 kWh / 77 kWh),2022+,,15.0.14,HW3.1,Ford technical documentation,
Ford E-Transit (66/77 kWh),Fronius Verto Plus 15-33kW,in_catalog,yes,protocol_verified,,Ford E-Transit pack (66 kWh / 77 kWh),2022+,,15.0.14,HW3.1,Ford technical documentation,
Ford E-Transit (66/77 kWh),GoodWe A-ES hybrid inverter (America Split Phase),in_catalog,yes,protocol_verified,,Ford E-Transit pack (66 kWh / 77 kWh),2022+,,15.0.14,HW3.1,Ford technical documentation,
Ford E-Transit (66/77 kWh),GoodWe BH AC battery inverter,in_catalog,yes,protocol_verified,,Ford E-Transit pack (66 kWh / 77 kWh),2022+,,15.0.14,HW3.1,Ford technical documentation,
Ford E-Transit (66/77 kWh),GoodWe BT AC battery inverter,in_catalog,yes,protocol_verified,,Ford E-Transit pack (66 kWh / 77 kWh),2022+,,15.0.14,HW3.1,Ford technical documentation,
Ford E-Transit (66/77 kWh),GoodWe EH hybrid solar,in_catalog,yes,protocol_verified,,Ford E-Transit pack (66 kWh / 77 kWh),2022+,,15.0.14,HW3.1,Ford technical documentation,
Ford E-Transit (66/77 kWh),GoodWe EHB high voltage battery,in_catalog,yes,protocol_verified,,Ford E-Transit pack (66 kWh / 77 kWh),2022+,,15.0.14,HW3.1,Ford technical documentation,
Ford E-Transit (66/77 kWh),GoodWe EHB hybrid inverter (South Africa only),in_catalog,yes,protocol_verified,,Ford E-Transit pack (66 kWh / 77 kWh),2022+,,15.0.14,HW3.1,Ford technical documentation,
Ford E-Transit (66/77 kWh),GoodWe ES hybrid solar,in_catalog,yes,protocol_verified,,Ford E-Transit pack (66 kWh / 77 kWh),2022+,,15.0.14,HW3.1,Ford technical documentation,
Ford E-Transit (66/77 kWh),GoodWe ET hybrid solar,in_catalog,yes,protocol_verified,,Ford E-Transit pack (66 kWh / 77 kWh),2022+,,15.0.14,HW3.1,Ford technical documentation,
Ford E-Transit (66/77 kWh),GoodWe SBP battery inverter,in_catalog,yes,protocol_verified,,Ford E-Transit pack (66 kWh / 77 kWh),2022+,,15.0.14,HW3.1,Ford technical documentation,
Ford E-Transit (66/77 kWh),Growatt HV Growatt SPH,in_catalog,yes,protocol_verified,,Ford E-Transit pack (66 kWh / 77 kWh),2022+,,15.0.14,HW3.1,Ford technical documentation,
Ford E-Transit (66/77 kWh),Growatt HV Growatt SPH (TL3-BH-UP) (5-10kW 3P),in_catalog,yes,protocol_verified,,Ford E-Transit pack (66 kWh / 77 kWh),2022+,,15.0.14,HW3.1,Ford technical documentation,
Ford E-Transit (66/77 kWh),Growatt LV Growatt SPH (4.6-10) (TL3-BH) (5-10kW 3P),in_catalog,yes,protocol_verified,,Ford E-Transit pack (66 kWh / 77 kWh),2022+,,15.0.14,HW3.1,Ford technical documentation,
Ford E-Transit (66/77 kWh),Growatt WIT 50-100K-HU,in_catalog,yes,protocol_verified,,Ford E-Transit pack (66 kWh / 77 kWh),2022+,,15.0.14,HW3.1,Ford technical documentation,
Ford E-Transit (66/77 kWh),Growatt WIT 50-100K-HU (TL3-BH-UP) (5-10kW 3P),in_catalog,yes,protocol_verified,,Ford E-Transit pack (66 kWh / 77 kWh),2022+,,15.0.14,HW3.1,Ford technical documentation,
Ford E-Transit (66/77 kWh),Hoymiles HYT/HAT-HV,in_catalog,yes,protocol_verified,,Ford E-Transit pack (66 kWh / 77 kWh),2022+,,15.0.14,HW3.1,Ford technical documentation,
Ford E-Transit (66/77 kWh),Huawei SUN2000-(2-6)KTL-L1 (400V),in_catalog,yes,protocol_verified,,Ford E-Transit pack (66 kWh / 77 kWh),2022+,,15.0.14,HW3.1,Ford technical documentation,
Ford E-Transit (66/77 kWh),Huawei SUN2000-(3-20)K-MB0 (400V),in_catalog,yes,protocol_verified,,Ford E-Transit pack (66 kWh / 77 kWh),2022+,,15.0.14,HW3.1,Ford technical documentation,
Ford E-Transit (66/77 kWh),Kostal Plenticore Plus (3.0-10),in_catalog,yes,protocol_verified,,Ford E-Transit pack (66 kWh / 77 kWh),2022+,,15.0.14,HW3.1,Ford technical documentation,
Ford E-Transit (66/77 kWh),Maple Leaf Northern Fox H1-H3-AC1-KH,in_catalog,yes,protocol_verified,,Ford E-Transit pack (66 kWh / 77 kWh),2022+,,15.0.14,HW3.1,Ford technical documentation,
Ford E-Transit (66/77 kWh),SAJ H2 Hybrid (3-12)K-S2,in_catalog,yes,protocol_verified,,Ford E-Transit pack (66 kWh / 77 kWh),2022+,,15.0.14,HW3.1,Ford technical documentation,
Ford E-Transit (66/77 kWh),SMA Sunny Boy Smart Energy 3.6 / 4.0 / 5.0 / 6.0-50 Hybrid Inverter,in_catalog,yes,protocol_verified,,Ford E-Transit pack (66 kWh / 77 kWh),2022+,,15.0.14,HW3.1,Ford technical documentation,
Ford E-Transit (66/77 kWh),SMA Sunny Boy Smart Energy 3.6-6.0,in_catalog,yes,protocol_verified,,Ford E-Transit pack (66 kWh / 77 kWh),2022+,,15.0.14,HW3.1,Ford technical documentation,
Ford E-Transit (66/77 kWh),SMA Sunny Boy Storage 2.5,in_catalog,yes,protocol_verified,,Ford E-Transit pack (66 kWh / 77 kWh),2022+,,15.0.14,HW3.1,Ford technical documentation,
Ford E-Transit (66/77 kWh),SMA Sunny Boy Storage 2.5 / 3.7 / 5.0 / 6.0,in_catalog,yes,protocol_verified,,Ford E-Transit pack (66 kWh / 77 kWh),2022+,,15.0.14,HW3.1,Ford technical documentation,
Ford E-Transit (66/77 kWh),SMA Sunny Tripower Smart 5.0-10.0 SE,in_catalog,yes,protocol_verified,,Ford E-Transit pack (66 kWh / 77 kWh),2022+,,15.0.14,HW3.1,Ford technical documentation,
Ford E-Transit (66/77 kWh),SMA Sunny Tripower X,in_catalog,yes,protocol_verified,,Ford E-Transit pack (66 kWh / 77 kWh),2022+,,15.0.14,HW3.1,Ford technical documentation,
Ford E-Transit (66/77 kWh),Sofar 5K...20KTL-3PH,in_catalog,yes,protocol_verified,,Ford E-Transit pack (66 kWh / 77 kWh),2022+,,15.0.14,HW3.1,Ford technical documentation,
Ford E-Transit (66/77 kWh),Sofar HYD (3-20)KTL-3PH,in_catalog,yes,protocol_verified,,Ford E-Transit pack (66 kWh / 77 kWh),2022+,,15.0.14,HW3.1,Ford technical documentation,
Ford E-Transit (66/77 kWh),SolaX X1 Hybrid,in_catalog,yes,protocol_verified,,Ford E-Transit pack (66 kWh / 77 kWh),2022+,,15.0.14,HW3.1,Ford technical documentation,
Ford E-Transit (66/77 kWh),SolaX X1 Hybrid G4,in_catalog,yes,protocol_verified,,Ford E-Transit pack (66 kWh / 77 kWh),2022+,,15.0.14,HW3.1,Ford technical documentation,
Ford E-Transit (66/77 kWh),SolaX X3 Hybrid,in_catalog,yes,protocol_verified,,Ford E-Transit pack (66 kWh / 77 kWh),2022+,,15.0.14,HW3.1,Ford technical documentation,
Ford E-Transit (66/77 kWh),SolaX X3 Hybrid G4,in_catalog,yes,protocol_verified,,Ford E-Transit pack (66 kWh / 77 kWh),2022+,,15.0.14,HW3.1,Ford technical documentation,
Ford E-Transit (66/77 kWh),SolaX X3-Ultra Hybrid,in_catalog,yes,protocol_verified,,Ford E-Transit pack (66 kWh / 77 kWh),2022+,,15.0.14,HW3.1,Ford technical documentation,
Ford E-Transit (66/77 kWh),Solis RHI-3P(5-10)K-HVES-5G / S6-EH1P10K-H-US-APST,in_catalog,yes,protocol_verified,,Ford E-Transit pack (66 kWh / 77 kWh),2022+,,15.0.14,HW3.1,Ford technical documentation,
Ford E-Transit (66/77 kWh),Solis RHI-3P(5-10)K-HVES-5G / S6-EH3P-(5-10.0K)-H-EU,in_catalog,yes,protocol_verified,,Ford E-Transit pack (66 kWh / 77 kWh),2022+,,15.0.14,HW3.1,Ford technical documentation,
Ford E-Transit (66/77 kWh),Solis S5-EH1P (3-6) K-L (5-6 kW 1P US),in_catalog,yes,protocol_verified,,Ford E-Transit pack (66 kWh / 77 kWh),2022+,,15.0.14,HW3.1,Ford technical documentation,
Ford E-Transit (66/77 kWh),Solis S6-EH3P(8-15)K-H 8-15 kW 3P (5-6 kW 1P US),in_catalog,yes,protocol_verified,,Ford E-Transit pack (66 kWh / 77 kWh),2022+,,15.0.14,HW3.1,Ford technical documentation,
Ford E-Transit (66/77 kWh),Solxpow Solxpow X3 12-20kW,in_catalog,yes,protocol_verified,,Ford E-Transit pack (66 kWh / 77 kWh),2022+,,15.0.14,HW3.1,Ford technical documentation,
Ford E-Transit (66/77 kWh),Sungrow SH15T/SH20T/SH25T,in_catalog,yes,protocol_verified,,Ford E-Transit pack (66 kWh / 77 kWh),2022+,,15.0.14,HW3.1,Ford technical documentation,
Ford E-Transit (66/77 kWh),Sungrow SH3.0/3.6/4.0/5.0/6.0RS,in_catalog,yes,protocol_verified,,Ford E-Transit pack (66 kWh / 77 kWh),2022+,,15.0.14,HW3.1,Ford technical documentation,
Ford E-Transit (66/77 kWh),Sungrow SH5.0/6.0/8.0/10RT,in_catalog,yes,protocol_verified,,Ford E-Transit pack (66 kWh / 77 kWh),2022+,,15.0.14,HW3.1,Ford technical documentation,
Ford Mustang Mach-E (68/88/98 kWh),Afore AF17K-THA 230V,in_catalog,yes,protocol_verified,,Ford Mach-E pack (68 kWh SR / 88 kWh ER / 98 kWh long range),2021+,,15.0.14,HW3.1,Ford technical documentation + dalathegreat Battery-Emulator Ford wiki,
Ford Mustang Mach-E (68/88/98 kWh),Deye SUN-(29.9-50)K-SG01HP3-EU-BM3,in_catalog,yes,protocol_verified,,Ford Mach-E pack (68 kWh SR / 88 kWh ER / 98 kWh long range),2021+,,15.0.14,HW3.1,Ford technical documentation + dalathegreat Battery-Emulator Ford wiki,
Ford Mustang Mach-E (68/88/98 kWh),Deye SUN-(5-20)K-SG01HP3-EU-AM2,in_catalog,yes,protocol_verified,,Ford Mach-E pack (68 kWh SR / 88 kWh ER / 98 kWh long range),2021+,,15.0.14,HW3.1,Ford technical documentation + dalathegreat Battery-Emulator Ford wiki,
Ford Mustang Mach-E (68/88/98 kWh),Felicity T-REX-50KHP3G01,in_catalog,yes,protocol_verified,,Ford Mach-E pack (68 kWh SR / 88 kWh ER / 98 kWh long range),2021+,,15.0.14,HW3.1,Ford technical documentation + dalathegreat Battery-Emulator Ford wiki,
Ford Mustang Mach-E (68/88/98 kWh),Ferroamp EnergyHub,in_catalog,yes,protocol_verified,,Ford Mach-E pack (68 kWh SR / 88 kWh ER / 98 kWh long range),2021+,,15.0.14,HW3.1,Ford technical documentation + dalathegreat Battery-Emulator Ford wiki,
Ford Mustang Mach-E (68/88/98 kWh),FoxESS H1/AC1,in_catalog,yes,protocol_verified,,Ford Mach-E pack (68 kWh SR / 88 kWh ER / 98 kWh long range),2021+,,15.0.14,HW3.1,Ford technical documentation + dalathegreat Battery-Emulator Ford wiki,
Ford Mustang Mach-E (68/88/98 kWh),FoxESS H3 Pro,in_catalog,yes,protocol_verified,,Ford Mach-E pack (68 kWh SR / 88 kWh ER / 98 kWh long range),2021+,,15.0.14,HW3.1,Ford technical documentation + dalathegreat Battery-Emulator Ford wiki,
Ford Mustang Mach-E (68/88/98 kWh),FoxESS H3 Smart,in_catalog,yes,protocol_verified,,Ford Mach-E pack (68 kWh SR / 88 kWh ER / 98 kWh long range),2021+,,15.0.14,HW3.1,Ford technical documentation + dalathegreat Battery-Emulator Ford wiki,
Ford Mustang Mach-E (68/88/98 kWh),FoxESS H3/AC3,in_catalog,yes,protocol_verified,,Ford Mach-E pack (68 kWh SR / 88 kWh ER / 98 kWh long range),2021+,,15.0.14,HW3.1,Ford technical documentation + dalathegreat Battery-Emulator Ford wiki,
Ford Mustang Mach-E (68/88/98 kWh),Fronius Primo Gen24 Plus,in_catalog,yes,protocol_verified,,Ford Mach-E pack (68 kWh SR / 88 kWh ER / 98 kWh long range),2021+,,15.0.14,HW3.1,Ford technical documentation + dalathegreat Battery-Emulator Ford wiki,
Ford Mustang Mach-E (68/88/98 kWh),Fronius Symo Gen24 Plus,in_catalog,yes,protocol_verified,,Ford Mach-E pack (68 kWh SR / 88 kWh ER / 98 kWh long range),2021+,,15.0.14,HW3.1,Ford technical documentation + dalathegreat Battery-Emulator Ford wiki,
Ford Mustang Mach-E (68/88/98 kWh),Fronius Symo Hybrid 3.0/4.0/5.0-3-S,in_catalog,yes,protocol_verified,,Ford Mach-E pack (68 kWh SR / 88 kWh ER / 98 kWh long range),2021+,,15.0.14,HW3.1,Ford technical documentation + dalathegreat Battery-Emulator Ford wiki,
Ford Mustang Mach-E (68/88/98 kWh),Fronius Verto Plus 15-33kW,in_catalog,yes,protocol_verified,,Ford Mach-E pack (68 kWh SR / 88 kWh ER / 98 kWh long range),2021+,,15.0.14,HW3.1,Ford technical documentation + dalathegreat Battery-Emulator Ford wiki,
Ford Mustang Mach-E (68/88/98 kWh),GoodWe A-ES hybrid inverter (America Split Phase),in_catalog,yes,protocol_verified,,Ford Mach-E pack (68 kWh SR / 88 kWh ER / 98 kWh long range),2021+,,15.0.14,HW3.1,Ford technical documentation + dalathegreat Battery-Emulator Ford wiki,
Ford Mustang Mach-E (68/88/98 kWh),GoodWe BH AC battery inverter,in_catalog,yes,protocol_verified,,Ford Mach-E pack (68 kWh SR / 88 kWh ER / 98 kWh long range),2021+,,15.0.14,HW3.1,Ford technical documentation + dalathegreat Battery-Emulator Ford wiki,
Ford Mustang Mach-E (68/88/98 kWh),GoodWe BT AC battery inverter,in_catalog,yes,protocol_verified,,Ford Mach-E pack (68 kWh SR / 88 kWh ER / 98 kWh long range),2021+,,15.0.14,HW3.1,Ford technical documentation + dalathegreat Battery-Emulator Ford wiki,
Ford Mustang Mach-E (68/88/98 kWh),GoodWe EH hybrid solar,in_catalog,yes,protocol_verified,,Ford Mach-E pack (68 kWh SR / 88 kWh ER / 98 kWh long range),2021+,,15.0.14,HW3.1,Ford technical documentation + dalathegreat Battery-Emulator Ford wiki,
Ford Mustang Mach-E (68/88/98 kWh),GoodWe EHB high voltage battery,in_catalog,yes,protocol_verified,,Ford Mach-E pack (68 kWh SR / 88 kWh ER / 98 kWh long range),2021+,,15.0.14,HW3.1,Ford technical documentation + dalathegreat Battery-Emulator Ford wiki,
Ford Mustang Mach-E (68/88/98 kWh),GoodWe EHB hybrid inverter (South Africa only),in_catalog,yes,protocol_verified,,Ford Mach-E pack (68 kWh SR / 88 kWh ER / 98 kWh long range),2021+,,15.0.14,HW3.1,Ford technical documentation + dalathegreat Battery-Emulator Ford wiki,
Ford Mustang Mach-E (68/88/98 kWh),GoodWe ES hybrid solar,in_catalog,yes,protocol_verified,,Ford Mach-E pack (68 kWh SR / 88 kWh ER / 98 kWh long range),2021+,,15.0.14,HW3.1,Ford technical documentation + dalathegreat Battery-Emulator Ford wiki,
Ford Mustang Mach-E (68/88/98 kWh),GoodWe ET hybrid solar,in_catalog,yes,protocol_verified,,Ford Mach-E pack (68 kWh SR / 88 kWh ER / 98 kWh long range),2021+,,15.0.14,HW3.1,Ford technical documentation + dalathegreat Battery-Emulator Ford wiki,
Ford Mustang Mach-E (68/88/98 kWh),GoodWe SBP battery inverter,in_catalog,yes,protocol_verified,,Ford Mach-E pack (68 kWh SR / 88 kWh ER / 98 kWh long range),2021+,,15.0.14,HW3.1,Ford technical documentation + dalathegreat Battery-Emulator Ford wiki,
Ford Mustang Mach-E (68/88/98 kWh),Growatt HV Growatt SPH,in_catalog,yes,protocol_verified,,Ford Mach-E pack (68 kWh SR / 88 kWh ER / 98 kWh long range),2021+,,15.0.14,HW3.1,Ford technical documentation + dalathegreat Battery-Emulator Ford wiki,
Ford Mustang Mach-E (68/88/98 kWh),Growatt HV Growatt SPH (TL3-BH-UP) (5-10kW 3P),in_catalog,yes,protocol_verified,,Ford Mach-E pack (68 kWh SR / 88 kWh ER / 98 kWh long range),2021+,,15.0.14,HW3.1,Ford technical documentation + dalathegreat Battery-Emulator Ford wiki,
Ford Mustang Mach-E (68/88/98 kWh),Growatt LV Growatt SPH (4.6-10) (TL3-BH) (5-10kW 3P),in_catalog,yes,protocol_verified,,Ford Mach-E pack (68 kWh SR / 88 kWh ER / 98 kWh long range),2021+,,15.0.14,HW3.1,Ford technical documentation + dalathegreat Battery-Emulator Ford wiki,
Ford Mustang Mach-E (68/88/98 kWh),Growatt WIT 50-100K-HU,in_catalog,yes,protocol_verified,,Ford Mach-E pack (68 kWh SR / 88 kWh ER / 98 kWh long range),2021+,,15.0.14,HW3.1,Ford technical documentation + dalathegreat Battery-Emulator Ford wiki,
Ford Mustang Mach-E (68/88/98 kWh),Growatt WIT 50-100K-HU (TL3-BH-UP) (5-10kW 3P),in_catalog,yes,protocol_verified,,Ford Mach-E pack (68 kWh SR / 88 kWh ER / 98 kWh long range),2021+,,15.0.14,HW3.1,Ford technical documentation + dalathegreat Battery-Emulator Ford wiki,
Ford Mustang Mach-E (68/88/98 kWh),Hoymiles HYT/HAT-HV,in_catalog,yes,protocol_verified,,Ford Mach-E pack (68 kWh SR / 88 kWh ER / 98 kWh long range),2021+,,15.0.14,HW3.1,Ford technical documentation + dalathegreat Battery-Emulator Ford wiki,
Ford Mustang Mach-E (68/88/98 kWh),Huawei SUN2000-(2-6)KTL-L1 (400V),in_catalog,yes,protocol_verified,,Ford Mach-E pack (68 kWh SR / 88 kWh ER / 98 kWh long range),2021+,,15.0.14,HW3.1,Ford technical documentation + dalathegreat Battery-Emulator Ford wiki,
Ford Mustang Mach-E (68/88/98 kWh),Huawei SUN2000-(3-20)K-MB0 (400V),in_catalog,yes,protocol_verified,,Ford Mach-E pack (68 kWh SR / 88 kWh ER / 98 kWh long range),2021+,,15.0.14,HW3.1,Ford technical documentation + dalathegreat Battery-Emulator Ford wiki,
Ford Mustang Mach-E (68/88/98 kWh),Kostal Plenticore Plus (3.0-10),in_catalog,yes,protocol_verified,,Ford Mach-E pack (68 kWh SR / 88 kWh ER / 98 kWh long range),2021+,,15.0.14,HW3.1,Ford technical documentation + dalathegreat Battery-Emulator Ford wiki,
Ford Mustang Mach-E (68/88/98 kWh),Maple Leaf Northern Fox H1-H3-AC1-KH,in_catalog,yes,protocol_verified,,Ford Mach-E pack (68 kWh SR / 88 kWh ER / 98 kWh long range),2021+,,15.0.14,HW3.1,Ford technical documentation + dalathegreat Battery-Emulator Ford wiki,
Ford Mustang Mach-E (68/88/98 kWh),SAJ H2 Hybrid (3-12)K-S2,in_catalog,yes,protocol_verified,,Ford Mach-E pack (68 kWh SR / 88 kWh ER / 98 kWh long range),2021+,,15.0.14,HW3.1,Ford technical documentation + dalathegreat Battery-Emulator Ford wiki,
Ford Mustang Mach-E (68/88/98 kWh),SMA Sunny Boy Smart Energy 3.6 / 4.0 / 5.0 / 6.0-50 Hybrid Inverter,in_catalog,yes,protocol_verified,,Ford Mach-E pack (68 kWh SR / 88 kWh ER / 98 kWh long range),2021+,,15.0.14,HW3.1,Ford technical documentation + dalathegreat Battery-Emulator Ford wiki,
Ford Mustang Mach-E (68/88/98 kWh),SMA Sunny Boy Smart Energy 3.6-6.0,in_catalog,yes,protocol_verified,,Ford Mach-E pack (68 kWh SR / 88 kWh ER / 98 kWh long range),2021+,,15.0.14,HW3.1,Ford technical documentation + dalathegreat Battery-Emulator Ford wiki,
Ford Mustang Mach-E (68/88/98 kWh),SMA Sunny Boy Storage 2.5,in_catalog,yes,protocol_verified,,Ford Mach-E pack (68 kWh SR / 88 kWh ER / 98 kWh long range),2021+,,15.0.14,HW3.1,Ford technical documentation + dalathegreat Battery-Emulator Ford wiki,
Ford Mustang Mach-E (68/88/98 kWh),SMA Sunny Boy Storage 2.5 / 3.7 / 5.0 / 6.0,in_catalog,yes,protocol_verified,,Ford Mach-E pack (68 kWh SR / 88 kWh ER / 98 kWh long range),2021+,,15.0.14,HW3.1,Ford technical documentation + dalathegreat Battery-Emulator Ford wiki,
Ford Mustang Mach-E (68/88/98 kWh),SMA Sunny Tripower Smart 5.0-10.0 SE,in_catalog,yes,protocol_verified,,Ford Mach-E pack (68 kWh SR / 88 kWh ER / 98 kWh long range),2021+,,15.0.14,HW3.1,Ford technical documentation + dalathegreat Battery-Emulator Ford wiki,
Ford Mustang Mach-E (68/88/98 kWh),SMA Sunny Tripower X,in_catalog,yes,protocol_verified,,Ford Mach-E pack (68 kWh SR / 88 kWh ER / 98 kWh long range),2021+,,15.0.14,HW3.1,Ford technical documentation + dalathegreat Battery-Emulator Ford wiki,
Ford Mustang Mach-E (68/88/98 kWh),Sofar 5K...20KTL-3PH,in_catalog,yes,protocol_verified,,Ford Mach-E pack (68 kWh SR / 88 kWh ER / 98 kWh long range),2021+,,15.0.14,HW3.1,Ford technical documentation + dalathegreat Battery-Emulator Ford wiki,
Ford Mustang Mach-E (68/88/98 kWh),Sofar HYD (3-20)KTL-3PH,in_catalog,yes,protocol_verified,,Ford Mach-E pack (68 kWh SR / 88 kWh ER / 98 kWh long range),2021+,,15.0.14,HW3.1,Ford technical documentation + dalathegreat Battery-Emulator Ford wiki,
Ford Mustang Mach-E (68/88/98 kWh),SolaX X1 Hybrid,in_catalog,yes,protocol_verified,,Ford Mach-E pack (68 kWh SR / 88 kWh ER / 98 kWh long range),2021+,,15.0.14,HW3.1,Ford technical documentation + dalathegreat Battery-Emulator Ford wiki,
Ford Mustang Mach-E (68/88/98 kWh),SolaX X1 Hybrid G4,in_catalog,yes,protocol_verified,,Ford Mach-E pack (68 kWh SR / 88 kWh ER / 98 kWh long range),2021+,,15.0.14,HW3.1,Ford technical documentation + dalathegreat Battery-Emulator Ford wiki,
Ford Mustang Mach-E (68/88/98 kWh),SolaX X3 Hybrid,in_catalog,yes,protocol_verified,,Ford Mach-E pack (68 kWh SR / 88 kWh ER / 98 kWh long range),2021+,,15.0.14,HW3.1,Ford technical documentation + dalathegreat Battery-Emulator Ford wiki,
Ford Mustang Mach-E (68/88/98 kWh),SolaX X3 Hybrid G4,in_catalog,yes,protocol_verified,,Ford Mach-E pack (68 kWh SR / 88 kWh ER / 98 kWh long range),2021+,,15.0.14,HW3.1,Ford technical documentation + dalathegreat Battery-Emulator Ford wiki,
Ford Mustang Mach-E (68/88/98 kWh),SolaX X3-Ultra Hybrid,in_catalog,yes,protocol_verified,,Ford Mach-E pack (68 kWh SR / 88 kWh ER / 98 kWh long range),2021+,,15.0.14,HW3.1,Ford technical documentation + dalathegreat Battery-Emulator Ford wiki,
Ford Mustang Mach-E (68/88/98 kWh),Solis RHI-3P(5-10)K-HVES-5G / S6-EH1P10K-H-US-APST,in_catalog,yes,protocol_verified,,Ford Mach-E pack (68 kWh SR / 88 kWh ER / 98 kWh long range),2021+,,15.0.14,HW3.1,Ford technical documentation + dalathegreat Battery-Emulator Ford wiki,
Ford Mustang Mach-E (68/88/98 kWh),Solis RHI-3P(5-10)K-HVES-5G / S6-EH3P-(5-10.0K)-H-EU,in_catalog,yes,protocol_verified,,Ford Mach-E pack (68 kWh SR / 88 kWh ER / 98 kWh long range),2021+,,15.0.14,HW3.1,Ford technical documentation + dalathegreat Battery-Emulator Ford wiki,
Ford Mustang Mach-E (68/88/98 kWh),Solis S5-EH1P (3-6) K-L (5-6 kW 1P US),in_catalog,yes,protocol_verified,,Ford Mach-E pack (68 kWh SR / 88 kWh ER / 98 kWh long range),2021+,,15.0.14,HW3.1,Ford technical documentation + dalathegreat Battery-Emulator Ford wiki,
Ford Mustang Mach-E (68/88/98 kWh),Solis S6-EH3P(8-15)K-H 8-15 kW 3P (5-6 kW 1P US),in_catalog,yes,protocol_verified,,Ford Mach-E pack (68 kWh SR / 88 kWh ER / 98 kWh long range),2021+,,15.0.14,HW3.1,Ford technical documentation + dalathegreat Battery-Emulator Ford wiki,
Ford Mustang Mach-E (68/88/98 kWh),Solxpow Solxpow X3 12-20kW,in_catalog,yes,protocol_verified,,Ford Mach-E pack (68 kWh SR / 88 kWh ER / 98 kWh long range),2021+,,15.0.14,HW3.1,Ford technical documentation + dalathegreat Battery-Emulator Ford wiki,
Ford Mustang Mach-E (68/88/98 kWh),Sungrow SH15T/SH20T/SH25T,in_catalog,yes,protocol_verified,,Ford Mach-E pack (68 kWh SR / 88 kWh ER / 98 kWh long range),2021+,,15.0.14,HW3.1,Ford technical documentation + dalathegreat Battery-Emulator Ford wiki,
Ford Mustang Mach-E (68/88/98 kWh),Sungrow SH3.0/3.6/4.0/5.0/6.0RS,in_catalog,yes,protocol_verified,,Ford Mach-E pack (68 kWh SR / 88 kWh ER / 98 kWh long range),2021+,,15.0.14,HW3.1,Ford technical documentation + dalathegreat Battery-Emulator Ford wiki,
Ford Mustang Mach-E (68/88/98 kWh),Sungrow SH5.0/6.0/8.0/10RT,in_catalog,yes,protocol_verified,,Ford Mach-E pack (68 kWh SR / 88 kWh ER / 98 kWh long range),2021+,,15.0.14,HW3.1,Ford technical documentation + dalathegreat Battery-Emulator Ford wiki,
Hyundai E‑GMP platform (58.2/72.6/77.4 kWh),Afore AF17K-THA 230V,in_catalog,yes,protocol_verified,,Hyundai/Kia E-GMP pack (58.2 kWh RWD 96s / 72.6 kWh 192s2p / 77.4 kWh 192s2p),"2021+ E-GMP Gen1, 2024+ E-GMP Gen2 (84 kWh)",,15.0.14,HW3.1,batterydesign.net + Sterlingarcher2525/ioniq5-can CAN reverse engineering,
Hyundai E‑GMP platform (58.2/72.6/77.4 kWh),Deye SUN-(29.9-50)K-SG01HP3-EU-BM3,in_catalog,yes,protocol_verified,,Hyundai/Kia E-GMP pack (58.2 kWh RWD 96s / 72.6 kWh 192s2p / 77.4 kWh 192s2p),"2021+ E-GMP Gen1, 2024+ E-GMP Gen2 (84 kWh)",,15.0.14,HW3.1,batterydesign.net + Sterlingarcher2525/ioniq5-can CAN reverse engineering,
Hyundai E‑GMP platform (58.2/72.6/77.4 kWh),Deye SUN-(5-20)K-SG01HP3-EU-AM2,in_catalog,yes,protocol_verified,,Hyundai/Kia E-GMP pack (58.2 kWh RWD 96s / 72.6 kWh 192s2p / 77.4 kWh 192s2p),"2021+ E-GMP Gen1, 2024+ E-GMP Gen2 (84 kWh)",,15.0.14,HW3.1,batterydesign.net + Sterlingarcher2525/ioniq5-can CAN reverse engineering,
Hyundai E‑GMP platform (58.2/72.6/77.4 kWh),Felicity T-REX-50KHP3G01,in_catalog,yes,protocol_verified,,Hyundai/Kia E-GMP pack (58.2 kWh RWD 96s / 72.6 kWh 192s2p / 77.4 kWh 192s2p),"2021+ E-GMP Gen1, 2024+ E-GMP Gen2 (84 kWh)",,15.0.14,HW3.1,batterydesign.net + Sterlingarcher2525/ioniq5-can CAN reverse engineering,
Hyundai E‑GMP platform (58.2/72.6/77.4 kWh),Ferroamp EnergyHub,in_catalog,yes,protocol_verified,,Hyundai/Kia E-GMP pack (58.2 kWh RWD 96s / 72.6 kWh 192s2p / 77.4 kWh 192s2p),"2021+ E-GMP Gen1, 2024+ E-GMP Gen2 (84 kWh)",,15.0.14,HW3.1,batterydesign.net + Sterlingarcher2525/ioniq5-can CAN reverse engineering,
Hyundai E‑GMP platform (58.2/72.6/77.4 kWh),FoxESS H1/AC1,in_catalog,yes,protocol_verified,,Hyundai/Kia E-GMP pack (58.2 kWh RWD 96s / 72.6 kWh 192s2p / 77.4 kWh 192s2p),"2021+ E-GMP Gen1, 2024+ E-GMP Gen2 (84 kWh)",,15.0.14,HW3.1,batterydesign.net + Sterlingarcher2525/ioniq5-can CAN reverse engineering,
Hyundai E‑GMP platform (58.2/72.6/77.4 kWh),FoxESS H3 Pro,in_catalog,yes,protocol_verified,,Hyundai/Kia E-GMP pack (58.2 kWh RWD 96s / 72.6 kWh 192s2p / 77.4 kWh 192s2p),"2021+ E-GMP Gen1, 2024+ E-GMP Gen2 (84 kWh)",,15.0.14,HW3.1,batterydesign.net + Sterlingarcher2525/ioniq5-can CAN reverse engineering,
Hyundai E‑GMP platform (58.2/72.6/77.4 kWh),FoxESS H3 Smart,in_catalog,yes,protocol_verified,,Hyundai/Kia E-GMP pack (58.2 kWh RWD 96s / 72.6 kWh 192s2p / 77.4 kWh 192s2p),"2021+ E-GMP Gen1, 2024+ E-GMP Gen2 (84 kWh)",,15.0.14,HW3.1,batterydesign.net + Sterlingarcher2525/ioniq5-can CAN reverse engineering,
Hyundai E‑GMP platform (58.2/72.6/77.4 kWh),FoxESS H3/AC3,in_catalog,yes,protocol_verified,,Hyundai/Kia E-GMP pack (58.2 kWh RWD 96s / 72.6 kWh 192s2p / 77.4 kWh 192s2p),"2021+ E-GMP Gen1, 2024+ E-GMP Gen2 (84 kWh)",,15.0.14,HW3.1,batterydesign.net + Sterlingarcher2525/ioniq5-can CAN reverse engineering,
Hyundai E‑GMP platform (58.2/72.6/77.4 kWh),Fronius Primo Gen24 Plus,in_catalog,yes,protocol_verified,,Hyundai/Kia E-GMP pack (58.2 kWh RWD 96s / 72.6 kWh 192s2p / 77.4 kWh 192s2p),"2021+ E-GMP Gen1, 2024+ E-GMP Gen2 (84 kWh)",,15.0.14,HW3.1,batterydesign.net + Sterlingarcher2525/ioniq5-can CAN reverse engineering,
Hyundai E‑GMP platform (58.2/72.6/77.4 kWh),Fronius Symo Gen24 Plus,in_catalog,yes,protocol_verified,,Hyundai/Kia E-GMP pack (58.2 kWh RWD 96s / 72.6 kWh 192s2p / 77.4 kWh 192s2p),"2021+ E-GMP Gen1, 2024+ E-GMP Gen2 (84 kWh)",,15.0.14,HW3.1,batterydesign.net + Sterlingarcher2525/ioniq5-can CAN reverse engineering,
Hyundai E‑GMP platform (58.2/72.6/77.4 kWh),Fronius Symo Hybrid 3.0/4.0/5.0-3-S,in_catalog,yes,protocol_verified,,Hyundai/Kia E-GMP pack (58.2 kWh RWD 96s / 72.6 kWh 192s2p / 77.4 kWh 192s2p),"2021+ E-GMP Gen1, 2024+ E-GMP Gen2 (84 kWh)",,15.0.14,HW3.1,batterydesign.net + Sterlingarcher2525/ioniq5-can CAN reverse engineering,
Hyundai E‑GMP platform (58.2/72.6/77.4 kWh),Fronius Verto Plus 15-33kW,in_catalog,yes,protocol_verified,,Hyundai/Kia E-GMP pack (58.2 kWh RWD 96s / 72.6 kWh 192s2p / 77.4 kWh 192s2p),"2021+ E-GMP Gen1, 2024+ E-GMP Gen2 (84 kWh)",,15.0.14,HW3.1,batterydesign.net + Sterlingarcher2525/ioniq5-can CAN reverse engineering,
Hyundai E‑GMP platform (58.2/72.6/77.4 kWh),GoodWe A-ES hybrid inverter (America Split Phase),in_catalog,yes,protocol_verified,,Hyundai/Kia E-GMP pack (58.2 kWh RWD 96s / 72.6 kWh 192s2p / 77.4 kWh 192s2p),"2021+ E-GMP Gen1, 2024+ E-GMP Gen2 (84 kWh)",,15.0.14,HW3.1,batterydesign.net + Sterlingarcher2525/ioniq5-can CAN reverse engineering,
Hyundai E‑GMP platform (58.2/72.6/77.4 kWh),GoodWe BH AC battery inverter,in_catalog,yes,protocol_verified,,Hyundai/Kia E-GMP pack (58.2 kWh RWD 96s / 72.6 kWh 192s2p / 77.4 kWh 192s2p),"2021+ E-GMP Gen1, 2024+ E-GMP Gen2 (84 kWh)",,15.0.14,HW3.1,batterydesign.net + Sterlingarcher2525/ioniq5-can CAN reverse engineering,
Hyundai E‑GMP platform (58.2/72.6/77.4 kWh),GoodWe BT AC battery inverter,in_catalog,yes,protocol_verified,,Hyundai/Kia E-GMP pack (58.2 kWh RWD 96s / 72.6 kWh 192s2p / 77.4 kWh 192s2p),"2021+ E-GMP Gen1, 2024+ E-GMP Gen2 (84 kWh)",,15.0.14,HW3.1,batterydesign.net + Sterlingarcher2525/ioniq5-can CAN reverse engineering,
Hyundai E‑GMP platform (58.2/72.6/77.4 kWh),GoodWe EH hybrid solar,in_catalog,yes,protocol_verified,,Hyundai/Kia E-GMP pack (58.2 kWh RWD 96s / 72.6 kWh 192s2p / 77.4 kWh 192s2p),"2021+ E-GMP Gen1, 2024+ E-GMP Gen2 (84 kWh)",,15.0.14,HW3.1,batterydesign.net + Sterlingarcher2525/ioniq5-can CAN reverse engineering,
Hyundai E‑GMP platform (58.2/72.6/77.4 kWh),GoodWe EHB high voltage battery,in_catalog,yes,protocol_verified,,Hyundai/Kia E-GMP pack (58.2 kWh RWD 96s / 72.6 kWh 192s2p / 77.4 kWh 192s2p),"2021+ E-GMP Gen1, 2024+ E-GMP Gen2 (84 kWh)",,15.0.14,HW3.1,batterydesign.net + Sterlingarcher2525/ioniq5-can CAN reverse engineering,
Hyundai E‑GMP platform (58.2/72.6/77.4 kWh),GoodWe EHB hybrid inverter (South Africa only),in_catalog,yes,protocol_verified,,Hyundai/Kia E-GMP pack (58.2 kWh RWD 96s / 72.6 kWh 192s2p / 77.4 kWh 192s2p),"2021+ E-GMP Gen1, 2024+ E-GMP Gen2 (84 kWh)",,15.0.14,HW3.1,batterydesign.net + Sterlingarcher2525/ioniq5-can CAN reverse engineering,
Hyundai E‑GMP platform (58.2/72.6/77.4 kWh),GoodWe ES hybrid solar,in_catalog,yes,protocol_verified,,Hyundai/Kia E-GMP pack (58.2 kWh RWD 96s / 72.6 kWh 192s2p / 77.4 kWh 192s2p),"2021+ E-GMP Gen1, 2024+ E-GMP Gen2 (84 kWh)",,15.0.14,HW3.1,batterydesign.net + Sterlingarcher2525/ioniq5-can CAN reverse engineering,
Hyundai E‑GMP platform (58.2/72.6/77.4 kWh),GoodWe ET hybrid solar,in_catalog,yes,protocol_verified,,Hyundai/Kia E-GMP pack (58.2 kWh RWD 96s / 72.6 kWh 192s2p / 77.4 kWh 192s2p),"2021+ E-GMP Gen1, 2024+ E-GMP Gen2 (84 kWh)",,15.0.14,HW3.1,batterydesign.net + Sterlingarcher2525/ioniq5-can CAN reverse engineering,
Hyundai E‑GMP platform (58.2/72.6/77.4 kWh),GoodWe SBP battery inverter,in_catalog,yes,protocol_verified,,Hyundai/Kia E-GMP pack (58.2 kWh RWD 96s / 72.6 kWh 192s2p / 77.4 kWh 192s2p),"2021+ E-GMP Gen1, 2024+ E-GMP Gen2 (84 kWh)",,15.0.14,HW3.1,batterydesign.net + Sterlingarcher2525/ioniq5-can CAN reverse engineering,
Hyundai E‑GMP platform (58.2/72.6/77.4 kWh),Growatt HV Growatt SPH,in_catalog,yes,protocol_verified,,Hyundai/Kia E-GMP pack (58.2 kWh RWD 96s / 72.6 kWh 192s2p / 77.4 kWh 192s2p),"2021+ E-GMP Gen1, 2024+ E-GMP Gen2 (84 kWh)",,15.0.14,HW3.1,batterydesign.net + Sterlingarcher2525/ioniq5-can CAN reverse engineering,
Hyundai E‑GMP platform (58.2/72.6/77.4 kWh),Growatt HV Growatt SPH (TL3-BH-UP) (5-10kW 3P),in_catalog,yes,protocol_verified,,Hyundai/Kia E-GMP pack (58.2 kWh RWD 96s / 72.6 kWh 192s2p / 77.4 kWh 192s2p),"2021+ E-GMP Gen1, 2024+ E-GMP Gen2 (84 kWh)",,15.0.14,HW3.1,batterydesign.net + Sterlingarcher2525/ioniq5-can CAN reverse engineering,
Hyundai E‑GMP platform (58.2/72.6/77.4 kWh),Growatt LV Growatt SPH (4.6-10) (TL3-BH) (5-10kW 3P),in_catalog,yes,protocol_verified,,Hyundai/Kia E-GMP pack (58.2 kWh RWD 96s / 72.6 kWh 192s2p / 77.4 kWh 192s2p),"2021+ E-GMP Gen1, 2024+ E-GMP Gen2 (84 kWh)",,15.0.14,HW3.1,batterydesign.net + Sterlingarcher2525/ioniq5-can CAN reverse engineering,
Hyundai E‑GMP platform (58.2/72.6/77.4 kWh),Growatt WIT 50-100K-HU,in_catalog,yes,protocol_verified,,Hyundai/Kia E-GMP pack (58.2 kWh RWD 96s / 72.6 kWh 192s2p / 77.4 kWh 192s2p),"2021+ E-GMP Gen1, 2024+ E-GMP Gen2 (84 kWh)",,15.0.14,HW3.1,batterydesign.net + Sterlingarcher2525/ioniq5-can CAN reverse engineering,
Hyundai E‑GMP platform (58.2/72.6/77.4 kWh),Growatt WIT 50-100K-HU (TL3-BH-UP) (5-10kW 3P),in_catalog,yes,protocol_verified,,Hyundai/Kia E-GMP pack (58.2 kWh RWD 96s / 72.6 kWh 192s2p / 77.4 kWh 192s2p),"2021+ E-GMP Gen1, 2024+ E-GMP Gen2 (84 kWh)",,15.0.14,HW3.1,batterydesign.net + Sterlingarcher2525/ioniq5-can CAN reverse engineering,
Hyundai E‑GMP platform (58.2/72.6/77.4 kWh),Hoymiles HYT/HAT-HV,in_catalog,yes,protocol_verified,,Hyundai/Kia E-GMP pack (58.2 kWh RWD 96s / 72.6 kWh 192s2p / 77.4 kWh 192s2p),"2021+ E-GMP Gen1, 2024+ E-GMP Gen2 (84 kWh)",,15.0.14,HW3.1,batterydesign.net + Sterlingarcher2525/ioniq5-can CAN reverse engineering,
Hyundai E‑GMP platform (58.2/72.6/77.4 kWh),Kostal Plenticore Plus (3.0-10),in_catalog,yes,protocol_verified,,Hyundai/Kia E-GMP pack (58.2 kWh RWD 96s / 72.6 kWh 192s2p / 77.4 kWh 192s2p),"2021+ E-GMP Gen1, 2024+ E-GMP Gen2 (84 kWh)",,15.0.14,HW3.1,batterydesign.net + Sterlingarcher2525/ioniq5-can CAN reverse engineering,
Hyundai E‑GMP platform (58.2/72.6/77.4 kWh),Maple Leaf Northern Fox H1-H3-AC1-KH,in_catalog,yes,protocol_verified,,Hyundai/Kia E-GMP pack (58.2 kWh RWD 96s / 72.6 kWh 192s2p / 77.4 kWh 192s2p),"2021+ E-GMP Gen1, 2024+ E-GMP Gen2 (84 kWh)",,15.0.14,HW3.1,batterydesign.net + Sterlingarcher2525/ioniq5-can CAN reverse engineering,
Hyundai E‑GMP platform (58.2/72.6/77.4 kWh),SAJ H2 Hybrid (3-12)K-S2,in_catalog,yes,protocol_verified,,Hyundai/Kia E-GMP pack (58.2 kWh RWD 96s / 72.6 kWh 192s2p / 77.4 kWh 192s2p),"2021+ E-GMP Gen1, 2024+ E-GMP Gen2 (84 kWh)",,15.0.14,HW3.1,batterydesign.net + Sterlingarcher2525/ioniq5-can CAN reverse engineering,
Hyundai E‑GMP platform (58.2/72.6/77.4 kWh),SMA Sunny Boy Smart Energy 3.6 / 4.0 / 5.0 / 6.0-50 Hybrid Inverter,in_catalog,yes,protocol_verified,,Hyundai/Kia E-GMP pack (58.2 kWh RWD 96s / 72.6 kWh 192s2p / 77.4 kWh 192s2p),"2021+ E-GMP Gen1, 2024+ E-GMP Gen2 (84 kWh)",,15.0.14,HW3.1,batterydesign.net + Sterlingarcher2525/ioniq5-can CAN reverse engineering,
Hyundai E‑GMP platform (58.2/72.6/77.4 kWh),SMA Sunny Boy Smart Energy 3.6-6.0,in_catalog,yes,protocol_verified,,Hyundai/Kia E-GMP pack (58.2 kWh RWD 96s / 72.6 kWh 192s2p / 77.4 kWh 192s2p),"2021+ E-GMP Gen1, 2024+ E-GMP Gen2 (84 kWh)",,15.0.14,HW3.1,batterydesign.net + Sterlingarcher2525/ioniq5-can CAN reverse engineering,
Hyundai E‑GMP platform (58.2/72.6/77.4 kWh),SMA Sunny Boy Storage 2.5,in_catalog,yes,protocol_verified,,Hyundai/Kia E-GMP pack (58.2 kWh RWD 96s / 72.6 kWh 192s2p / 77.4 kWh 192s2p),"2021+ E-GMP Gen1, 2024+ E-GMP Gen2 (84 kWh)",,15.0.14,HW3.1,batterydesign.net + Sterlingarcher2525/ioniq5-can CAN reverse engineering,
Hyundai E‑GMP platform (58.2/72.6/77.4 kWh),SMA Sunny Boy Storage 2.5 / 3.7 / 5.0 / 6.0,in_catalog,yes,protocol_verified,,Hyundai/Kia E-GMP pack (58.2 kWh RWD 96s / 72.6 kWh 192s2p / 77.4 kWh 192s2p),"2021+ E-GMP Gen1, 2024+ E-GMP Gen2 (84 kWh)",,15.0.14,HW3.1,batterydesign.net + Sterlingarcher2525/ioniq5-can CAN reverse engineering,
Hyundai E‑GMP platform (58.2/72.6/77.4 kWh),SMA Sunny Tripower Smart 5.0-10.0 SE,in_catalog,yes,protocol_verified,,Hyundai/Kia E-GMP pack (58.2 kWh RWD 96s / 72.6 kWh 192s2p / 77.4 kWh 192s2p),"2021+ E-GMP Gen1, 2024+ E-GMP Gen2 (84 kWh)",,15.0.14,HW3.1,batterydesign.net + Sterlingarcher2525/ioniq5-can CAN reverse engineering,
Hyundai E‑GMP platform (58.2/72.6/77.4 kWh),SMA Sunny Tripower X,in_catalog,yes,protocol_verified,,Hyundai/Kia E-GMP pack (58.2 kWh RWD 96s / 72.6 kWh 192s2p / 77.4 kWh 192s2p),"2021+ E-GMP Gen1, 2024+ E-GMP Gen2 (84 kWh)",,15.0.14,HW3.1,batterydesign.net + Sterlingarcher2525/ioniq5-can CAN reverse engineering,
Hyundai E‑GMP platform (58.2/72.6/77.4 kWh),Sofar 5K...20KTL-3PH,in_catalog,yes,protocol_verified,,Hyundai/Kia E-GMP pack (58.2 kWh RWD 96s / 72.6 kWh 192s2p / 77.4 kWh 192s2p),"2021+ E-GMP Gen1, 2024+ E-GMP Gen2 (84 kWh)",,15.0.14,HW3.1,batterydesign.net + Sterlingarcher2525/ioniq5-can CAN reverse engineering,
Hyundai E‑GMP platform (58.2/72.6/77.4 kWh),Sofar HYD (3-20)KTL-3PH,in_catalog,yes,protocol_verified,,Hyundai/Kia E-GMP pack (58.2 kWh RWD 96s / 72.6 kWh 192s2p / 77.4 kWh 192s2p),"2021+ E-GMP Gen1, 2024+ E-GMP Gen2 (84 kWh)",,15.0.14,HW3.1,batterydesign.net + Sterlingarcher2525/ioniq5-can CAN reverse engineering,
Hyundai E‑GMP platform (58.2/72.6/77.4 kWh),SolaX X1 Hybrid,in_catalog,yes,protocol_verified,,Hyundai/Kia E-GMP pack (58.2 kWh RWD 96s / 72.6 kWh 192s2p / 77.4 kWh 192s2p),"2021+ E-GMP Gen1, 2024+ E-GMP Gen2 (84 kWh)",,15.0.14,HW3.1,batterydesign.net + Sterlingarcher2525/ioniq5-can CAN reverse engineering,
Hyundai E‑GMP platform (58.2/72.6/77.4 kWh),SolaX X1 Hybrid G4,in_catalog,yes,protocol_verified,,Hyundai/Kia E-GMP pack (58.2 kWh RWD 96s / 72.6 kWh 192s2p / 77.4 kWh 192s2p),"2021+ E-GMP Gen1, 2024+ E-GMP Gen2 (84 kWh)",,15.0.14,HW3.1,batterydesign.net + Sterlingarcher2525/ioniq5-can CAN reverse engineering,
Hyundai E‑GMP platform (58.2/72.6/77.4 kWh),SolaX X3 Hybrid,in_catalog,yes,protocol_verified,,Hyundai/Kia E-GMP pack (58.2 kWh RWD 96s / 72.6 kWh 192s2p / 77.4 kWh 192s2p),"2021+ E-GMP Gen1, 2024+ E-GMP Gen2 (84 kWh)",,15.0.14,HW3.1,batterydesign.net + Sterlingarcher2525/ioniq5-can CAN reverse engineering,
Hyundai E‑GMP platform (58.2/72.6/77.4 kWh),SolaX X3 Hybrid G4,in_catalog,yes,protocol_verified,,Hyundai/Kia E-GMP pack (58.2 kWh RWD 96s / 72.6 kWh 192s2p / 77.4 kWh 192s2p),"2021+ E-GMP Gen1, 2024+ E-GMP Gen2 (84 kWh)",,15.0.14,HW3.1,batterydesign.net + Sterlingarcher2525/ioniq5-can CAN reverse engineering,
Hyundai E‑GMP platform (58.2/72.6/77.4 kWh),SolaX X3-Ultra Hybrid,in_catalog,yes,protocol_verified,,Hyundai/Kia E-GMP pack (58.2 kWh RWD 96s / 72.6 kWh 192s2p / 77.4 kWh 192s2p),"2021+ E-GMP Gen1, 2024+ E-GMP Gen2 (84 kWh)",,15.0.14,HW3.1,batterydesign.net + Sterlingarcher2525/ioniq5-can CAN reverse engineering,
Hyundai E‑GMP platform (58.2/72.6/77.4 kWh),Solis RHI-3P(5-10)K-HVES-5G / S6-EH1P10K-H-US-APST,in_catalog,yes,protocol_verified,,Hyundai/Kia E-GMP pack (58.2 kWh RWD 96s / 72.6 kWh 192s2p / 77.4 kWh 192s2p),"2021+ E-GMP Gen1, 2024+ E-GMP Gen2 (84 kWh)",,15.0.14,HW3.1,batterydesign.net + Sterlingarcher2525/ioniq5-can CAN reverse engineering,
Hyundai E‑GMP platform (58.2/72.6/77.4 kWh),Solis RHI-3P(5-10)K-HVES-5G / S6-EH3P-(5-10.0K)-H-EU,in_catalog,yes,protocol_verified,,Hyundai/Kia E-GMP pack (58.2 kWh RWD 96s / 72.6 kWh 192s2p / 77.4 kWh 192s2p),"2021+ E-GMP Gen1, 2024+ E-GMP Gen2 (84 kWh)",,15.0.14,HW3.1,batterydesign.net + Sterlingarcher2525/ioniq5-can CAN reverse engineering,
Hyundai E‑GMP platform (58.2/72.6/77.4 kWh),Solis S5-EH1P (3-6) K-L (5-6 kW 1P US),in_catalog,yes,protocol_verified,,Hyundai/Kia E-GMP pack (58.2 kWh RWD 96s / 72.6 kWh 192s2p / 77.4 kWh 192s2p),"2021+ E-GMP Gen1, 2024+ E-GMP Gen2 (84 kWh)",,15.0.14,HW3.1,batterydesign.net + Sterlingarcher2525/ioniq5-can CAN reverse engineering,
Hyundai E‑GMP platform (58.2/72.6/77.4 kWh),Solis S6-EH3P(8-15)K-H 8-15 kW 3P (5-6 kW 1P US),in_catalog,yes,protocol_verified,,Hyundai/Kia E-GMP pack (58.2 kWh RWD 96s / 72.6 kWh 192s2p / 77.4 kWh 192s2p),"2021+ E-GMP Gen1, 2024+ E-GMP Gen2 (84 kWh)",,15.0.14,HW3.1,batterydesign.net + Sterlingarcher2525/ioniq5-can CAN reverse engineering,
Hyundai E‑GMP platform (58.2/72.6/77.4 kWh),Solxpow Solxpow X3 12-20kW,in_catalog,yes,protocol_verified,,Hyundai/Kia E-GMP pack (58.2 kWh RWD 96s / 72.6 kWh 192s2p / 77.4 kWh 192s2p),"2021+ E-GMP Gen1, 2024+ E-GMP Gen2 (84 kWh)",,15.0.14,HW3.1,batterydesign.net + Sterlingarcher2525/ioniq5-can CAN reverse engineering,
Hyundai E‑GMP platform (58.2/72.6/77.4 kWh),Sungrow SH15T/SH20T/SH25T,in_catalog,yes,protocol_verified,,Hyundai/Kia E-GMP pack (58.2 kWh RWD 96s / 72.6 kWh 192s2p / 77.4 kWh 192s2p),"2021+ E-GMP Gen1, 2024+ E-GMP Gen2 (84 kWh)",,15.0.14,HW3.1,batterydesign.net + Sterlingarcher2525/ioniq5-can CAN reverse engineering,
Hyundai E‑GMP platform (58.2/72.6/77.4 kWh),Sungrow SH3.0/3.6/4.0/5.0/6.0RS,in_catalog,yes,protocol_verified,,Hyundai/Kia E-GMP pack (58.2 kWh RWD 96s / 72.6 kWh 192s2p / 77.4 kWh 192s2p),"2021+ E-GMP Gen1, 2024+ E-GMP Gen2 (84 kWh)",,15.0.14,HW3.1,batterydesign.net + Sterlingarcher2525/ioniq5-can CAN reverse engineering,
Hyundai E‑GMP platform (58.2/72.6/77.4 kWh),Sungrow SH5.0/6.0/8.0/10RT,in_catalog,yes,protocol_verified,,Hyundai/Kia E-GMP pack (58.2 kWh RWD 96s / 72.6 kWh 192s2p / 77.4 kWh 192s2p),"2021+ E-GMP Gen1, 2024+ E-GMP Gen2 (84 kWh)",,15.0.14,HW3.1,batterydesign.net + Sterlingarcher2525/ioniq5-can CAN reverse engineering,
Hyundai Kona 39/64kWh (39/64 kWh),Afore AF17K-THA 230V,in_catalog,yes,protocol_verified,,Hyundai Kona EV pack (39 kWh 90s / 64 kWh 180s LG Chem),2018+ (SK-supplied 64 kWh had recall due to fire risk),,15.0.14,HW3.1,batterydesign.net Hyundai Kona + Hyundai technical documentation,
Hyundai Kona 39/64kWh (39/64 kWh),Deye SUN-(29.9-50)K-SG01HP3-EU-BM3,in_catalog,yes,protocol_verified,,Hyundai Kona EV pack (39 kWh 90s / 64 kWh 180s LG Chem),2018+ (SK-supplied 64 kWh had recall due to fire risk),,15.0.14,HW3.1,batterydesign.net Hyundai Kona + Hyundai technical documentation,
Hyundai Kona 39/64kWh (39/64 kWh),Deye SUN-(5-20)K-SG01HP3-EU-AM2,in_catalog,yes,protocol_verified,,Hyundai Kona EV pack (39 kWh 90s / 64 kWh 180s LG Chem),2018+ (SK-supplied 64 kWh had recall due to fire risk),,15.0.14,HW3.1,batterydesign.net Hyundai Kona + Hyundai technical documentation,
Hyundai Kona 39/64kWh (39/64 kWh),Felicity T-REX-50KHP3G01,in_catalog,yes,protocol_verified,,Hyundai Kona EV pack (39 kWh 90s / 64 kWh 180s LG Chem),2018+ (SK-supplied 64 kWh had recall due to fire risk),,15.0.14,HW3.1,batterydesign.net Hyundai Kona + Hyundai technical documentation,
Hyundai Kona 39/64kWh (39/64 kWh),Ferroamp EnergyHub,in_catalog,yes,protocol_verified,,Hyundai Kona EV pack (39 kWh 90s / 64 kWh 180s LG Chem),2018+ (SK-supplied 64 kWh had recall due to fire risk),,15.0.14,HW3.1,batterydesign.net Hyundai Kona + Hyundai technical documentation,
Hyundai Kona 39/64kWh (39/64 kWh),FoxESS H1/AC1,in_catalog,yes,protocol_verified,,Hyundai Kona EV pack (39 kWh 90s / 64 kWh 180s LG Chem),2018+ (SK-supplied 64 kWh had recall due to fire risk),,15.0.14,HW3.1,batterydesign.net Hyundai Kona + Hyundai technical documentation,
Hyundai Kona 39/64kWh (39/64 kWh),FoxESS H3 Pro,in_catalog,yes,protocol_verified,,Hyundai Kona EV pack (39 kWh 90s / 64 kWh 180s LG Chem),2018+ (SK-supplied 64 kWh had recall due to fire risk),,15.0.14,HW3.1,batterydesign.net Hyundai Kona + Hyundai technical documentation,
Hyundai Kona 39/64kWh (39/64 kWh),FoxESS H3 Smart,in_catalog,yes,protocol_verified,,Hyundai Kona EV pack (39 kWh 90s / 64 kWh 180s LG Chem),2018+ (SK-supplied 64 kWh had recall due to fire risk),,15.0.14,HW3.1,batterydesign.net Hyundai Kona + Hyundai technical documentation,
Hyundai Kona 39/64kWh (39/64 kWh),FoxESS H3/AC3,in_catalog,yes,protocol_verified,,Hyundai Kona EV pack (39 kWh 90s / 64 kWh 180s LG Chem),2018+ (SK-supplied 64 kWh had recall due to fire risk),,15.0.14,HW3.1,batterydesign.net Hyundai Kona + Hyundai technical documentation,
Hyundai Kona 39/64kWh (39/64 kWh),Fronius Primo Gen24 Plus,in_catalog,yes,protocol_verified,,Hyundai Kona EV pack (39 kWh 90s / 64 kWh 180s LG Chem),2018+ (SK-supplied 64 kWh had recall due to fire risk),,15.0.14,HW3.1,batterydesign.net Hyundai Kona + Hyundai technical documentation,
Hyundai Kona 39/64kWh (39/64 kWh),Fronius Symo Gen24 Plus,in_catalog,yes,protocol_verified,,Hyundai Kona EV pack (39 kWh 90s / 64 kWh 180s LG Chem),2018+ (SK-supplied 64 kWh had recall due to fire risk),,15.0.14,HW3.1,batterydesign.net Hyundai Kona + Hyundai technical documentation,
Hyundai Kona 39/64kWh (39/64 kWh),Fronius Symo Hybrid 3.0/4.0/5.0-3-S,in_catalog,yes,protocol_verified,,Hyundai Kona EV pack (39 kWh 90s / 64 kWh 180s LG Chem),2018+ (SK-supplied 64 kWh had recall due to fire risk),,15.0.14,HW3.1,batterydesign.net Hyundai Kona + Hyundai technical documentation,
Hyundai Kona 39/64kWh (39/64 kWh),Fronius Verto Plus 15-33kW,in_catalog,yes,protocol_verified,,Hyundai Kona EV pack (39 kWh 90s / 64 kWh 180s LG Chem),2018+ (SK-supplied 64 kWh had recall due to fire risk),,15.0.14,HW3.1,batterydesign.net Hyundai Kona + Hyundai technical documentation,
Hyundai Kona 39/64kWh (39/64 kWh),GoodWe A-ES hybrid inverter (America Split Phase),in_catalog,yes,protocol_verified,,Hyundai Kona EV pack (39 kWh 90s / 64 kWh 180s LG Chem),2018+ (SK-supplied 64 kWh had recall due to fire risk),,15.0.14,HW3.1,batterydesign.net Hyundai Kona + Hyundai technical documentation,
Hyundai Kona 39/64kWh (39/64 kWh),GoodWe BH AC battery inverter,in_catalog,yes,protocol_verified,,Hyundai Kona EV pack (39 kWh 90s / 64 kWh 180s LG Chem),2018+ (SK-supplied 64 kWh had recall due to fire risk),,15.0.14,HW3.1,batterydesign.net Hyundai Kona + Hyundai technical documentation,
Hyundai Kona 39/64kWh (39/64 kWh),GoodWe BT AC battery inverter,in_catalog,yes,protocol_verified,,Hyundai Kona EV pack (39 kWh 90s / 64 kWh 180s LG Chem),2018+ (SK-supplied 64 kWh had recall due to fire risk),,15.0.14,HW3.1,batterydesign.net Hyundai Kona + Hyundai technical documentation,
Hyundai Kona 39/64kWh (39/64 kWh),GoodWe EH hybrid solar,in_catalog,yes,protocol_verified,,Hyundai Kona EV pack (39 kWh 90s / 64 kWh 180s LG Chem),2018+ (SK-supplied 64 kWh had recall due to fire risk),,15.0.14,HW3.1,batterydesign.net Hyundai Kona + Hyundai technical documentation,
Hyundai Kona 39/64kWh (39/64 kWh),GoodWe EHB high voltage battery,in_catalog,yes,protocol_verified,,Hyundai Kona EV pack (39 kWh 90s / 64 kWh 180s LG Chem),2018+ (SK-supplied 64 kWh had recall due to fire risk),,15.0.14,HW3.1,batterydesign.net Hyundai Kona + Hyundai technical documentation,
Hyundai Kona 39/64kWh (39/64 kWh),GoodWe EHB hybrid inverter (South Africa only),in_catalog,yes,protocol_verified,,Hyundai Kona EV pack (39 kWh 90s / 64 kWh 180s LG Chem),2018+ (SK-supplied 64 kWh had recall due to fire risk),,15.0.14,HW3.1,batterydesign.net Hyundai Kona + Hyundai technical documentation,
Hyundai Kona 39/64kWh (39/64 kWh),GoodWe ES hybrid solar,in_catalog,yes,protocol_verified,,Hyundai Kona EV pack (39 kWh 90s / 64 kWh 180s LG Chem),2018+ (SK-supplied 64 kWh had recall due to fire risk),,15.0.14,HW3.1,batterydesign.net Hyundai Kona + Hyundai technical documentation,
Hyundai Kona 39/64kWh (39/64 kWh),GoodWe ET hybrid solar,in_catalog,yes,protocol_verified,,Hyundai Kona EV pack (39 kWh 90s / 64 kWh 180s LG Chem),2018+ (SK-supplied 64 kWh had recall due to fire risk),,15.0.14,HW3.1,batterydesign.net Hyundai Kona + Hyundai technical documentation,
Hyundai Kona 39/64kWh (39/64 kWh),GoodWe SBP battery inverter,in_catalog,yes,protocol_verified,,Hyundai Kona EV pack (39 kWh 90s / 64 kWh 180s LG Chem),2018+ (SK-supplied 64 kWh had recall due to fire risk),,15.0.14,HW3.1,batterydesign.net Hyundai Kona + Hyundai technical documentation,
Hyundai Kona 39/64kWh (39/64 kWh),Growatt HV Growatt SPH,in_catalog,yes,protocol_verified,,Hyundai Kona EV pack (39 kWh 90s / 64 kWh 180s LG Chem),2018+ (SK-supplied 64 kWh had recall due to fire risk),,15.0.14,HW3.1,batterydesign.net Hyundai Kona + Hyundai technical documentation,
Hyundai Kona 39/64kWh (39/64 kWh),Growatt HV Growatt SPH (TL3-BH-UP) (5-10kW 3P),in_catalog,yes,protocol_verified,,Hyundai Kona EV pack (39 kWh 90s / 64 kWh 180s LG Chem),2018+ (SK-supplied 64 kWh had recall due to fire risk),,15.0.14,HW3.1,batterydesign.net Hyundai Kona + Hyundai technical documentation,
Hyundai Kona 39/64kWh (39/64 kWh),Growatt LV Growatt SPH (4.6-10) (TL3-BH) (5-10kW 3P),in_catalog,yes,protocol_verified,,Hyundai Kona EV pack (39 kWh 90s / 64 kWh 180s LG Chem),2018+ (SK-supplied 64 kWh had recall due to fire risk),,15.0.14,HW3.1,batterydesign.net Hyundai Kona + Hyundai technical documentation,
Hyundai Kona 39/64kWh (39/64 kWh),Growatt WIT 50-100K-HU,in_catalog,yes,protocol_verified,,Hyundai Kona EV pack (39 kWh 90s / 64 kWh 180s LG Chem),2018+ (SK-supplied 64 kWh had recall due to fire risk),,15.0.14,HW3.1,batterydesign.net Hyundai Kona + Hyundai technical documentation,
Hyundai Kona 39/64kWh (39/64 kWh),Growatt WIT 50-100K-HU (TL3-BH-UP) (5-10kW 3P),in_catalog,yes,protocol_verified,,Hyundai Kona EV pack (39 kWh 90s / 64 kWh 180s LG Chem),2018+ (SK-supplied 64 kWh had recall due to fire risk),,15.0.14,HW3.1,batterydesign.net Hyundai Kona + Hyundai technical documentation,
Hyundai Kona 39/64kWh (39/64 kWh),Hoymiles HYT/HAT-HV,in_catalog,yes,protocol_verified,,Hyundai Kona EV pack (39 kWh 90s / 64 kWh 180s LG Chem),2018+ (SK-supplied 64 kWh had recall due to fire risk),,15.0.14,HW3.1,batterydesign.net Hyundai Kona + Hyundai technical documentation,
Hyundai Kona 39/64kWh (39/64 kWh),Huawei SUN2000-(2-6)KTL-L1 (400V),in_catalog,yes,protocol_verified,,Hyundai Kona EV pack (39 kWh 90s / 64 kWh 180s LG Chem),2018+ (SK-supplied 64 kWh had recall due to fire risk),,15.0.14,HW3.1,batterydesign.net Hyundai Kona + Hyundai technical documentation,
Hyundai Kona 39/64kWh (39/64 kWh),Huawei SUN2000-(3-20)K-MB0 (400V),in_catalog,yes,protocol_verified,,Hyundai Kona EV pack (39 kWh 90s / 64 kWh 180s LG Chem),2018+ (SK-supplied 64 kWh had recall due to fire risk),,15.0.14,HW3.1,batterydesign.net Hyundai Kona + Hyundai technical documentation,
Hyundai Kona 39/64kWh (39/64 kWh),Kostal Plenticore Plus (3.0-10),in_catalog,yes,protocol_verified,,Hyundai Kona EV pack (39 kWh 90s / 64 kWh 180s LG Chem),2018+ (SK-supplied 64 kWh had recall due to fire risk),,15.0.14,HW3.1,batterydesign.net Hyundai Kona + Hyundai technical documentation,
Hyundai Kona 39/64kWh (39/64 kWh),Maple Leaf Northern Fox H1-H3-AC1-KH,in_catalog,yes,protocol_verified,,Hyundai Kona EV pack (39 kWh 90s / 64 kWh 180s LG Chem),2018+ (SK-supplied 64 kWh had recall due to fire risk),,15.0.14,HW3.1,batterydesign.net Hyundai Kona + Hyundai technical documentation,
Hyundai Kona 39/64kWh (39/64 kWh),SAJ H2 Hybrid (3-12)K-S2,in_catalog,yes,protocol_verified,,Hyundai Kona EV pack (39 kWh 90s / 64 kWh 180s LG Chem),2018+ (SK-supplied 64 kWh had recall due to fire risk),,15.0.14,HW3.1,batterydesign.net Hyundai Kona + Hyundai technical documentation,
Hyundai Kona 39/64kWh (39/64 kWh),SMA Sunny Boy Smart Energy 3.6 / 4.0 / 5.0 / 6.0-50 Hybrid Inverter,in_catalog,yes,protocol_verified,,Hyundai Kona EV pack (39 kWh 90s / 64 kWh 180s LG Chem),2018+ (SK-supplied 64 kWh had recall due to fire risk),,15.0.14,HW3.1,batterydesign.net Hyundai Kona + Hyundai technical documentation,
Hyundai Kona 39/64kWh (39/64 kWh),SMA Sunny Boy Smart Energy 3.6-6.0,in_catalog,yes,protocol_verified,,Hyundai Kona EV pack (39 kWh 90s / 64 kWh 180s LG Chem),2018+ (SK-supplied 64 kWh had recall due to fire risk),,15.0.14,HW3.1,batterydesign.net Hyundai Kona + Hyundai technical documentation,
Hyundai Kona 39/64kWh (39/64 kWh),SMA Sunny Boy Storage 2.5,in_catalog,yes,protocol_verified,,Hyundai Kona EV pack (39 kWh 90s / 64 kWh 180s LG Chem),2018+ (SK-supplied 64 kWh had recall due to fire risk),,15.0.14,HW3.1,batterydesign.net Hyundai Kona + Hyundai technical documentation,
Hyundai Kona 39/64kWh (39/64 kWh),SMA Sunny Boy Storage 2.5 / 3.7 / 5.0 / 6.0,in_catalog,yes,protocol_verified,,Hyundai Kona EV pack (39 kWh 90s / 64 kWh 180s LG Chem),2018+ (SK-supplied 64 kWh had recall due to fire risk),,15.0.14,HW3.1,batterydesign.net Hyundai Kona + Hyundai technical documentation,
Hyundai Kona 39/64kWh (39/64 kWh),SMA Sunny Tripower Smart 5.0-10.0 SE,in_catalog,yes,protocol_verified,,Hyundai Kona EV pack (39 kWh 90s / 64 kWh 180s LG Chem),2018+ (SK-supplied 64 kWh had recall due to fire risk),,15.0.14,HW3.1,batterydesign.net Hyundai Kona + Hyundai technical documentation,
Hyundai Kona 39/64kWh (39/64 kWh),SMA Sunny Tripower X,in_catalog,yes,protocol_verified,,Hyundai Kona EV pack (39 kWh 90s / 64 kWh 180s LG Chem),2018+ (SK-supplied 64 kWh had recall due to fire risk),,15.0.14,HW3.1,batterydesign.net Hyundai Kona + Hyundai technical documentation,
Hyundai Kona 39/64kWh (39/64 kWh),Sofar 5K...20KTL-3PH,in_catalog,yes,protocol_verified,,Hyundai Kona EV pack (39 kWh 90s / 64 kWh 180s LG Chem),2018+ (SK-supplied 64 kWh had recall due to fire risk),,15.0.14,HW3.1,batterydesign.net Hyundai Kona + Hyundai technical documentation,
Hyundai Kona 39/64kWh (39/64 kWh),Sofar HYD (3-20)KTL-3PH,in_catalog,yes,protocol_verified,,Hyundai Kona EV pack (39 kWh 90s / 64 kWh 180s LG Chem),2018+ (SK-supplied 64 kWh had recall due to fire risk),,15.0.14,HW3.1,batterydesign.net Hyundai Kona + Hyundai technical documentation,
Hyundai Kona 39/64kWh (39/64 kWh),SolaX X1 Hybrid,in_catalog,yes,protocol_verified,,Hyundai Kona EV pack (39 kWh 90s / 64 kWh 180s LG Chem),2018+ (SK-supplied 64 kWh had recall due to fire risk),,15.0.14,HW3.1,batterydesign.net Hyundai Kona + Hyundai technical documentation,
Hyundai Kona 39/64kWh (39/64 kWh),SolaX X1 Hybrid G4,in_catalog,yes,protocol_verified,,Hyundai Kona EV pack (39 kWh 90s / 64 kWh 180s LG Chem),2018+ (SK-supplied 64 kWh had recall due to fire risk),,15.0.14,HW3.1,batterydesign.net Hyundai Kona + Hyundai technical documentation,
Hyundai Kona 39/64kWh (39/64 kWh),SolaX X3 Hybrid,in_catalog,yes,protocol_verified,,Hyundai Kona EV pack (39 kWh 90s / 64 kWh 180s LG Chem),2018+ (SK-supplied 64 kWh had recall due to fire risk),,15.0.14,HW3.1,batterydesign.net Hyundai Kona + Hyundai technical documentation,
Hyundai Kona 39/64kWh (39/64 kWh),SolaX X3 Hybrid G4,in_catalog,yes,protocol_verified,,Hyundai Kona EV pack (39 kWh 90s / 64 kWh 180s LG Chem),2018+ (SK-supplied 64 kWh had recall due to fire risk),,15.0.14,HW3.1,batterydesign.net Hyundai Kona + Hyundai technical documentation,
Hyundai Kona 39/64kWh (39/64 kWh),SolaX X3-Ultra Hybrid,in_catalog,yes,protocol_verified,,Hyundai Kona EV pack (39 kWh 90s / 64 kWh 180s LG Chem),2018+ (SK-supplied 64 kWh had recall due to fire risk),,15.0.14,HW3.1,batterydesign.net Hyundai Kona + Hyundai technical documentation,
Hyundai Kona 39/64kWh (39/64 kWh),Solis RHI-3P(5-10)K-HVES-5G / S6-EH1P10K-H-US-APST,in_catalog,yes,protocol_verified,,Hyundai Kona EV pack (39 kWh 90s / 64 kWh 180s LG Chem),2018+ (SK-supplied 64 kWh had recall due to fire risk),,15.0.14,HW3.1,batterydesign.net Hyundai Kona + Hyundai technical documentation,
Hyundai Kona 39/64kWh (39/64 kWh),Solis RHI-3P(5-10)K-HVES-5G / S6-EH3P-(5-10.0K)-H-EU,in_catalog,yes,protocol_verified,,Hyundai Kona EV pack (39 kWh 90s / 64 kWh 180s LG Chem),2018+ (SK-supplied 64 kWh had recall due to fire risk),,15.0.14,HW3.1,batterydesign.net Hyundai Kona + Hyundai technical documentation,
Hyundai Kona 39/64kWh (39/64 kWh),Solis S5-EH1P (3-6) K-L (5-6 kW 1P US),in_catalog,yes,protocol_verified,,Hyundai Kona EV pack (39 kWh 90s / 64 kWh 180s LG Chem),2018+ (SK-supplied 64 kWh had recall due to fire risk),,15.0.14,HW3.1,batterydesign.net Hyundai Kona + Hyundai technical documentation,
Hyundai Kona 39/64kWh (39/64 kWh),Solis S6-EH3P(8-15)K-H 8-15 kW 3P (5-6 kW 1P US),in_catalog,yes,protocol_verified,,Hyundai Kona EV pack (39 kWh 90s / 64 kWh 180s LG Chem),2018+ (SK-supplied 64 kWh had recall due to fire risk),,15.0.14,HW3.1,batterydesign.net Hyundai Kona + Hyundai technical documentation,
Hyundai Kona 39/64kWh (39/64 kWh),Solxpow Solxpow X3 12-20kW,in_catalog,yes,protocol_verified,,Hyundai Kona EV pack (39 kWh 90s / 64 kWh 180s LG Chem),2018+ (SK-supplied 64 kWh had recall due to fire risk),,15.0.14,HW3.1,batterydesign.net Hyundai Kona + Hyundai technical documentation,
Hyundai Kona 39/64kWh (39/64 kWh),Sungrow SH15T/SH20T/SH25T,in_catalog,yes,protocol_verified,,Hyundai Kona EV pack (39 kWh 90s / 64 kWh 180s LG Chem),2018+ (SK-supplied 64 kWh had recall due to fire risk),,15.0.14,HW3.1,batterydesign.net Hyundai Kona + Hyundai technical documentation,
Hyundai Kona 39/64kWh (39/64 kWh),Sungrow SH3.0/3.6/4.0/5.0/6.0RS,in_catalog,yes,protocol_verified,,Hyundai Kona EV pack (39 kWh 90s / 64 kWh 180s LG Chem),2018+ (SK-supplied 64 kWh had recall due to fire risk),,15.0.14,HW3.1,batterydesign.net Hyundai Kona + Hyundai technical documentation,
Hyundai Kona 39/64kWh (39/64 kWh),Sungrow SH5.0/6.0/8.0/10RT,in_catalog,yes,protocol_verified,,Hyundai Kona EV pack (39 kWh 90s / 64 kWh 180s LG Chem),2018+ (SK-supplied 64 kWh had recall due to fire risk),,15.0.14,HW3.1,batterydesign.net Hyundai Kona + Hyundai technical documentation,
Hyundai Kona Hybrid (2 kWh),Afore AF17K-THA 230V,in_catalog,yes,in_catalog,,,,,15.0.14,HW3.1,BMS-EV firmware supports this pair based on protocol translation,
Hyundai Kona Hybrid (2 kWh),Deye SUN-(29.9-50)K-SG01HP3-EU-BM3,in_catalog,yes,in_catalog,,,,,15.0.14,HW3.1,BMS-EV firmware supports this pair based on protocol translation,
Hyundai Kona Hybrid (2 kWh),Deye SUN-(5-20)K-SG01HP3-EU-AM2,in_catalog,yes,in_catalog,,,,,15.0.14,HW3.1,BMS-EV firmware supports this pair based on protocol translation,
Hyundai Kona Hybrid (2 kWh),Felicity T-REX-50KHP3G01,in_catalog,yes,in_catalog,,,,,15.0.14,HW3.1,BMS-EV firmware supports this pair based on protocol translation,
Hyundai Kona Hybrid (2 kWh),Ferroamp EnergyHub,in_catalog,yes,in_catalog,,,,,15.0.14,HW3.1,BMS-EV firmware supports this pair based on protocol translation,
Hyundai Kona Hybrid (2 kWh),FoxESS H1/AC1,in_catalog,yes,in_catalog,,,,,15.0.14,HW3.1,BMS-EV firmware supports this pair based on protocol translation,
Hyundai Kona Hybrid (2 kWh),FoxESS H3 Pro,in_catalog,yes,in_catalog,,,,,15.0.14,HW3.1,BMS-EV firmware supports this pair based on protocol translation,
Hyundai Kona Hybrid (2 kWh),FoxESS H3 Smart,in_catalog,yes,in_catalog,,,,,15.0.14,HW3.1,BMS-EV firmware supports this pair based on protocol translation,
Hyundai Kona Hybrid (2 kWh),FoxESS H3/AC3,in_catalog,yes,in_catalog,,,,,15.0.14,HW3.1,BMS-EV firmware supports this pair based on protocol translation,
Hyundai Kona Hybrid (2 kWh),Fronius Primo Gen24 Plus,in_catalog,yes,in_catalog,,,,,15.0.14,HW3.1,BMS-EV firmware supports this pair based on protocol translation,
Hyundai Kona Hybrid (2 kWh),Fronius Symo Gen24 Plus,in_catalog,yes,in_catalog,,,,,15.0.14,HW3.1,BMS-EV firmware supports this pair based on protocol translation,
Hyundai Kona Hybrid (2 kWh),Fronius Symo Hybrid 3.0/4.0/5.0-3-S,in_catalog,yes,in_catalog,,,,,15.0.14,HW3.1,BMS-EV firmware supports this pair based on protocol translation,
Hyundai Kona Hybrid (2 kWh),Fronius Verto Plus 15-33kW,in_catalog,yes,in_catalog,,,,,15.0.14,HW3.1,BMS-EV firmware supports this pair based on protocol translation,
Hyundai Kona Hybrid (2 kWh),GoodWe A-ES hybrid inverter (America Split Phase),in_catalog,yes,in_catalog,,,,,15.0.14,HW3.1,BMS-EV firmware supports this pair based on protocol translation,
Hyundai Kona Hybrid (2 kWh),GoodWe BH AC battery inverter,in_catalog,yes,in_catalog,,,,,15.0.14,HW3.1,BMS-EV firmware supports this pair based on protocol translation,
Hyundai Kona Hybrid (2 kWh),GoodWe BT AC battery inverter,in_catalog,yes,in_catalog,,,,,15.0.14,HW3.1,BMS-EV firmware supports this pair based on protocol translation,
Hyundai Kona Hybrid (2 kWh),GoodWe EH hybrid solar,in_catalog,yes,in_catalog,,,,,15.0.14,HW3.1,BMS-EV firmware supports this pair based on protocol translation,
Hyundai Kona Hybrid (2 kWh),GoodWe EHB high voltage battery,in_catalog,yes,in_catalog,,,,,15.0.14,HW3.1,BMS-EV firmware supports this pair based on protocol translation,
Hyundai Kona Hybrid (2 kWh),GoodWe EHB hybrid inverter (South Africa only),in_catalog,yes,in_catalog,,,,,15.0.14,HW3.1,BMS-EV firmware supports this pair based on protocol translation,
Hyundai Kona Hybrid (2 kWh),GoodWe ES hybrid solar,in_catalog,yes,in_catalog,,,,,15.0.14,HW3.1,BMS-EV firmware supports this pair based on protocol translation,
Hyundai Kona Hybrid (2 kWh),GoodWe ET hybrid solar,in_catalog,yes,in_catalog,,,,,15.0.14,HW3.1,BMS-EV firmware supports this pair based on protocol translation,
Hyundai Kona Hybrid (2 kWh),GoodWe SBP battery inverter,in_catalog,yes,in_catalog,,,,,15.0.14,HW3.1,BMS-EV firmware supports this pair based on protocol translation,
Hyundai Kona Hybrid (2 kWh),Growatt HV Growatt SPH,in_catalog,yes,in_catalog,,,,,15.0.14,HW3.1,BMS-EV firmware supports this pair based on protocol translation,
Hyundai Kona Hybrid (2 kWh),Growatt HV Growatt SPH (TL3-BH-UP) (5-10kW 3P),in_catalog,yes,in_catalog,,,,,15.0.14,HW3.1,BMS-EV firmware supports this pair based on protocol translation,
Hyundai Kona Hybrid (2 kWh),Growatt LV Growatt SPH (4.6-10) (TL3-BH) (5-10kW 3P),in_catalog,yes,in_catalog,,,,,15.0.14,HW3.1,BMS-EV firmware supports this pair based on protocol translation,
Hyundai Kona Hybrid (2 kWh),Growatt WIT 50-100K-HU,in_catalog,yes,in_catalog,,,,,15.0.14,HW3.1,BMS-EV firmware supports this pair based on protocol translation,
Hyundai Kona Hybrid (2 kWh),Growatt WIT 50-100K-HU (TL3-BH-UP) (5-10kW 3P),in_catalog,yes,in_catalog,,,,,15.0.14,HW3.1,BMS-EV firmware supports this pair based on protocol translation,
Hyundai Kona Hybrid (2 kWh),Hoymiles HYT/HAT-HV,in_catalog,yes,in_catalog,,,,,15.0.14,HW3.1,BMS-EV firmware supports this pair based on protocol translation,
Hyundai Kona Hybrid (2 kWh),Huawei SUN2000-(2-6)KTL-L1 (400V),in_catalog,yes,in_catalog,,,,,15.0.14,HW3.1,BMS-EV firmware supports this pair based on protocol translation,
Hyundai Kona Hybrid (2 kWh),Huawei SUN2000-(3-20)K-MB0 (400V),in_catalog,yes,in_catalog,,,,,15.0.14,HW3.1,BMS-EV firmware supports this pair based on protocol translation,
Hyundai Kona Hybrid (2 kWh),Kostal Plenticore Plus (3.0-10),in_catalog,yes,in_catalog,,,,,15.0.14,HW3.1,BMS-EV firmware supports this pair based on protocol translation,
Hyundai Kona Hybrid (2 kWh),Maple Leaf Northern Fox H1-H3-AC1-KH,in_catalog,yes,in_catalog,,,,,15.0.14,HW3.1,BMS-EV firmware supports this pair based on protocol translation,
Hyundai Kona Hybrid (2 kWh),SAJ H2 Hybrid (3-12)K-S2,in_catalog,yes,in_catalog,,,,,15.0.14,HW3.1,BMS-EV firmware supports this pair based on protocol translation,
Hyundai Kona Hybrid (2 kWh),SMA Sunny Boy Smart Energy 3.6 / 4.0 / 5.0 / 6.0-50 Hybrid Inverter,in_catalog,yes,in_catalog,,,,,15.0.14,HW3.1,BMS-EV firmware supports this pair based on protocol translation,
Hyundai Kona Hybrid (2 kWh),SMA Sunny Boy Smart Energy 3.6-6.0,in_catalog,yes,in_catalog,,,,,15.0.14,HW3.1,BMS-EV firmware supports this pair based on protocol translation,
Hyundai Kona Hybrid (2 kWh),SMA Sunny Boy Storage 2.5,in_catalog,yes,in_catalog,,,,,15.0.14,HW3.1,BMS-EV firmware supports this pair based on protocol translation,
Hyundai Kona Hybrid (2 kWh),SMA Sunny Boy Storage 2.5 / 3.7 / 5.0 / 6.0,in_catalog,yes,in_catalog,,,,,15.0.14,HW3.1,BMS-EV firmware supports this pair based on protocol translation,
Hyundai Kona Hybrid (2 kWh),SMA Sunny Tripower Smart 5.0-10.0 SE,in_catalog,yes,in_catalog,,,,,15.0.14,HW3.1,BMS-EV firmware supports this pair based on protocol translation,
Hyundai Kona Hybrid (2 kWh),SMA Sunny Tripower X,in_catalog,yes,in_catalog,,,,,15.0.14,HW3.1,BMS-EV firmware supports this pair based on protocol translation,
Hyundai Kona Hybrid (2 kWh),Sofar 5K...20KTL-3PH,in_catalog,yes,in_catalog,,,,,15.0.14,HW3.1,BMS-EV firmware supports this pair based on protocol translation,
Hyundai Kona Hybrid (2 kWh),Sofar HYD (3-20)KTL-3PH,in_catalog,yes,in_catalog,,,,,15.0.14,HW3.1,BMS-EV firmware supports this pair based on protocol translation,
Hyundai Kona Hybrid (2 kWh),SolaX X1 Hybrid,in_catalog,yes,in_catalog,,,,,15.0.14,HW3.1,BMS-EV firmware supports this pair based on protocol translation,
Hyundai Kona Hybrid (2 kWh),SolaX X1 Hybrid G4,in_catalog,yes,in_catalog,,,,,15.0.14,HW3.1,BMS-EV firmware supports this pair based on protocol translation,
Hyundai Kona Hybrid (2 kWh),SolaX X3 Hybrid,in_catalog,yes,in_catalog,,,,,15.0.14,HW3.1,BMS-EV firmware supports this pair based on protocol translation,
Hyundai Kona Hybrid (2 kWh),SolaX X3 Hybrid G4,in_catalog,yes,in_catalog,,,,,15.0.14,HW3.1,BMS-EV firmware supports this pair based on protocol translation,
Hyundai Kona Hybrid (2 kWh),SolaX X3-Ultra Hybrid,in_catalog,yes,in_catalog,,,,,15.0.14,HW3.1,BMS-EV firmware supports this pair based on protocol translation,
Hyundai Kona Hybrid (2 kWh),Solis RHI-3P(5-10)K-HVES-5G / S6-EH1P10K-H-US-APST,in_catalog,yes,in_catalog,,,,,15.0.14,HW3.1,BMS-EV firmware supports this pair based on protocol translation,
Hyundai Kona Hybrid (2 kWh),Solis RHI-3P(5-10)K-HVES-5G / S6-EH3P-(5-10.0K)-H-EU,in_catalog,yes,in_catalog,,,,,15.0.14,HW3.1,BMS-EV firmware supports this pair based on protocol translation,
Hyundai Kona Hybrid (2 kWh),Solis S5-EH1P (3-6) K-L (5-6 kW 1P US),in_catalog,yes,in_catalog,,,,,15.0.14,HW3.1,BMS-EV firmware supports this pair based on protocol translation,
Hyundai Kona Hybrid (2 kWh),Solis S6-EH3P(8-15)K-H 8-15 kW 3P (5-6 kW 1P US),in_catalog,yes,in_catalog,,,,,15.0.14,HW3.1,BMS-EV firmware supports this pair based on protocol translation,
Hyundai Kona Hybrid (2 kWh),Solxpow Solxpow X3 12-20kW,in_catalog,yes,in_catalog,,,,,15.0.14,HW3.1,BMS-EV firmware supports this pair based on protocol translation,
Hyundai Kona Hybrid (2 kWh),Sungrow SH15T/SH20T/SH25T,in_catalog,yes,in_catalog,,,,,15.0.14,HW3.1,BMS-EV firmware supports this pair based on protocol translation,
Hyundai Kona Hybrid (2 kWh),Sungrow SH3.0/3.6/4.0/5.0/6.0RS,in_catalog,yes,in_catalog,,,,,15.0.14,HW3.1,BMS-EV firmware supports this pair based on protocol translation,
Hyundai Kona Hybrid (2 kWh),Sungrow SH5.0/6.0/8.0/10RT,in_catalog,yes,in_catalog,,,,,15.0.14,HW3.1,BMS-EV firmware supports this pair based on protocol translation,
Hyundai Santa Fe PHEV (14 kWh),Afore AF17K-THA 230V,in_catalog,yes,in_catalog,,,,,15.0.14,HW3.1,BMS-EV firmware supports this pair based on protocol translation,
Hyundai Santa Fe PHEV (14 kWh),Deye SUN-(29.9-50)K-SG01HP3-EU-BM3,in_catalog,yes,in_catalog,,,,,15.0.14,HW3.1,BMS-EV firmware supports this pair based on protocol translation,
Hyundai Santa Fe PHEV (14 kWh),Deye SUN-(5-20)K-SG01HP3-EU-AM2,in_catalog,yes,in_catalog,,,,,15.0.14,HW3.1,BMS-EV firmware supports this pair based on protocol translation,
Hyundai Santa Fe PHEV (14 kWh),Felicity T-REX-50KHP3G01,in_catalog,yes,in_catalog,,,,,15.0.14,HW3.1,BMS-EV firmware supports this pair based on protocol translation,
Hyundai Santa Fe PHEV (14 kWh),Ferroamp EnergyHub,in_catalog,yes,in_catalog,,,,,15.0.14,HW3.1,BMS-EV firmware supports this pair based on protocol translation,
Hyundai Santa Fe PHEV (14 kWh),FoxESS H1/AC1,in_catalog,yes,in_catalog,,,,,15.0.14,HW3.1,BMS-EV firmware supports this pair based on protocol translation,
Hyundai Santa Fe PHEV (14 kWh),FoxESS H3 Pro,in_catalog,yes,in_catalog,,,,,15.0.14,HW3.1,BMS-EV firmware supports this pair based on protocol translation,
Hyundai Santa Fe PHEV (14 kWh),FoxESS H3 Smart,in_catalog,yes,in_catalog,,,,,15.0.14,HW3.1,BMS-EV firmware supports this pair based on protocol translation,
Hyundai Santa Fe PHEV (14 kWh),FoxESS H3/AC3,in_catalog,yes,in_catalog,,,,,15.0.14,HW3.1,BMS-EV firmware supports this pair based on protocol translation,
Hyundai Santa Fe PHEV (14 kWh),Fronius Primo Gen24 Plus,in_catalog,yes,in_catalog,,,,,15.0.14,HW3.1,BMS-EV firmware supports this pair based on protocol translation,
Hyundai Santa Fe PHEV (14 kWh),Fronius Symo Gen24 Plus,in_catalog,yes,in_catalog,,,,,15.0.14,HW3.1,BMS-EV firmware supports this pair based on protocol translation,
Hyundai Santa Fe PHEV (14 kWh),Fronius Symo Hybrid 3.0/4.0/5.0-3-S,in_catalog,yes,in_catalog,,,,,15.0.14,HW3.1,BMS-EV firmware supports this pair based on protocol translation,
Hyundai Santa Fe PHEV (14 kWh),Fronius Verto Plus 15-33kW,in_catalog,yes,in_catalog,,,,,15.0.14,HW3.1,BMS-EV firmware supports this pair based on protocol translation,
Hyundai Santa Fe PHEV (14 kWh),GoodWe A-ES hybrid inverter (America Split Phase),in_catalog,yes,in_catalog,,,,,15.0.14,HW3.1,BMS-EV firmware supports this pair based on protocol translation,
Hyundai Santa Fe PHEV (14 kWh),GoodWe BH AC battery inverter,in_catalog,yes,in_catalog,,,,,15.0.14,HW3.1,BMS-EV firmware supports this pair based on protocol translation,
Hyundai Santa Fe PHEV (14 kWh),GoodWe BT AC battery inverter,in_catalog,yes,in_catalog,,,,,15.0.14,HW3.1,BMS-EV firmware supports this pair based on protocol translation,
Hyundai Santa Fe PHEV (14 kWh),GoodWe EH hybrid solar,in_catalog,yes,in_catalog,,,,,15.0.14,HW3.1,BMS-EV firmware supports this pair based on protocol translation,
Hyundai Santa Fe PHEV (14 kWh),GoodWe EHB high voltage battery,in_catalog,yes,in_catalog,,,,,15.0.14,HW3.1,BMS-EV firmware supports this pair based on protocol translation,
Hyundai Santa Fe PHEV (14 kWh),GoodWe EHB hybrid inverter (South Africa only),in_catalog,yes,in_catalog,,,,,15.0.14,HW3.1,BMS-EV firmware supports this pair based on protocol translation,
Hyundai Santa Fe PHEV (14 kWh),GoodWe ES hybrid solar,in_catalog,yes,in_catalog,,,,,15.0.14,HW3.1,BMS-EV firmware supports this pair based on protocol translation,
Hyundai Santa Fe PHEV (14 kWh),GoodWe ET hybrid solar,in_catalog,yes,in_catalog,,,,,15.0.14,HW3.1,BMS-EV firmware supports this pair based on protocol translation,
Hyundai Santa Fe PHEV (14 kWh),GoodWe SBP battery inverter,in_catalog,yes,in_catalog,,,,,15.0.14,HW3.1,BMS-EV firmware supports this pair based on protocol translation,
Hyundai Santa Fe PHEV (14 kWh),Growatt HV Growatt SPH,in_catalog,yes,in_catalog,,,,,15.0.14,HW3.1,BMS-EV firmware supports this pair based on protocol translation,
Hyundai Santa Fe PHEV (14 kWh),Growatt HV Growatt SPH (TL3-BH-UP) (5-10kW 3P),in_catalog,yes,in_catalog,,,,,15.0.14,HW3.1,BMS-EV firmware supports this pair based on protocol translation,
Hyundai Santa Fe PHEV (14 kWh),Growatt LV Growatt SPH (4.6-10) (TL3-BH) (5-10kW 3P),in_catalog,yes,in_catalog,,,,,15.0.14,HW3.1,BMS-EV firmware supports this pair based on protocol translation,
Hyundai Santa Fe PHEV (14 kWh),Growatt WIT 50-100K-HU,in_catalog,yes,in_catalog,,,,,15.0.14,HW3.1,BMS-EV firmware supports this pair based on protocol translation,
Hyundai Santa Fe PHEV (14 kWh),Growatt WIT 50-100K-HU (TL3-BH-UP) (5-10kW 3P),in_catalog,yes,in_catalog,,,,,15.0.14,HW3.1,BMS-EV firmware supports this pair based on protocol translation,
Hyundai Santa Fe PHEV (14 kWh),Hoymiles HYT/HAT-HV,in_catalog,yes,in_catalog,,,,,15.0.14,HW3.1,BMS-EV firmware supports this pair based on protocol translation,
Hyundai Santa Fe PHEV (14 kWh),Huawei SUN2000-(2-6)KTL-L1 (400V),in_catalog,yes,in_catalog,,,,,15.0.14,HW3.1,BMS-EV firmware supports this pair based on protocol translation,
Hyundai Santa Fe PHEV (14 kWh),Huawei SUN2000-(3-20)K-MB0 (400V),in_catalog,yes,in_catalog,,,,,15.0.14,HW3.1,BMS-EV firmware supports this pair based on protocol translation,
Hyundai Santa Fe PHEV (14 kWh),Kostal Plenticore Plus (3.0-10),in_catalog,yes,in_catalog,,,,,15.0.14,HW3.1,BMS-EV firmware supports this pair based on protocol translation,
Hyundai Santa Fe PHEV (14 kWh),Maple Leaf Northern Fox H1-H3-AC1-KH,in_catalog,yes,in_catalog,,,,,15.0.14,HW3.1,BMS-EV firmware supports this pair based on protocol translation,
Hyundai Santa Fe PHEV (14 kWh),SAJ H2 Hybrid (3-12)K-S2,in_catalog,yes,in_catalog,,,,,15.0.14,HW3.1,BMS-EV firmware supports this pair based on protocol translation,
Hyundai Santa Fe PHEV (14 kWh),SMA Sunny Boy Smart Energy 3.6 / 4.0 / 5.0 / 6.0-50 Hybrid Inverter,in_catalog,yes,in_catalog,,,,,15.0.14,HW3.1,BMS-EV firmware supports this pair based on protocol translation,
Hyundai Santa Fe PHEV (14 kWh),SMA Sunny Boy Smart Energy 3.6-6.0,in_catalog,yes,in_catalog,,,,,15.0.14,HW3.1,BMS-EV firmware supports this pair based on protocol translation,
Hyundai Santa Fe PHEV (14 kWh),SMA Sunny Boy Storage 2.5,in_catalog,yes,in_catalog,,,,,15.0.14,HW3.1,BMS-EV firmware supports this pair based on protocol translation,
Hyundai Santa Fe PHEV (14 kWh),SMA Sunny Boy Storage 2.5 / 3.7 / 5.0 / 6.0,in_catalog,yes,in_catalog,,,,,15.0.14,HW3.1,BMS-EV firmware supports this pair based on protocol translation,
Hyundai Santa Fe PHEV (14 kWh),SMA Sunny Tripower Smart 5.0-10.0 SE,in_catalog,yes,in_catalog,,,,,15.0.14,HW3.1,BMS-EV firmware supports this pair based on protocol translation,
Hyundai Santa Fe PHEV (14 kWh),SMA Sunny Tripower X,in_catalog,yes,in_catalog,,,,,15.0.14,HW3.1,BMS-EV firmware supports this pair based on protocol translation,
Hyundai Santa Fe PHEV (14 kWh),Sofar 5K...20KTL-3PH,in_catalog,yes,in_catalog,,,,,15.0.14,HW3.1,BMS-EV firmware supports this pair based on protocol translation,
Hyundai Santa Fe PHEV (14 kWh),Sofar HYD (3-20)KTL-3PH,in_catalog,yes,in_catalog,,,,,15.0.14,HW3.1,BMS-EV firmware supports this pair based on protocol translation,
Hyundai Santa Fe PHEV (14 kWh),SolaX X1 Hybrid,in_catalog,yes,in_catalog,,,,,15.0.14,HW3.1,BMS-EV firmware supports this pair based on protocol translation,
Hyundai Santa Fe PHEV (14 kWh),SolaX X1 Hybrid G4,in_catalog,yes,in_catalog,,,,,15.0.14,HW3.1,BMS-EV firmware supports this pair based on protocol translation,
Hyundai Santa Fe PHEV (14 kWh),SolaX X3 Hybrid,in_catalog,yes,in_catalog,,,,,15.0.14,HW3.1,BMS-EV firmware supports this pair based on protocol translation,
Hyundai Santa Fe PHEV (14 kWh),SolaX X3 Hybrid G4,in_catalog,yes,in_catalog,,,,,15.0.14,HW3.1,BMS-EV firmware supports this pair based on protocol translation,
Hyundai Santa Fe PHEV (14 kWh),SolaX X3-Ultra Hybrid,in_catalog,yes,in_catalog,,,,,15.0.14,HW3.1,BMS-EV firmware supports this pair based on protocol translation,
Hyundai Santa Fe PHEV (14 kWh),Solis RHI-3P(5-10)K-HVES-5G / S6-EH1P10K-H-US-APST,in_catalog,yes,in_catalog,,,,,15.0.14,HW3.1,BMS-EV firmware supports this pair based on protocol translation,
Hyundai Santa Fe PHEV (14 kWh),Solis RHI-3P(5-10)K-HVES-5G / S6-EH3P-(5-10.0K)-H-EU,in_catalog,yes,in_catalog,,,,,15.0.14,HW3.1,BMS-EV firmware supports this pair based on protocol translation,
Hyundai Santa Fe PHEV (14 kWh),Solis S5-EH1P (3-6) K-L (5-6 kW 1P US),in_catalog,yes,in_catalog,,,,,15.0.14,HW3.1,BMS-EV firmware supports this pair based on protocol translation,
Hyundai Santa Fe PHEV (14 kWh),Solis S6-EH3P(8-15)K-H 8-15 kW 3P (5-6 kW 1P US),in_catalog,yes,in_catalog,,,,,15.0.14,HW3.1,BMS-EV firmware supports this pair based on protocol translation,
Hyundai Santa Fe PHEV (14 kWh),Solxpow Solxpow X3 12-20kW,in_catalog,yes,in_catalog,,,,,15.0.14,HW3.1,BMS-EV firmware supports this pair based on protocol translation,
Hyundai Santa Fe PHEV (14 kWh),Sungrow SH15T/SH20T/SH25T,in_catalog,yes,in_catalog,,,,,15.0.14,HW3.1,BMS-EV firmware supports this pair based on protocol translation,
Hyundai Santa Fe PHEV (14 kWh),Sungrow SH3.0/3.6/4.0/5.0/6.0RS,in_catalog,yes,in_catalog,,,,,15.0.14,HW3.1,BMS-EV firmware supports this pair based on protocol translation,
Hyundai Santa Fe PHEV (14 kWh),Sungrow SH5.0/6.0/8.0/10RT,in_catalog,yes,in_catalog,,,,,15.0.14,HW3.1,BMS-EV firmware supports this pair based on protocol translation,
Jaguar I-PACE (90 kWh),Afore AF17K-THA 230V,in_catalog,yes,protocol_verified,,Jaguar I-PACE pack (90 kWh LG Chem NMC),2018+,,15.0.14,HW3.1,batterydesign.net,
Jaguar I-PACE (90 kWh),Deye SUN-(29.9-50)K-SG01HP3-EU-BM3,in_catalog,yes,protocol_verified,,Jaguar I-PACE pack (90 kWh LG Chem NMC),2018+,,15.0.14,HW3.1,batterydesign.net,
Jaguar I-PACE (90 kWh),Deye SUN-(5-20)K-SG01HP3-EU-AM2,in_catalog,yes,protocol_verified,,Jaguar I-PACE pack (90 kWh LG Chem NMC),2018+,,15.0.14,HW3.1,batterydesign.net,
Jaguar I-PACE (90 kWh),Felicity T-REX-50KHP3G01,in_catalog,yes,protocol_verified,,Jaguar I-PACE pack (90 kWh LG Chem NMC),2018+,,15.0.14,HW3.1,batterydesign.net,
Jaguar I-PACE (90 kWh),Ferroamp EnergyHub,in_catalog,yes,protocol_verified,,Jaguar I-PACE pack (90 kWh LG Chem NMC),2018+,,15.0.14,HW3.1,batterydesign.net,
Jaguar I-PACE (90 kWh),FoxESS H1/AC1,in_catalog,yes,protocol_verified,,Jaguar I-PACE pack (90 kWh LG Chem NMC),2018+,,15.0.14,HW3.1,batterydesign.net,
Jaguar I-PACE (90 kWh),FoxESS H3 Pro,in_catalog,yes,protocol_verified,,Jaguar I-PACE pack (90 kWh LG Chem NMC),2018+,,15.0.14,HW3.1,batterydesign.net,
Jaguar I-PACE (90 kWh),FoxESS H3 Smart,in_catalog,yes,protocol_verified,,Jaguar I-PACE pack (90 kWh LG Chem NMC),2018+,,15.0.14,HW3.1,batterydesign.net,
Jaguar I-PACE (90 kWh),FoxESS H3/AC3,in_catalog,yes,protocol_verified,,Jaguar I-PACE pack (90 kWh LG Chem NMC),2018+,,15.0.14,HW3.1,batterydesign.net,
Jaguar I-PACE (90 kWh),Fronius Primo Gen24 Plus,in_catalog,yes,protocol_verified,,Jaguar I-PACE pack (90 kWh LG Chem NMC),2018+,,15.0.14,HW3.1,batterydesign.net,
Jaguar I-PACE (90 kWh),Fronius Symo Gen24 Plus,in_catalog,yes,protocol_verified,,Jaguar I-PACE pack (90 kWh LG Chem NMC),2018+,,15.0.14,HW3.1,batterydesign.net,
Jaguar I-PACE (90 kWh),Fronius Symo Hybrid 3.0/4.0/5.0-3-S,in_catalog,yes,protocol_verified,,Jaguar I-PACE pack (90 kWh LG Chem NMC),2018+,,15.0.14,HW3.1,batterydesign.net,
Jaguar I-PACE (90 kWh),Fronius Verto Plus 15-33kW,in_catalog,yes,protocol_verified,,Jaguar I-PACE pack (90 kWh LG Chem NMC),2018+,,15.0.14,HW3.1,batterydesign.net,
Jaguar I-PACE (90 kWh),GoodWe A-ES hybrid inverter (America Split Phase),in_catalog,yes,protocol_verified,,Jaguar I-PACE pack (90 kWh LG Chem NMC),2018+,,15.0.14,HW3.1,batterydesign.net,
Jaguar I-PACE (90 kWh),GoodWe BH AC battery inverter,in_catalog,yes,protocol_verified,,Jaguar I-PACE pack (90 kWh LG Chem NMC),2018+,,15.0.14,HW3.1,batterydesign.net,
Jaguar I-PACE (90 kWh),GoodWe BT AC battery inverter,in_catalog,yes,protocol_verified,,Jaguar I-PACE pack (90 kWh LG Chem NMC),2018+,,15.0.14,HW3.1,batterydesign.net,
Jaguar I-PACE (90 kWh),GoodWe EH hybrid solar,in_catalog,yes,protocol_verified,,Jaguar I-PACE pack (90 kWh LG Chem NMC),2018+,,15.0.14,HW3.1,batterydesign.net,
Jaguar I-PACE (90 kWh),GoodWe EHB high voltage battery,in_catalog,yes,protocol_verified,,Jaguar I-PACE pack (90 kWh LG Chem NMC),2018+,,15.0.14,HW3.1,batterydesign.net,
Jaguar I-PACE (90 kWh),GoodWe EHB hybrid inverter (South Africa only),in_catalog,yes,protocol_verified,,Jaguar I-PACE pack (90 kWh LG Chem NMC),2018+,,15.0.14,HW3.1,batterydesign.net,
Jaguar I-PACE (90 kWh),GoodWe ES hybrid solar,in_catalog,yes,protocol_verified,,Jaguar I-PACE pack (90 kWh LG Chem NMC),2018+,,15.0.14,HW3.1,batterydesign.net,
Jaguar I-PACE (90 kWh),GoodWe ET hybrid solar,in_catalog,yes,protocol_verified,,Jaguar I-PACE pack (90 kWh LG Chem NMC),2018+,,15.0.14,HW3.1,batterydesign.net,
Jaguar I-PACE (90 kWh),GoodWe SBP battery inverter,in_catalog,yes,protocol_verified,,Jaguar I-PACE pack (90 kWh LG Chem NMC),2018+,,15.0.14,HW3.1,batterydesign.net,
Jaguar I-PACE (90 kWh),Growatt HV Growatt SPH,in_catalog,yes,protocol_verified,,Jaguar I-PACE pack (90 kWh LG Chem NMC),2018+,,15.0.14,HW3.1,batterydesign.net,
Jaguar I-PACE (90 kWh),Growatt HV Growatt SPH (TL3-BH-UP) (5-10kW 3P),in_catalog,yes,protocol_verified,,Jaguar I-PACE pack (90 kWh LG Chem NMC),2018+,,15.0.14,HW3.1,batterydesign.net,
Jaguar I-PACE (90 kWh),Growatt LV Growatt SPH (4.6-10) (TL3-BH) (5-10kW 3P),in_catalog,yes,protocol_verified,,Jaguar I-PACE pack (90 kWh LG Chem NMC),2018+,,15.0.14,HW3.1,batterydesign.net,
Jaguar I-PACE (90 kWh),Growatt WIT 50-100K-HU,in_catalog,yes,protocol_verified,,Jaguar I-PACE pack (90 kWh LG Chem NMC),2018+,,15.0.14,HW3.1,batterydesign.net,
Jaguar I-PACE (90 kWh),Growatt WIT 50-100K-HU (TL3-BH-UP) (5-10kW 3P),in_catalog,yes,protocol_verified,,Jaguar I-PACE pack (90 kWh LG Chem NMC),2018+,,15.0.14,HW3.1,batterydesign.net,
Jaguar I-PACE (90 kWh),Hoymiles HYT/HAT-HV,in_catalog,yes,protocol_verified,,Jaguar I-PACE pack (90 kWh LG Chem NMC),2018+,,15.0.14,HW3.1,batterydesign.net,
Jaguar I-PACE (90 kWh),Huawei SUN2000-(2-6)KTL-L1 (400V),in_catalog,yes,protocol_verified,,Jaguar I-PACE pack (90 kWh LG Chem NMC),2018+,,15.0.14,HW3.1,batterydesign.net,
Jaguar I-PACE (90 kWh),Huawei SUN2000-(3-20)K-MB0 (400V),in_catalog,yes,protocol_verified,,Jaguar I-PACE pack (90 kWh LG Chem NMC),2018+,,15.0.14,HW3.1,batterydesign.net,
Jaguar I-PACE (90 kWh),Kostal Plenticore Plus (3.0-10),in_catalog,yes,protocol_verified,,Jaguar I-PACE pack (90 kWh LG Chem NMC),2018+,,15.0.14,HW3.1,batterydesign.net,
Jaguar I-PACE (90 kWh),Maple Leaf Northern Fox H1-H3-AC1-KH,in_catalog,yes,protocol_verified,,Jaguar I-PACE pack (90 kWh LG Chem NMC),2018+,,15.0.14,HW3.1,batterydesign.net,
Jaguar I-PACE (90 kWh),SAJ H2 Hybrid (3-12)K-S2,in_catalog,yes,protocol_verified,,Jaguar I-PACE pack (90 kWh LG Chem NMC),2018+,,15.0.14,HW3.1,batterydesign.net,
Jaguar I-PACE (90 kWh),SMA Sunny Boy Smart Energy 3.6 / 4.0 / 5.0 / 6.0-50 Hybrid Inverter,in_catalog,yes,protocol_verified,,Jaguar I-PACE pack (90 kWh LG Chem NMC),2018+,,15.0.14,HW3.1,batterydesign.net,
Jaguar I-PACE (90 kWh),SMA Sunny Boy Smart Energy 3.6-6.0,in_catalog,yes,protocol_verified,,Jaguar I-PACE pack (90 kWh LG Chem NMC),2018+,,15.0.14,HW3.1,batterydesign.net,
Jaguar I-PACE (90 kWh),SMA Sunny Boy Storage 2.5,in_catalog,yes,protocol_verified,,Jaguar I-PACE pack (90 kWh LG Chem NMC),2018+,,15.0.14,HW3.1,batterydesign.net,
Jaguar I-PACE (90 kWh),SMA Sunny Boy Storage 2.5 / 3.7 / 5.0 / 6.0,in_catalog,yes,protocol_verified,,Jaguar I-PACE pack (90 kWh LG Chem NMC),2018+,,15.0.14,HW3.1,batterydesign.net,
Jaguar I-PACE (90 kWh),SMA Sunny Tripower Smart 5.0-10.0 SE,in_catalog,yes,protocol_verified,,Jaguar I-PACE pack (90 kWh LG Chem NMC),2018+,,15.0.14,HW3.1,batterydesign.net,
Jaguar I-PACE (90 kWh),SMA Sunny Tripower X,in_catalog,yes,protocol_verified,,Jaguar I-PACE pack (90 kWh LG Chem NMC),2018+,,15.0.14,HW3.1,batterydesign.net,
Jaguar I-PACE (90 kWh),Sofar 5K...20KTL-3PH,in_catalog,yes,protocol_verified,,Jaguar I-PACE pack (90 kWh LG Chem NMC),2018+,,15.0.14,HW3.1,batterydesign.net,
Jaguar I-PACE (90 kWh),Sofar HYD (3-20)KTL-3PH,in_catalog,yes,protocol_verified,,Jaguar I-PACE pack (90 kWh LG Chem NMC),2018+,,15.0.14,HW3.1,batterydesign.net,
Jaguar I-PACE (90 kWh),SolaX X1 Hybrid,in_catalog,yes,protocol_verified,,Jaguar I-PACE pack (90 kWh LG Chem NMC),2018+,,15.0.14,HW3.1,batterydesign.net,
Jaguar I-PACE (90 kWh),SolaX X1 Hybrid G4,in_catalog,yes,protocol_verified,,Jaguar I-PACE pack (90 kWh LG Chem NMC),2018+,,15.0.14,HW3.1,batterydesign.net,
Jaguar I-PACE (90 kWh),SolaX X3 Hybrid,in_catalog,yes,protocol_verified,,Jaguar I-PACE pack (90 kWh LG Chem NMC),2018+,,15.0.14,HW3.1,batterydesign.net,
Jaguar I-PACE (90 kWh),SolaX X3 Hybrid G4,in_catalog,yes,protocol_verified,,Jaguar I-PACE pack (90 kWh LG Chem NMC),2018+,,15.0.14,HW3.1,batterydesign.net,
Jaguar I-PACE (90 kWh),SolaX X3-Ultra Hybrid,in_catalog,yes,protocol_verified,,Jaguar I-PACE pack (90 kWh LG Chem NMC),2018+,,15.0.14,HW3.1,batterydesign.net,
Jaguar I-PACE (90 kWh),Solis RHI-3P(5-10)K-HVES-5G / S6-EH1P10K-H-US-APST,in_catalog,yes,protocol_verified,,Jaguar I-PACE pack (90 kWh LG Chem NMC),2018+,,15.0.14,HW3.1,batterydesign.net,
Jaguar I-PACE (90 kWh),Solis RHI-3P(5-10)K-HVES-5G / S6-EH3P-(5-10.0K)-H-EU,in_catalog,yes,protocol_verified,,Jaguar I-PACE pack (90 kWh LG Chem NMC),2018+,,15.0.14,HW3.1,batterydesign.net,
Jaguar I-PACE (90 kWh),Solis S5-EH1P (3-6) K-L (5-6 kW 1P US),in_catalog,yes,protocol_verified,,Jaguar I-PACE pack (90 kWh LG Chem NMC),2018+,,15.0.14,HW3.1,batterydesign.net,
Jaguar I-PACE (90 kWh),Solis S6-EH3P(8-15)K-H 8-15 kW 3P (5-6 kW 1P US),in_catalog,yes,protocol_verified,,Jaguar I-PACE pack (90 kWh LG Chem NMC),2018+,,15.0.14,HW3.1,batterydesign.net,
Jaguar I-PACE (90 kWh),Solxpow Solxpow X3 12-20kW,in_catalog,yes,protocol_verified,,Jaguar I-PACE pack (90 kWh LG Chem NMC),2018+,,15.0.14,HW3.1,batterydesign.net,
Jaguar I-PACE (90 kWh),Sungrow SH15T/SH20T/SH25T,in_catalog,yes,protocol_verified,,Jaguar I-PACE pack (90 kWh LG Chem NMC),2018+,,15.0.14,HW3.1,batterydesign.net,
Jaguar I-PACE (90 kWh),Sungrow SH3.0/3.6/4.0/5.0/6.0RS,in_catalog,yes,protocol_verified,,Jaguar I-PACE pack (90 kWh LG Chem NMC),2018+,,15.0.14,HW3.1,batterydesign.net,
Jaguar I-PACE (90 kWh),Sungrow SH5.0/6.0/8.0/10RT,in_catalog,yes,protocol_verified,,Jaguar I-PACE pack (90 kWh LG Chem NMC),2018+,,15.0.14,HW3.1,batterydesign.net,
Kia e-Niro 39/64kWh (39/64 kWh),Afore AF17K-THA 230V,in_catalog,yes,protocol_verified,,Kia e-Niro pack (shares Kona architecture),2018+,,15.0.14,HW3.1,batterydesign.net,
Kia e-Niro 39/64kWh (39/64 kWh),Deye SUN-(29.9-50)K-SG01HP3-EU-BM3,in_catalog,yes,protocol_verified,,Kia e-Niro pack (shares Kona architecture),2018+,,15.0.14,HW3.1,batterydesign.net,
Kia e-Niro 39/64kWh (39/64 kWh),Deye SUN-(5-20)K-SG01HP3-EU-AM2,in_catalog,yes,protocol_verified,,Kia e-Niro pack (shares Kona architecture),2018+,,15.0.14,HW3.1,batterydesign.net,
Kia e-Niro 39/64kWh (39/64 kWh),Felicity T-REX-50KHP3G01,in_catalog,yes,protocol_verified,,Kia e-Niro pack (shares Kona architecture),2018+,,15.0.14,HW3.1,batterydesign.net,
Kia e-Niro 39/64kWh (39/64 kWh),Ferroamp EnergyHub,in_catalog,yes,protocol_verified,,Kia e-Niro pack (shares Kona architecture),2018+,,15.0.14,HW3.1,batterydesign.net,
Kia e-Niro 39/64kWh (39/64 kWh),FoxESS H1/AC1,in_catalog,yes,protocol_verified,,Kia e-Niro pack (shares Kona architecture),2018+,,15.0.14,HW3.1,batterydesign.net,
Kia e-Niro 39/64kWh (39/64 kWh),FoxESS H3 Pro,in_catalog,yes,protocol_verified,,Kia e-Niro pack (shares Kona architecture),2018+,,15.0.14,HW3.1,batterydesign.net,
Kia e-Niro 39/64kWh (39/64 kWh),FoxESS H3 Smart,in_catalog,yes,protocol_verified,,Kia e-Niro pack (shares Kona architecture),2018+,,15.0.14,HW3.1,batterydesign.net,
Kia e-Niro 39/64kWh (39/64 kWh),FoxESS H3/AC3,in_catalog,yes,protocol_verified,,Kia e-Niro pack (shares Kona architecture),2018+,,15.0.14,HW3.1,batterydesign.net,
Kia e-Niro 39/64kWh (39/64 kWh),Fronius Primo Gen24 Plus,in_catalog,yes,protocol_verified,,Kia e-Niro pack (shares Kona architecture),2018+,,15.0.14,HW3.1,batterydesign.net,
Kia e-Niro 39/64kWh (39/64 kWh),Fronius Symo Gen24 Plus,in_catalog,yes,protocol_verified,,Kia e-Niro pack (shares Kona architecture),2018+,,15.0.14,HW3.1,batterydesign.net,
Kia e-Niro 39/64kWh (39/64 kWh),Fronius Symo Hybrid 3.0/4.0/5.0-3-S,in_catalog,yes,protocol_verified,,Kia e-Niro pack (shares Kona architecture),2018+,,15.0.14,HW3.1,batterydesign.net,
Kia e-Niro 39/64kWh (39/64 kWh),Fronius Verto Plus 15-33kW,in_catalog,yes,protocol_verified,,Kia e-Niro pack (shares Kona architecture),2018+,,15.0.14,HW3.1,batterydesign.net,
Kia e-Niro 39/64kWh (39/64 kWh),GoodWe A-ES hybrid inverter (America Split Phase),in_catalog,yes,protocol_verified,,Kia e-Niro pack (shares Kona architecture),2018+,,15.0.14,HW3.1,batterydesign.net,
Kia e-Niro 39/64kWh (39/64 kWh),GoodWe BH AC battery inverter,in_catalog,yes,protocol_verified,,Kia e-Niro pack (shares Kona architecture),2018+,,15.0.14,HW3.1,batterydesign.net,
Kia e-Niro 39/64kWh (39/64 kWh),GoodWe BT AC battery inverter,in_catalog,yes,protocol_verified,,Kia e-Niro pack (shares Kona architecture),2018+,,15.0.14,HW3.1,batterydesign.net,
Kia e-Niro 39/64kWh (39/64 kWh),GoodWe EH hybrid solar,in_catalog,yes,protocol_verified,,Kia e-Niro pack (shares Kona architecture),2018+,,15.0.14,HW3.1,batterydesign.net,
Kia e-Niro 39/64kWh (39/64 kWh),GoodWe EHB high voltage battery,in_catalog,yes,protocol_verified,,Kia e-Niro pack (shares Kona architecture),2018+,,15.0.14,HW3.1,batterydesign.net,
Kia e-Niro 39/64kWh (39/64 kWh),GoodWe EHB hybrid inverter (South Africa only),in_catalog,yes,protocol_verified,,Kia e-Niro pack (shares Kona architecture),2018+,,15.0.14,HW3.1,batterydesign.net,
Kia e-Niro 39/64kWh (39/64 kWh),GoodWe ES hybrid solar,in_catalog,yes,protocol_verified,,Kia e-Niro pack (shares Kona architecture),2018+,,15.0.14,HW3.1,batterydesign.net,
Kia e-Niro 39/64kWh (39/64 kWh),GoodWe ET hybrid solar,in_catalog,yes,protocol_verified,,Kia e-Niro pack (shares Kona architecture),2018+,,15.0.14,HW3.1,batterydesign.net,
Kia e-Niro 39/64kWh (39/64 kWh),GoodWe SBP battery inverter,in_catalog,yes,protocol_verified,,Kia e-Niro pack (shares Kona architecture),2018+,,15.0.14,HW3.1,batterydesign.net,
Kia e-Niro 39/64kWh (39/64 kWh),Growatt HV Growatt SPH,in_catalog,yes,protocol_verified,,Kia e-Niro pack (shares Kona architecture),2018+,,15.0.14,HW3.1,batterydesign.net,
Kia e-Niro 39/64kWh (39/64 kWh),Growatt HV Growatt SPH (TL3-BH-UP) (5-10kW 3P),in_catalog,yes,protocol_verified,,Kia e-Niro pack (shares Kona architecture),2018+,,15.0.14,HW3.1,batterydesign.net,
Kia e-Niro 39/64kWh (39/64 kWh),Growatt LV Growatt SPH (4.6-10) (TL3-BH) (5-10kW 3P),in_catalog,yes,protocol_verified,,Kia e-Niro pack (shares Kona architecture),2018+,,15.0.14,HW3.1,batterydesign.net,
Kia e-Niro 39/64kWh (39/64 kWh),Growatt WIT 50-100K-HU,in_catalog,yes,protocol_verified,,Kia e-Niro pack (shares Kona architecture),2018+,,15.0.14,HW3.1,batterydesign.net,
Kia e-Niro 39/64kWh (39/64 kWh),Growatt WIT 50-100K-HU (TL3-BH-UP) (5-10kW 3P),in_catalog,yes,protocol_verified,,Kia e-Niro pack (shares Kona architecture),2018+,,15.0.14,HW3.1,batterydesign.net,
Kia e-Niro 39/64kWh (39/64 kWh),Hoymiles HYT/HAT-HV,in_catalog,yes,protocol_verified,,Kia e-Niro pack (shares Kona architecture),2018+,,15.0.14,HW3.1,batterydesign.net,
Kia e-Niro 39/64kWh (39/64 kWh),Huawei SUN2000-(2-6)KTL-L1 (400V),in_catalog,yes,protocol_verified,,Kia e-Niro pack (shares Kona architecture),2018+,,15.0.14,HW3.1,batterydesign.net,
Kia e-Niro 39/64kWh (39/64 kWh),Huawei SUN2000-(3-20)K-MB0 (400V),in_catalog,yes,protocol_verified,,Kia e-Niro pack (shares Kona architecture),2018+,,15.0.14,HW3.1,batterydesign.net,
Kia e-Niro 39/64kWh (39/64 kWh),Kostal Plenticore Plus (3.0-10),in_catalog,yes,protocol_verified,,Kia e-Niro pack (shares Kona architecture),2018+,,15.0.14,HW3.1,batterydesign.net,
Kia e-Niro 39/64kWh (39/64 kWh),Maple Leaf Northern Fox H1-H3-AC1-KH,in_catalog,yes,protocol_verified,,Kia e-Niro pack (shares Kona architecture),2018+,,15.0.14,HW3.1,batterydesign.net,
Kia e-Niro 39/64kWh (39/64 kWh),SAJ H2 Hybrid (3-12)K-S2,in_catalog,yes,protocol_verified,,Kia e-Niro pack (shares Kona architecture),2018+,,15.0.14,HW3.1,batterydesign.net,
Kia e-Niro 39/64kWh (39/64 kWh),SMA Sunny Boy Smart Energy 3.6 / 4.0 / 5.0 / 6.0-50 Hybrid Inverter,in_catalog,yes,protocol_verified,,Kia e-Niro pack (shares Kona architecture),2018+,,15.0.14,HW3.1,batterydesign.net,
Kia e-Niro 39/64kWh (39/64 kWh),SMA Sunny Boy Smart Energy 3.6-6.0,in_catalog,yes,protocol_verified,,Kia e-Niro pack (shares Kona architecture),2018+,,15.0.14,HW3.1,batterydesign.net,
Kia e-Niro 39/64kWh (39/64 kWh),SMA Sunny Boy Storage 2.5,in_catalog,yes,protocol_verified,,Kia e-Niro pack (shares Kona architecture),2018+,,15.0.14,HW3.1,batterydesign.net,
Kia e-Niro 39/64kWh (39/64 kWh),SMA Sunny Boy Storage 2.5 / 3.7 / 5.0 / 6.0,in_catalog,yes,protocol_verified,,Kia e-Niro pack (shares Kona architecture),2018+,,15.0.14,HW3.1,batterydesign.net,
Kia e-Niro 39/64kWh (39/64 kWh),SMA Sunny Tripower Smart 5.0-10.0 SE,in_catalog,yes,protocol_verified,,Kia e-Niro pack (shares Kona architecture),2018+,,15.0.14,HW3.1,batterydesign.net,
Kia e-Niro 39/64kWh (39/64 kWh),SMA Sunny Tripower X,in_catalog,yes,protocol_verified,,Kia e-Niro pack (shares Kona architecture),2018+,,15.0.14,HW3.1,batterydesign.net,
Kia e-Niro 39/64kWh (39/64 kWh),Sofar 5K...20KTL-3PH,in_catalog,yes,protocol_verified,,Kia e-Niro pack (shares Kona architecture),2018+,,15.0.14,HW3.1,batterydesign.net,
Kia e-Niro 39/64kWh (39/64 kWh),Sofar HYD (3-20)KTL-3PH,in_catalog,yes,protocol_verified,,Kia e-Niro pack (shares Kona architecture),2018+,,15.0.14,HW3.1,batterydesign.net,
Kia e-Niro 39/64kWh (39/64 kWh),SolaX X1 Hybrid,in_catalog,yes,protocol_verified,,Kia e-Niro pack (shares Kona architecture),2018+,,15.0.14,HW3.1,batterydesign.net,
Kia e-Niro 39/64kWh (39/64 kWh),SolaX X1 Hybrid G4,in_catalog,yes,protocol_verified,,Kia e-Niro pack (shares Kona architecture),2018+,,15.0.14,HW3.1,batterydesign.net,
Kia e-Niro 39/64kWh (39/64 kWh),SolaX X3 Hybrid,in_catalog,yes,protocol_verified,,Kia e-Niro pack (shares Kona architecture),2018+,,15.0.14,HW3.1,batterydesign.net,
Kia e-Niro 39/64kWh (39/64 kWh),SolaX X3 Hybrid G4,in_catalog,yes,protocol_verified,,Kia e-Niro pack (shares Kona architecture),2018+,,15.0.14,HW3.1,batterydesign.net,
Kia e-Niro 39/64kWh (39/64 kWh),SolaX X3-Ultra Hybrid,in_catalog,yes,protocol_verified,,Kia e-Niro pack (shares Kona architecture),2018+,,15.0.14,HW3.1,batterydesign.net,
Kia e-Niro 39/64kWh (39/64 kWh),Solis RHI-3P(5-10)K-HVES-5G / S6-EH1P10K-H-US-APST,in_catalog,yes,protocol_verified,,Kia e-Niro pack (shares Kona architecture),2018+,,15.0.14,HW3.1,batterydesign.net,
Kia e-Niro 39/64kWh (39/64 kWh),Solis RHI-3P(5-10)K-HVES-5G / S6-EH3P-(5-10.0K)-H-EU,in_catalog,yes,protocol_verified,,Kia e-Niro pack (shares Kona architecture),2018+,,15.0.14,HW3.1,batterydesign.net,
Kia e-Niro 39/64kWh (39/64 kWh),Solis S5-EH1P (3-6) K-L (5-6 kW 1P US),in_catalog,yes,protocol_verified,,Kia e-Niro pack (shares Kona architecture),2018+,,15.0.14,HW3.1,batterydesign.net,
Kia e-Niro 39/64kWh (39/64 kWh),Solis S6-EH3P(8-15)K-H 8-15 kW 3P (5-6 kW 1P US),in_catalog,yes,protocol_verified,,Kia e-Niro pack (shares Kona architecture),2018+,,15.0.14,HW3.1,batterydesign.net,
Kia e-Niro 39/64kWh (39/64 kWh),Solxpow Solxpow X3 12-20kW,in_catalog,yes,protocol_verified,,Kia e-Niro pack (shares Kona architecture),2018+,,15.0.14,HW3.1,batterydesign.net,
Kia e-Niro 39/64kWh (39/64 kWh),Sungrow SH15T/SH20T/SH25T,in_catalog,yes,protocol_verified,,Kia e-Niro pack (shares Kona architecture),2018+,,15.0.14,HW3.1,batterydesign.net,
Kia e-Niro 39/64kWh (39/64 kWh),Sungrow SH3.0/3.6/4.0/5.0/6.0RS,in_catalog,yes,protocol_verified,,Kia e-Niro pack (shares Kona architecture),2018+,,15.0.14,HW3.1,batterydesign.net,
Kia e-Niro 39/64kWh (39/64 kWh),Sungrow SH5.0/6.0/8.0/10RT,in_catalog,yes,protocol_verified,,Kia e-Niro pack (shares Kona architecture),2018+,,15.0.14,HW3.1,batterydesign.net,
Kia EV6,Afore AF17K-THA 230V,in_catalog,yes,protocol_verified,,"Kia OEM 77.4 kWh 192s2p E-GMP (SK Innovation NMC pouch, 55.6 Ah cells)",2022+ Gen1 E-GMP,,15.0.14,HW3.1,batterydesign.net 2022 Kia EV6 teardown + BMS-EV production installation,
Kia EV6,Deye SUN-(29.9-50)K-SG01HP3-EU-BM3,in_catalog,yes,protocol_verified,,"Kia OEM 77.4 kWh 192s2p E-GMP (SK Innovation NMC pouch, 55.6 Ah cells)",2022+ Gen1 E-GMP,,15.0.14,HW3.1,batterydesign.net 2022 Kia EV6 teardown + BMS-EV production installation,
Kia EV6,Deye SUN-(5-20)K-SG01HP3-EU-AM2,in_catalog,yes,protocol_verified,,"Kia OEM 77.4 kWh 192s2p E-GMP (SK Innovation NMC pouch, 55.6 Ah cells)",2022+ Gen1 E-GMP,,15.0.14,HW3.1,batterydesign.net 2022 Kia EV6 teardown + BMS-EV production installation,
Kia EV6,Felicity T-REX-50KHP3G01,in_catalog,yes,protocol_verified,,"Kia OEM 77.4 kWh 192s2p E-GMP (SK Innovation NMC pouch, 55.6 Ah cells)",2022+ Gen1 E-GMP,,15.0.14,HW3.1,batterydesign.net 2022 Kia EV6 teardown + BMS-EV production installation,
Kia EV6,Ferroamp EnergyHub,in_catalog,yes,protocol_verified,,"Kia OEM 77.4 kWh 192s2p E-GMP (SK Innovation NMC pouch, 55.6 Ah cells)",2022+ Gen1 E-GMP,,15.0.14,HW3.1,batterydesign.net 2022 Kia EV6 teardown + BMS-EV production installation,
Kia EV6,FoxESS H1/AC1,in_catalog,yes,protocol_verified,,"Kia OEM 77.4 kWh 192s2p E-GMP (SK Innovation NMC pouch, 55.6 Ah cells)",2022+ Gen1 E-GMP,,15.0.14,HW3.1,batterydesign.net 2022 Kia EV6 teardown + BMS-EV production installation,
Kia EV6,FoxESS H3 Pro,in_catalog,yes,protocol_verified,,"Kia OEM 77.4 kWh 192s2p E-GMP (SK Innovation NMC pouch, 55.6 Ah cells)",2022+ Gen1 E-GMP,,15.0.14,HW3.1,batterydesign.net 2022 Kia EV6 teardown + BMS-EV production installation,
Kia EV6,FoxESS H3 Smart,in_catalog,yes,protocol_verified,,"Kia OEM 77.4 kWh 192s2p E-GMP (SK Innovation NMC pouch, 55.6 Ah cells)",2022+ Gen1 E-GMP,,15.0.14,HW3.1,batterydesign.net 2022 Kia EV6 teardown + BMS-EV production installation,
Kia EV6,FoxESS H3/AC3,in_catalog,yes,protocol_verified,,"Kia OEM 77.4 kWh 192s2p E-GMP (SK Innovation NMC pouch, 55.6 Ah cells)",2022+ Gen1 E-GMP,,15.0.14,HW3.1,batterydesign.net 2022 Kia EV6 teardown + BMS-EV production installation,
Kia EV6,Fronius Primo Gen24 Plus,in_catalog,yes,protocol_verified,,"Kia OEM 77.4 kWh 192s2p E-GMP (SK Innovation NMC pouch, 55.6 Ah cells)",2022+ Gen1 E-GMP,,15.0.14,HW3.1,batterydesign.net 2022 Kia EV6 teardown + BMS-EV production installation,
Kia EV6,Fronius Symo Gen24 Plus,in_catalog,yes,protocol_verified,,"Kia OEM 77.4 kWh 192s2p E-GMP (SK Innovation NMC pouch, 55.6 Ah cells)",2022+ Gen1 E-GMP,,15.0.14,HW3.1,batterydesign.net 2022 Kia EV6 teardown + BMS-EV production installation,
Kia EV6,Fronius Symo Hybrid 3.0/4.0/5.0-3-S,in_catalog,yes,protocol_verified,,"Kia OEM 77.4 kWh 192s2p E-GMP (SK Innovation NMC pouch, 55.6 Ah cells)",2022+ Gen1 E-GMP,,15.0.14,HW3.1,batterydesign.net 2022 Kia EV6 teardown + BMS-EV production installation,
Kia EV6,Fronius Verto Plus 15-33kW,in_catalog,yes,protocol_verified,,"Kia OEM 77.4 kWh 192s2p E-GMP (SK Innovation NMC pouch, 55.6 Ah cells)",2022+ Gen1 E-GMP,,15.0.14,HW3.1,batterydesign.net 2022 Kia EV6 teardown + BMS-EV production installation,
Kia EV6,GoodWe A-ES hybrid inverter (America Split Phase),in_catalog,yes,protocol_verified,,"Kia OEM 77.4 kWh 192s2p E-GMP (SK Innovation NMC pouch, 55.6 Ah cells)",2022+ Gen1 E-GMP,,15.0.14,HW3.1,batterydesign.net 2022 Kia EV6 teardown + BMS-EV production installation,
Kia EV6,GoodWe BH AC battery inverter,in_catalog,yes,protocol_verified,,"Kia OEM 77.4 kWh 192s2p E-GMP (SK Innovation NMC pouch, 55.6 Ah cells)",2022+ Gen1 E-GMP,,15.0.14,HW3.1,batterydesign.net 2022 Kia EV6 teardown + BMS-EV production installation,
Kia EV6,GoodWe BT AC battery inverter,in_catalog,yes,protocol_verified,,"Kia OEM 77.4 kWh 192s2p E-GMP (SK Innovation NMC pouch, 55.6 Ah cells)",2022+ Gen1 E-GMP,,15.0.14,HW3.1,batterydesign.net 2022 Kia EV6 teardown + BMS-EV production installation,
Kia EV6,GoodWe EH hybrid solar,in_catalog,yes,protocol_verified,,"Kia OEM 77.4 kWh 192s2p E-GMP (SK Innovation NMC pouch, 55.6 Ah cells)",2022+ Gen1 E-GMP,,15.0.14,HW3.1,batterydesign.net 2022 Kia EV6 teardown + BMS-EV production installation,
Kia EV6,GoodWe EHB high voltage battery,in_catalog,yes,protocol_verified,,"Kia OEM 77.4 kWh 192s2p E-GMP (SK Innovation NMC pouch, 55.6 Ah cells)",2022+ Gen1 E-GMP,,15.0.14,HW3.1,batterydesign.net 2022 Kia EV6 teardown + BMS-EV production installation,
Kia EV6,GoodWe EHB hybrid inverter (South Africa only),in_catalog,yes,protocol_verified,,"Kia OEM 77.4 kWh 192s2p E-GMP (SK Innovation NMC pouch, 55.6 Ah cells)",2022+ Gen1 E-GMP,,15.0.14,HW3.1,batterydesign.net 2022 Kia EV6 teardown + BMS-EV production installation,
Kia EV6,GoodWe ES hybrid solar,in_catalog,yes,protocol_verified,,"Kia OEM 77.4 kWh 192s2p E-GMP (SK Innovation NMC pouch, 55.6 Ah cells)",2022+ Gen1 E-GMP,,15.0.14,HW3.1,batterydesign.net 2022 Kia EV6 teardown + BMS-EV production installation,
Kia EV6,GoodWe ET hybrid solar,in_catalog,yes,protocol_verified,,"Kia OEM 77.4 kWh 192s2p E-GMP (SK Innovation NMC pouch, 55.6 Ah cells)",2022+ Gen1 E-GMP,,15.0.14,HW3.1,batterydesign.net 2022 Kia EV6 teardown + BMS-EV production installation,
Kia EV6,GoodWe SBP battery inverter,in_catalog,yes,protocol_verified,,"Kia OEM 77.4 kWh 192s2p E-GMP (SK Innovation NMC pouch, 55.6 Ah cells)",2022+ Gen1 E-GMP,,15.0.14,HW3.1,batterydesign.net 2022 Kia EV6 teardown + BMS-EV production installation,
Kia EV6,Growatt HV Growatt SPH,in_catalog,yes,protocol_verified,,"Kia OEM 77.4 kWh 192s2p E-GMP (SK Innovation NMC pouch, 55.6 Ah cells)",2022+ Gen1 E-GMP,,15.0.14,HW3.1,batterydesign.net 2022 Kia EV6 teardown + BMS-EV production installation,
Kia EV6,Growatt HV Growatt SPH (TL3-BH-UP) (5-10kW 3P),in_catalog,yes,protocol_verified,,"Kia OEM 77.4 kWh 192s2p E-GMP (SK Innovation NMC pouch, 55.6 Ah cells)",2022+ Gen1 E-GMP,,15.0.14,HW3.1,batterydesign.net 2022 Kia EV6 teardown + BMS-EV production installation,
Kia EV6,Growatt LV Growatt SPH (4.6-10) (TL3-BH) (5-10kW 3P),in_catalog,yes,protocol_verified,,"Kia OEM 77.4 kWh 192s2p E-GMP (SK Innovation NMC pouch, 55.6 Ah cells)",2022+ Gen1 E-GMP,,15.0.14,HW3.1,batterydesign.net 2022 Kia EV6 teardown + BMS-EV production installation,
Kia EV6,Growatt WIT 50-100K-HU,in_catalog,yes,protocol_verified,,"Kia OEM 77.4 kWh 192s2p E-GMP (SK Innovation NMC pouch, 55.6 Ah cells)",2022+ Gen1 E-GMP,,15.0.14,HW3.1,batterydesign.net 2022 Kia EV6 teardown + BMS-EV production installation,
Kia EV6,Growatt WIT 50-100K-HU (TL3-BH-UP) (5-10kW 3P),in_catalog,yes,protocol_verified,,"Kia OEM 77.4 kWh 192s2p E-GMP (SK Innovation NMC pouch, 55.6 Ah cells)",2022+ Gen1 E-GMP,,15.0.14,HW3.1,batterydesign.net 2022 Kia EV6 teardown + BMS-EV production installation,
Kia EV6,Hoymiles HYT/HAT-HV,in_catalog,yes,protocol_verified,,"Kia OEM 77.4 kWh 192s2p E-GMP (SK Innovation NMC pouch, 55.6 Ah cells)",2022+ Gen1 E-GMP,,15.0.14,HW3.1,batterydesign.net 2022 Kia EV6 teardown + BMS-EV production installation,
Kia EV6,Kostal Plenticore Plus (3.0-10),in_catalog,yes,protocol_verified,,"Kia OEM 77.4 kWh 192s2p E-GMP (SK Innovation NMC pouch, 55.6 Ah cells)",2022+ Gen1 E-GMP,,15.0.14,HW3.1,batterydesign.net 2022 Kia EV6 teardown + BMS-EV production installation,
Kia EV6,Maple Leaf Northern Fox H1-H3-AC1-KH,in_catalog,yes,protocol_verified,,"Kia OEM 77.4 kWh 192s2p E-GMP (SK Innovation NMC pouch, 55.6 Ah cells)",2022+ Gen1 E-GMP,,15.0.14,HW3.1,batterydesign.net 2022 Kia EV6 teardown + BMS-EV production installation,
Kia EV6,SAJ H2 Hybrid (3-12)K-S2,in_catalog,yes,protocol_verified,,"Kia OEM 77.4 kWh 192s2p E-GMP (SK Innovation NMC pouch, 55.6 Ah cells)",2022+ Gen1 E-GMP,,15.0.14,HW3.1,batterydesign.net 2022 Kia EV6 teardown + BMS-EV production installation,
Kia EV6,SMA Sunny Boy Smart Energy 3.6 / 4.0 / 5.0 / 6.0-50 Hybrid Inverter,in_catalog,yes,protocol_verified,,"Kia OEM 77.4 kWh 192s2p E-GMP (SK Innovation NMC pouch, 55.6 Ah cells)",2022+ Gen1 E-GMP,,15.0.14,HW3.1,batterydesign.net 2022 Kia EV6 teardown + BMS-EV production installation,
Kia EV6,SMA Sunny Boy Smart Energy 3.6-6.0,in_catalog,yes,protocol_verified,,"Kia OEM 77.4 kWh 192s2p E-GMP (SK Innovation NMC pouch, 55.6 Ah cells)",2022+ Gen1 E-GMP,,15.0.14,HW3.1,batterydesign.net 2022 Kia EV6 teardown + BMS-EV production installation,
Kia EV6,SMA Sunny Boy Storage 2.5,in_catalog,yes,protocol_verified,,"Kia OEM 77.4 kWh 192s2p E-GMP (SK Innovation NMC pouch, 55.6 Ah cells)",2022+ Gen1 E-GMP,,15.0.14,HW3.1,batterydesign.net 2022 Kia EV6 teardown + BMS-EV production installation,
Kia EV6,SMA Sunny Boy Storage 2.5 / 3.7 / 5.0 / 6.0,in_catalog,yes,protocol_verified,,"Kia OEM 77.4 kWh 192s2p E-GMP (SK Innovation NMC pouch, 55.6 Ah cells)",2022+ Gen1 E-GMP,,15.0.14,HW3.1,batterydesign.net 2022 Kia EV6 teardown + BMS-EV production installation,
Kia EV6,SMA Sunny Tripower Smart 5.0-10.0 SE,in_catalog,yes,protocol_verified,,"Kia OEM 77.4 kWh 192s2p E-GMP (SK Innovation NMC pouch, 55.6 Ah cells)",2022+ Gen1 E-GMP,,15.0.14,HW3.1,batterydesign.net 2022 Kia EV6 teardown + BMS-EV production installation,
Kia EV6,SMA Sunny Tripower X,in_catalog,yes,protocol_verified,,"Kia OEM 77.4 kWh 192s2p E-GMP (SK Innovation NMC pouch, 55.6 Ah cells)",2022+ Gen1 E-GMP,,15.0.14,HW3.1,batterydesign.net 2022 Kia EV6 teardown + BMS-EV production installation,
Kia EV6,Sofar 5K...20KTL-3PH,in_catalog,yes,protocol_verified,,"Kia OEM 77.4 kWh 192s2p E-GMP (SK Innovation NMC pouch, 55.6 Ah cells)",2022+ Gen1 E-GMP,,15.0.14,HW3.1,batterydesign.net 2022 Kia EV6 teardown + BMS-EV production installation,
Kia EV6,Sofar HYD (3-20)KTL-3PH,in_catalog,yes,field_verified,2026-07,"Kia OEM 77.4 kWh 192s2p E-GMP (SK Innovation NMC pouch, 55.6 Ah cells)",2022+ Gen1 E-GMP,ARM V010 / DSP V010,15.0.14,HW3.1,PV Magazine Deutschland July 2026 + BMS-EV production installation,Case study: docs.bms-ev.com/batteries/hyundai-kia-egmp/#kia-ev6-sofar-case-study
Kia EV6,SolaX X1 Hybrid,in_catalog,yes,protocol_verified,,"Kia OEM 77.4 kWh 192s2p E-GMP (SK Innovation NMC pouch, 55.6 Ah cells)",2022+ Gen1 E-GMP,,15.0.14,HW3.1,batterydesign.net 2022 Kia EV6 teardown + BMS-EV production installation,
Kia EV6,SolaX X1 Hybrid G4,in_catalog,yes,protocol_verified,,"Kia OEM 77.4 kWh 192s2p E-GMP (SK Innovation NMC pouch, 55.6 Ah cells)",2022+ Gen1 E-GMP,,15.0.14,HW3.1,batterydesign.net 2022 Kia EV6 teardown + BMS-EV production installation,
Kia EV6,SolaX X3 Hybrid,in_catalog,yes,protocol_verified,,"Kia OEM 77.4 kWh 192s2p E-GMP (SK Innovation NMC pouch, 55.6 Ah cells)",2022+ Gen1 E-GMP,,15.0.14,HW3.1,batterydesign.net 2022 Kia EV6 teardown + BMS-EV production installation,
Kia EV6,SolaX X3 Hybrid G4,in_catalog,yes,protocol_verified,,"Kia OEM 77.4 kWh 192s2p E-GMP (SK Innovation NMC pouch, 55.6 Ah cells)",2022+ Gen1 E-GMP,,15.0.14,HW3.1,batterydesign.net 2022 Kia EV6 teardown + BMS-EV production installation,
Kia EV6,SolaX X3-Ultra Hybrid,in_catalog,yes,protocol_verified,,"Kia OEM 77.4 kWh 192s2p E-GMP (SK Innovation NMC pouch, 55.6 Ah cells)",2022+ Gen1 E-GMP,,15.0.14,HW3.1,batterydesign.net 2022 Kia EV6 teardown + BMS-EV production installation,
Kia EV6,Solis RHI-3P(5-10)K-HVES-5G / S6-EH1P10K-H-US-APST,in_catalog,yes,protocol_verified,,"Kia OEM 77.4 kWh 192s2p E-GMP (SK Innovation NMC pouch, 55.6 Ah cells)",2022+ Gen1 E-GMP,,15.0.14,HW3.1,batterydesign.net 2022 Kia EV6 teardown + BMS-EV production installation,
Kia EV6,Solis RHI-3P(5-10)K-HVES-5G / S6-EH3P-(5-10.0K)-H-EU,in_catalog,yes,protocol_verified,,"Kia OEM 77.4 kWh 192s2p E-GMP (SK Innovation NMC pouch, 55.6 Ah cells)",2022+ Gen1 E-GMP,,15.0.14,HW3.1,batterydesign.net 2022 Kia EV6 teardown + BMS-EV production installation,
Kia EV6,Solis S5-EH1P (3-6) K-L (5-6 kW 1P US),in_catalog,yes,protocol_verified,,"Kia OEM 77.4 kWh 192s2p E-GMP (SK Innovation NMC pouch, 55.6 Ah cells)",2022+ Gen1 E-GMP,,15.0.14,HW3.1,batterydesign.net 2022 Kia EV6 teardown + BMS-EV production installation,
Kia EV6,Solis S6-EH3P(8-15)K-H 8-15 kW 3P (5-6 kW 1P US),in_catalog,yes,protocol_verified,,"Kia OEM 77.4 kWh 192s2p E-GMP (SK Innovation NMC pouch, 55.6 Ah cells)",2022+ Gen1 E-GMP,,15.0.14,HW3.1,batterydesign.net 2022 Kia EV6 teardown + BMS-EV production installation,
Kia EV6,Solxpow Solxpow X3 12-20kW,in_catalog,yes,protocol_verified,,"Kia OEM 77.4 kWh 192s2p E-GMP (SK Innovation NMC pouch, 55.6 Ah cells)",2022+ Gen1 E-GMP,,15.0.14,HW3.1,batterydesign.net 2022 Kia EV6 teardown + BMS-EV production installation,
Kia EV6,Sungrow SH15T/SH20T/SH25T,in_catalog,yes,protocol_verified,,"Kia OEM 77.4 kWh 192s2p E-GMP (SK Innovation NMC pouch, 55.6 Ah cells)",2022+ Gen1 E-GMP,,15.0.14,HW3.1,batterydesign.net 2022 Kia EV6 teardown + BMS-EV production installation,
Kia EV6,Sungrow SH3.0/3.6/4.0/5.0/6.0RS,in_catalog,yes,protocol_verified,,"Kia OEM 77.4 kWh 192s2p E-GMP (SK Innovation NMC pouch, 55.6 Ah cells)",2022+ Gen1 E-GMP,,15.0.14,HW3.1,batterydesign.net 2022 Kia EV6 teardown + BMS-EV production installation,
Kia EV6,Sungrow SH5.0/6.0/8.0/10RT,in_catalog,yes,protocol_verified,,"Kia OEM 77.4 kWh 192s2p E-GMP (SK Innovation NMC pouch, 55.6 Ah cells)",2022+ Gen1 E-GMP,,15.0.14,HW3.1,batterydesign.net 2022 Kia EV6 teardown + BMS-EV production installation,
Kia Niro Hybrid (2/9 kWh),Afore AF17K-THA 230V,in_catalog,yes,in_catalog,,,,,15.0.14,HW3.1,BMS-EV firmware supports this pair based on protocol translation,
Kia Niro Hybrid (2/9 kWh),Deye SUN-(29.9-50)K-SG01HP3-EU-BM3,in_catalog,yes,in_catalog,,,,,15.0.14,HW3.1,BMS-EV firmware supports this pair based on protocol translation,
Kia Niro Hybrid (2/9 kWh),Deye SUN-(5-20)K-SG01HP3-EU-AM2,in_catalog,yes,in_catalog,,,,,15.0.14,HW3.1,BMS-EV firmware supports this pair based on protocol translation,
Kia Niro Hybrid (2/9 kWh),Felicity T-REX-50KHP3G01,in_catalog,yes,in_catalog,,,,,15.0.14,HW3.1,BMS-EV firmware supports this pair based on protocol translation,
Kia Niro Hybrid (2/9 kWh),Ferroamp EnergyHub,in_catalog,yes,in_catalog,,,,,15.0.14,HW3.1,BMS-EV firmware supports this pair based on protocol translation,
Kia Niro Hybrid (2/9 kWh),FoxESS H1/AC1,in_catalog,yes,in_catalog,,,,,15.0.14,HW3.1,BMS-EV firmware supports this pair based on protocol translation,
Kia Niro Hybrid (2/9 kWh),FoxESS H3 Pro,in_catalog,yes,in_catalog,,,,,15.0.14,HW3.1,BMS-EV firmware supports this pair based on protocol translation,
Kia Niro Hybrid (2/9 kWh),FoxESS H3 Smart,in_catalog,yes,in_catalog,,,,,15.0.14,HW3.1,BMS-EV firmware supports this pair based on protocol translation,
Kia Niro Hybrid (2/9 kWh),FoxESS H3/AC3,in_catalog,yes,in_catalog,,,,,15.0.14,HW3.1,BMS-EV firmware supports this pair based on protocol translation,
Kia Niro Hybrid (2/9 kWh),Fronius Primo Gen24 Plus,in_catalog,yes,in_catalog,,,,,15.0.14,HW3.1,BMS-EV firmware supports this pair based on protocol translation,
Kia Niro Hybrid (2/9 kWh),Fronius Symo Gen24 Plus,in_catalog,yes,in_catalog,,,,,15.0.14,HW3.1,BMS-EV firmware supports this pair based on protocol translation,
Kia Niro Hybrid (2/9 kWh),Fronius Symo Hybrid 3.0/4.0/5.0-3-S,in_catalog,yes,in_catalog,,,,,15.0.14,HW3.1,BMS-EV firmware supports this pair based on protocol translation,
Kia Niro Hybrid (2/9 kWh),Fronius Verto Plus 15-33kW,in_catalog,yes,in_catalog,,,,,15.0.14,HW3.1,BMS-EV firmware supports this pair based on protocol translation,
Kia Niro Hybrid (2/9 kWh),GoodWe A-ES hybrid inverter (America Split Phase),in_catalog,yes,in_catalog,,,,,15.0.14,HW3.1,BMS-EV firmware supports this pair based on protocol translation,
Kia Niro Hybrid (2/9 kWh),GoodWe BH AC battery inverter,in_catalog,yes,in_catalog,,,,,15.0.14,HW3.1,BMS-EV firmware supports this pair based on protocol translation,
Kia Niro Hybrid (2/9 kWh),GoodWe BT AC battery inverter,in_catalog,yes,in_catalog,,,,,15.0.14,HW3.1,BMS-EV firmware supports this pair based on protocol translation,
Kia Niro Hybrid (2/9 kWh),GoodWe EH hybrid solar,in_catalog,yes,in_catalog,,,,,15.0.14,HW3.1,BMS-EV firmware supports this pair based on protocol translation,
Kia Niro Hybrid (2/9 kWh),GoodWe EHB high voltage battery,in_catalog,yes,in_catalog,,,,,15.0.14,HW3.1,BMS-EV firmware supports this pair based on protocol translation,
Kia Niro Hybrid (2/9 kWh),GoodWe EHB hybrid inverter (South Africa only),in_catalog,yes,in_catalog,,,,,15.0.14,HW3.1,BMS-EV firmware supports this pair based on protocol translation,
Kia Niro Hybrid (2/9 kWh),GoodWe ES hybrid solar,in_catalog,yes,in_catalog,,,,,15.0.14,HW3.1,BMS-EV firmware supports this pair based on protocol translation,
Kia Niro Hybrid (2/9 kWh),GoodWe ET hybrid solar,in_catalog,yes,in_catalog,,,,,15.0.14,HW3.1,BMS-EV firmware supports this pair based on protocol translation,
Kia Niro Hybrid (2/9 kWh),GoodWe SBP battery inverter,in_catalog,yes,in_catalog,,,,,15.0.14,HW3.1,BMS-EV firmware supports this pair based on protocol translation,
Kia Niro Hybrid (2/9 kWh),Growatt HV Growatt SPH,in_catalog,yes,in_catalog,,,,,15.0.14,HW3.1,BMS-EV firmware supports this pair based on protocol translation,
Kia Niro Hybrid (2/9 kWh),Growatt HV Growatt SPH (TL3-BH-UP) (5-10kW 3P),in_catalog,yes,in_catalog,,,,,15.0.14,HW3.1,BMS-EV firmware supports this pair based on protocol translation,
Kia Niro Hybrid (2/9 kWh),Growatt LV Growatt SPH (4.6-10) (TL3-BH) (5-10kW 3P),in_catalog,yes,in_catalog,,,,,15.0.14,HW3.1,BMS-EV firmware supports this pair based on protocol translation,
Kia Niro Hybrid (2/9 kWh),Growatt WIT 50-100K-HU,in_catalog,yes,in_catalog,,,,,15.0.14,HW3.1,BMS-EV firmware supports this pair based on protocol translation,
Kia Niro Hybrid (2/9 kWh),Growatt WIT 50-100K-HU (TL3-BH-UP) (5-10kW 3P),in_catalog,yes,in_catalog,,,,,15.0.14,HW3.1,BMS-EV firmware supports this pair based on protocol translation,
Kia Niro Hybrid (2/9 kWh),Hoymiles HYT/HAT-HV,in_catalog,yes,in_catalog,,,,,15.0.14,HW3.1,BMS-EV firmware supports this pair based on protocol translation,
Kia Niro Hybrid (2/9 kWh),Huawei SUN2000-(2-6)KTL-L1 (400V),in_catalog,yes,in_catalog,,,,,15.0.14,HW3.1,BMS-EV firmware supports this pair based on protocol translation,
Kia Niro Hybrid (2/9 kWh),Huawei SUN2000-(3-20)K-MB0 (400V),in_catalog,yes,in_catalog,,,,,15.0.14,HW3.1,BMS-EV firmware supports this pair based on protocol translation,
Kia Niro Hybrid (2/9 kWh),Kostal Plenticore Plus (3.0-10),in_catalog,yes,in_catalog,,,,,15.0.14,HW3.1,BMS-EV firmware supports this pair based on protocol translation,
Kia Niro Hybrid (2/9 kWh),Maple Leaf Northern Fox H1-H3-AC1-KH,in_catalog,yes,in_catalog,,,,,15.0.14,HW3.1,BMS-EV firmware supports this pair based on protocol translation,
Kia Niro Hybrid (2/9 kWh),SAJ H2 Hybrid (3-12)K-S2,in_catalog,yes,in_catalog,,,,,15.0.14,HW3.1,BMS-EV firmware supports this pair based on protocol translation,
Kia Niro Hybrid (2/9 kWh),SMA Sunny Boy Smart Energy 3.6 / 4.0 / 5.0 / 6.0-50 Hybrid Inverter,in_catalog,yes,in_catalog,,,,,15.0.14,HW3.1,BMS-EV firmware supports this pair based on protocol translation,
Kia Niro Hybrid (2/9 kWh),SMA Sunny Boy Smart Energy 3.6-6.0,in_catalog,yes,in_catalog,,,,,15.0.14,HW3.1,BMS-EV firmware supports this pair based on protocol translation,
Kia Niro Hybrid (2/9 kWh),SMA Sunny Boy Storage 2.5,in_catalog,yes,in_catalog,,,,,15.0.14,HW3.1,BMS-EV firmware supports this pair based on protocol translation,
Kia Niro Hybrid (2/9 kWh),SMA Sunny Boy Storage 2.5 / 3.7 / 5.0 / 6.0,in_catalog,yes,in_catalog,,,,,15.0.14,HW3.1,BMS-EV firmware supports this pair based on protocol translation,
Kia Niro Hybrid (2/9 kWh),SMA Sunny Tripower Smart 5.0-10.0 SE,in_catalog,yes,in_catalog,,,,,15.0.14,HW3.1,BMS-EV firmware supports this pair based on protocol translation,
Kia Niro Hybrid (2/9 kWh),SMA Sunny Tripower X,in_catalog,yes,in_catalog,,,,,15.0.14,HW3.1,BMS-EV firmware supports this pair based on protocol translation,
Kia Niro Hybrid (2/9 kWh),Sofar 5K...20KTL-3PH,in_catalog,yes,in_catalog,,,,,15.0.14,HW3.1,BMS-EV firmware supports this pair based on protocol translation,
Kia Niro Hybrid (2/9 kWh),Sofar HYD (3-20)KTL-3PH,in_catalog,yes,in_catalog,,,,,15.0.14,HW3.1,BMS-EV firmware supports this pair based on protocol translation,
Kia Niro Hybrid (2/9 kWh),SolaX X1 Hybrid,in_catalog,yes,in_catalog,,,,,15.0.14,HW3.1,BMS-EV firmware supports this pair based on protocol translation,
Kia Niro Hybrid (2/9 kWh),SolaX X1 Hybrid G4,in_catalog,yes,in_catalog,,,,,15.0.14,HW3.1,BMS-EV firmware supports this pair based on protocol translation,
Kia Niro Hybrid (2/9 kWh),SolaX X3 Hybrid,in_catalog,yes,in_catalog,,,,,15.0.14,HW3.1,BMS-EV firmware supports this pair based on protocol translation,
Kia Niro Hybrid (2/9 kWh),SolaX X3 Hybrid G4,in_catalog,yes,in_catalog,,,,,15.0.14,HW3.1,BMS-EV firmware supports this pair based on protocol translation,
Kia Niro Hybrid (2/9 kWh),SolaX X3-Ultra Hybrid,in_catalog,yes,in_catalog,,,,,15.0.14,HW3.1,BMS-EV firmware supports this pair based on protocol translation,
Kia Niro Hybrid (2/9 kWh),Solis RHI-3P(5-10)K-HVES-5G / S6-EH1P10K-H-US-APST,in_catalog,yes,in_catalog,,,,,15.0.14,HW3.1,BMS-EV firmware supports this pair based on protocol translation,
Kia Niro Hybrid (2/9 kWh),Solis RHI-3P(5-10)K-HVES-5G / S6-EH3P-(5-10.0K)-H-EU,in_catalog,yes,in_catalog,,,,,15.0.14,HW3.1,BMS-EV firmware supports this pair based on protocol translation,
Kia Niro Hybrid (2/9 kWh),Solis S5-EH1P (3-6) K-L (5-6 kW 1P US),in_catalog,yes,in_catalog,,,,,15.0.14,HW3.1,BMS-EV firmware supports this pair based on protocol translation,
Kia Niro Hybrid (2/9 kWh),Solis S6-EH3P(8-15)K-H 8-15 kW 3P (5-6 kW 1P US),in_catalog,yes,in_catalog,,,,,15.0.14,HW3.1,BMS-EV firmware supports this pair based on protocol translation,
Kia Niro Hybrid (2/9 kWh),Solxpow Solxpow X3 12-20kW,in_catalog,yes,in_catalog,,,,,15.0.14,HW3.1,BMS-EV firmware supports this pair based on protocol translation,
Kia Niro Hybrid (2/9 kWh),Sungrow SH15T/SH20T/SH25T,in_catalog,yes,in_catalog,,,,,15.0.14,HW3.1,BMS-EV firmware supports this pair based on protocol translation,
Kia Niro Hybrid (2/9 kWh),Sungrow SH3.0/3.6/4.0/5.0/6.0RS,in_catalog,yes,in_catalog,,,,,15.0.14,HW3.1,BMS-EV firmware supports this pair based on protocol translation,
Kia Niro Hybrid (2/9 kWh),Sungrow SH5.0/6.0/8.0/10RT,in_catalog,yes,in_catalog,,,,,15.0.14,HW3.1,BMS-EV firmware supports this pair based on protocol translation,
MG HS PHEV (16 kWh),Afore AF17K-THA 230V,in_catalog,yes,in_catalog,,,,,15.0.14,HW3.1,BMS-EV firmware supports this pair based on protocol translation,
MG HS PHEV (16 kWh),Deye SUN-(29.9-50)K-SG01HP3-EU-BM3,in_catalog,yes,in_catalog,,,,,15.0.14,HW3.1,BMS-EV firmware supports this pair based on protocol translation,
MG HS PHEV (16 kWh),Deye SUN-(5-20)K-SG01HP3-EU-AM2,in_catalog,yes,in_catalog,,,,,15.0.14,HW3.1,BMS-EV firmware supports this pair based on protocol translation,
MG HS PHEV (16 kWh),Felicity T-REX-50KHP3G01,in_catalog,yes,in_catalog,,,,,15.0.14,HW3.1,BMS-EV firmware supports this pair based on protocol translation,
MG HS PHEV (16 kWh),Ferroamp EnergyHub,in_catalog,yes,in_catalog,,,,,15.0.14,HW3.1,BMS-EV firmware supports this pair based on protocol translation,
MG HS PHEV (16 kWh),FoxESS H1/AC1,in_catalog,yes,in_catalog,,,,,15.0.14,HW3.1,BMS-EV firmware supports this pair based on protocol translation,
MG HS PHEV (16 kWh),FoxESS H3 Pro,in_catalog,yes,in_catalog,,,,,15.0.14,HW3.1,BMS-EV firmware supports this pair based on protocol translation,
MG HS PHEV (16 kWh),FoxESS H3 Smart,in_catalog,yes,in_catalog,,,,,15.0.14,HW3.1,BMS-EV firmware supports this pair based on protocol translation,
MG HS PHEV (16 kWh),FoxESS H3/AC3,in_catalog,yes,in_catalog,,,,,15.0.14,HW3.1,BMS-EV firmware supports this pair based on protocol translation,
MG HS PHEV (16 kWh),Fronius Primo Gen24 Plus,in_catalog,yes,in_catalog,,,,,15.0.14,HW3.1,BMS-EV firmware supports this pair based on protocol translation,
MG HS PHEV (16 kWh),Fronius Symo Gen24 Plus,in_catalog,yes,in_catalog,,,,,15.0.14,HW3.1,BMS-EV firmware supports this pair based on protocol translation,
MG HS PHEV (16 kWh),Fronius Symo Hybrid 3.0/4.0/5.0-3-S,in_catalog,yes,in_catalog,,,,,15.0.14,HW3.1,BMS-EV firmware supports this pair based on protocol translation,
MG HS PHEV (16 kWh),Fronius Verto Plus 15-33kW,in_catalog,yes,in_catalog,,,,,15.0.14,HW3.1,BMS-EV firmware supports this pair based on protocol translation,
MG HS PHEV (16 kWh),GoodWe A-ES hybrid inverter (America Split Phase),in_catalog,yes,in_catalog,,,,,15.0.14,HW3.1,BMS-EV firmware supports this pair based on protocol translation,
MG HS PHEV (16 kWh),GoodWe BH AC battery inverter,in_catalog,yes,in_catalog,,,,,15.0.14,HW3.1,BMS-EV firmware supports this pair based on protocol translation,
MG HS PHEV (16 kWh),GoodWe BT AC battery inverter,in_catalog,yes,in_catalog,,,,,15.0.14,HW3.1,BMS-EV firmware supports this pair based on protocol translation,
MG HS PHEV (16 kWh),GoodWe EH hybrid solar,in_catalog,yes,in_catalog,,,,,15.0.14,HW3.1,BMS-EV firmware supports this pair based on protocol translation,
MG HS PHEV (16 kWh),GoodWe EHB high voltage battery,in_catalog,yes,in_catalog,,,,,15.0.14,HW3.1,BMS-EV firmware supports this pair based on protocol translation,
MG HS PHEV (16 kWh),GoodWe EHB hybrid inverter (South Africa only),in_catalog,yes,in_catalog,,,,,15.0.14,HW3.1,BMS-EV firmware supports this pair based on protocol translation,
MG HS PHEV (16 kWh),GoodWe ES hybrid solar,in_catalog,yes,in_catalog,,,,,15.0.14,HW3.1,BMS-EV firmware supports this pair based on protocol translation,
MG HS PHEV (16 kWh),GoodWe ET hybrid solar,in_catalog,yes,in_catalog,,,,,15.0.14,HW3.1,BMS-EV firmware supports this pair based on protocol translation,
MG HS PHEV (16 kWh),GoodWe SBP battery inverter,in_catalog,yes,in_catalog,,,,,15.0.14,HW3.1,BMS-EV firmware supports this pair based on protocol translation,
MG HS PHEV (16 kWh),Growatt HV Growatt SPH,in_catalog,yes,in_catalog,,,,,15.0.14,HW3.1,BMS-EV firmware supports this pair based on protocol translation,
MG HS PHEV (16 kWh),Growatt HV Growatt SPH (TL3-BH-UP) (5-10kW 3P),in_catalog,yes,in_catalog,,,,,15.0.14,HW3.1,BMS-EV firmware supports this pair based on protocol translation,
MG HS PHEV (16 kWh),Growatt LV Growatt SPH (4.6-10) (TL3-BH) (5-10kW 3P),in_catalog,yes,in_catalog,,,,,15.0.14,HW3.1,BMS-EV firmware supports this pair based on protocol translation,
MG HS PHEV (16 kWh),Growatt WIT 50-100K-HU,in_catalog,yes,in_catalog,,,,,15.0.14,HW3.1,BMS-EV firmware supports this pair based on protocol translation,
MG HS PHEV (16 kWh),Growatt WIT 50-100K-HU (TL3-BH-UP) (5-10kW 3P),in_catalog,yes,in_catalog,,,,,15.0.14,HW3.1,BMS-EV firmware supports this pair based on protocol translation,
MG HS PHEV (16 kWh),Hoymiles HYT/HAT-HV,in_catalog,yes,in_catalog,,,,,15.0.14,HW3.1,BMS-EV firmware supports this pair based on protocol translation,
MG HS PHEV (16 kWh),Huawei SUN2000-(2-6)KTL-L1 (400V),in_catalog,yes,in_catalog,,,,,15.0.14,HW3.1,BMS-EV firmware supports this pair based on protocol translation,
MG HS PHEV (16 kWh),Huawei SUN2000-(3-20)K-MB0 (400V),in_catalog,yes,in_catalog,,,,,15.0.14,HW3.1,BMS-EV firmware supports this pair based on protocol translation,
MG HS PHEV (16 kWh),Kostal Plenticore Plus (3.0-10),in_catalog,yes,in_catalog,,,,,15.0.14,HW3.1,BMS-EV firmware supports this pair based on protocol translation,
MG HS PHEV (16 kWh),Maple Leaf Northern Fox H1-H3-AC1-KH,in_catalog,yes,in_catalog,,,,,15.0.14,HW3.1,BMS-EV firmware supports this pair based on protocol translation,
MG HS PHEV (16 kWh),SAJ H2 Hybrid (3-12)K-S2,in_catalog,yes,in_catalog,,,,,15.0.14,HW3.1,BMS-EV firmware supports this pair based on protocol translation,
MG HS PHEV (16 kWh),SMA Sunny Boy Smart Energy 3.6 / 4.0 / 5.0 / 6.0-50 Hybrid Inverter,in_catalog,yes,in_catalog,,,,,15.0.14,HW3.1,BMS-EV firmware supports this pair based on protocol translation,
MG HS PHEV (16 kWh),SMA Sunny Boy Smart Energy 3.6-6.0,in_catalog,yes,in_catalog,,,,,15.0.14,HW3.1,BMS-EV firmware supports this pair based on protocol translation,
MG HS PHEV (16 kWh),SMA Sunny Boy Storage 2.5,in_catalog,yes,in_catalog,,,,,15.0.14,HW3.1,BMS-EV firmware supports this pair based on protocol translation,
MG HS PHEV (16 kWh),SMA Sunny Boy Storage 2.5 / 3.7 / 5.0 / 6.0,in_catalog,yes,in_catalog,,,,,15.0.14,HW3.1,BMS-EV firmware supports this pair based on protocol translation,
MG HS PHEV (16 kWh),SMA Sunny Tripower Smart 5.0-10.0 SE,in_catalog,yes,in_catalog,,,,,15.0.14,HW3.1,BMS-EV firmware supports this pair based on protocol translation,
MG HS PHEV (16 kWh),SMA Sunny Tripower X,in_catalog,yes,in_catalog,,,,,15.0.14,HW3.1,BMS-EV firmware supports this pair based on protocol translation,
MG HS PHEV (16 kWh),Sofar 5K...20KTL-3PH,in_catalog,yes,in_catalog,,,,,15.0.14,HW3.1,BMS-EV firmware supports this pair based on protocol translation,
MG HS PHEV (16 kWh),Sofar HYD (3-20)KTL-3PH,in_catalog,yes,in_catalog,,,,,15.0.14,HW3.1,BMS-EV firmware supports this pair based on protocol translation,
MG HS PHEV (16 kWh),SolaX X1 Hybrid,in_catalog,yes,in_catalog,,,,,15.0.14,HW3.1,BMS-EV firmware supports this pair based on protocol translation,
MG HS PHEV (16 kWh),SolaX X1 Hybrid G4,in_catalog,yes,in_catalog,,,,,15.0.14,HW3.1,BMS-EV firmware supports this pair based on protocol translation,
MG HS PHEV (16 kWh),SolaX X3 Hybrid,in_catalog,yes,in_catalog,,,,,15.0.14,HW3.1,BMS-EV firmware supports this pair based on protocol translation,
MG HS PHEV (16 kWh),SolaX X3 Hybrid G4,in_catalog,yes,in_catalog,,,,,15.0.14,HW3.1,BMS-EV firmware supports this pair based on protocol translation,
MG HS PHEV (16 kWh),SolaX X3-Ultra Hybrid,in_catalog,yes,in_catalog,,,,,15.0.14,HW3.1,BMS-EV firmware supports this pair based on protocol translation,
MG HS PHEV (16 kWh),Solis RHI-3P(5-10)K-HVES-5G / S6-EH1P10K-H-US-APST,in_catalog,yes,in_catalog,,,,,15.0.14,HW3.1,BMS-EV firmware supports this pair based on protocol translation,
MG HS PHEV (16 kWh),Solis RHI-3P(5-10)K-HVES-5G / S6-EH3P-(5-10.0K)-H-EU,in_catalog,yes,in_catalog,,,,,15.0.14,HW3.1,BMS-EV firmware supports this pair based on protocol translation,
MG HS PHEV (16 kWh),Solis S5-EH1P (3-6) K-L (5-6 kW 1P US),in_catalog,yes,in_catalog,,,,,15.0.14,HW3.1,BMS-EV firmware supports this pair based on protocol translation,
MG HS PHEV (16 kWh),Solis S6-EH3P(8-15)K-H 8-15 kW 3P (5-6 kW 1P US),in_catalog,yes,in_catalog,,,,,15.0.14,HW3.1,BMS-EV firmware supports this pair based on protocol translation,
MG HS PHEV (16 kWh),Solxpow Solxpow X3 12-20kW,in_catalog,yes,in_catalog,,,,,15.0.14,HW3.1,BMS-EV firmware supports this pair based on protocol translation,
MG HS PHEV (16 kWh),Sungrow SH15T/SH20T/SH25T,in_catalog,yes,in_catalog,,,,,15.0.14,HW3.1,BMS-EV firmware supports this pair based on protocol translation,
MG HS PHEV (16 kWh),Sungrow SH3.0/3.6/4.0/5.0/6.0RS,in_catalog,yes,in_catalog,,,,,15.0.14,HW3.1,BMS-EV firmware supports this pair based on protocol translation,
MG HS PHEV (16 kWh),Sungrow SH5.0/6.0/8.0/10RT,in_catalog,yes,in_catalog,,,,,15.0.14,HW3.1,BMS-EV firmware supports this pair based on protocol translation,
MG MG ZS EV (44/72 kWh),Afore AF17K-THA 230V,in_catalog,yes,in_catalog,,,,,15.0.14,HW3.1,BMS-EV firmware supports this pair based on protocol translation,
MG MG ZS EV (44/72 kWh),Deye SUN-(29.9-50)K-SG01HP3-EU-BM3,in_catalog,yes,in_catalog,,,,,15.0.14,HW3.1,BMS-EV firmware supports this pair based on protocol translation,
MG MG ZS EV (44/72 kWh),Deye SUN-(5-20)K-SG01HP3-EU-AM2,in_catalog,yes,in_catalog,,,,,15.0.14,HW3.1,BMS-EV firmware supports this pair based on protocol translation,
MG MG ZS EV (44/72 kWh),Felicity T-REX-50KHP3G01,in_catalog,yes,in_catalog,,,,,15.0.14,HW3.1,BMS-EV firmware supports this pair based on protocol translation,
MG MG ZS EV (44/72 kWh),Ferroamp EnergyHub,in_catalog,yes,in_catalog,,,,,15.0.14,HW3.1,BMS-EV firmware supports this pair based on protocol translation,
MG MG ZS EV (44/72 kWh),FoxESS H1/AC1,in_catalog,yes,in_catalog,,,,,15.0.14,HW3.1,BMS-EV firmware supports this pair based on protocol translation,
MG MG ZS EV (44/72 kWh),FoxESS H3 Pro,in_catalog,yes,in_catalog,,,,,15.0.14,HW3.1,BMS-EV firmware supports this pair based on protocol translation,
MG MG ZS EV (44/72 kWh),FoxESS H3 Smart,in_catalog,yes,in_catalog,,,,,15.0.14,HW3.1,BMS-EV firmware supports this pair based on protocol translation,
MG MG ZS EV (44/72 kWh),FoxESS H3/AC3,in_catalog,yes,in_catalog,,,,,15.0.14,HW3.1,BMS-EV firmware supports this pair based on protocol translation,
MG MG ZS EV (44/72 kWh),Fronius Primo Gen24 Plus,in_catalog,yes,in_catalog,,,,,15.0.14,HW3.1,BMS-EV firmware supports this pair based on protocol translation,
MG MG ZS EV (44/72 kWh),Fronius Symo Gen24 Plus,in_catalog,yes,in_catalog,,,,,15.0.14,HW3.1,BMS-EV firmware supports this pair based on protocol translation,
MG MG ZS EV (44/72 kWh),Fronius Symo Hybrid 3.0/4.0/5.0-3-S,in_catalog,yes,in_catalog,,,,,15.0.14,HW3.1,BMS-EV firmware supports this pair based on protocol translation,
MG MG ZS EV (44/72 kWh),Fronius Verto Plus 15-33kW,in_catalog,yes,in_catalog,,,,,15.0.14,HW3.1,BMS-EV firmware supports this pair based on protocol translation,
MG MG ZS EV (44/72 kWh),GoodWe A-ES hybrid inverter (America Split Phase),in_catalog,yes,in_catalog,,,,,15.0.14,HW3.1,BMS-EV firmware supports this pair based on protocol translation,
MG MG ZS EV (44/72 kWh),GoodWe BH AC battery inverter,in_catalog,yes,in_catalog,,,,,15.0.14,HW3.1,BMS-EV firmware supports this pair based on protocol translation,
MG MG ZS EV (44/72 kWh),GoodWe BT AC battery inverter,in_catalog,yes,in_catalog,,,,,15.0.14,HW3.1,BMS-EV firmware supports this pair based on protocol translation,
MG MG ZS EV (44/72 kWh),GoodWe EH hybrid solar,in_catalog,yes,in_catalog,,,,,15.0.14,HW3.1,BMS-EV firmware supports this pair based on protocol translation,
MG MG ZS EV (44/72 kWh),GoodWe EHB high voltage battery,in_catalog,yes,in_catalog,,,,,15.0.14,HW3.1,BMS-EV firmware supports this pair based on protocol translation,
MG MG ZS EV (44/72 kWh),GoodWe EHB hybrid inverter (South Africa only),in_catalog,yes,in_catalog,,,,,15.0.14,HW3.1,BMS-EV firmware supports this pair based on protocol translation,
MG MG ZS EV (44/72 kWh),GoodWe ES hybrid solar,in_catalog,yes,in_catalog,,,,,15.0.14,HW3.1,BMS-EV firmware supports this pair based on protocol translation,
MG MG ZS EV (44/72 kWh),GoodWe ET hybrid solar,in_catalog,yes,in_catalog,,,,,15.0.14,HW3.1,BMS-EV firmware supports this pair based on protocol translation,
MG MG ZS EV (44/72 kWh),GoodWe SBP battery inverter,in_catalog,yes,in_catalog,,,,,15.0.14,HW3.1,BMS-EV firmware supports this pair based on protocol translation,
MG MG ZS EV (44/72 kWh),Growatt HV Growatt SPH,in_catalog,yes,in_catalog,,,,,15.0.14,HW3.1,BMS-EV firmware supports this pair based on protocol translation,
MG MG ZS EV (44/72 kWh),Growatt HV Growatt SPH (TL3-BH-UP) (5-10kW 3P),in_catalog,yes,in_catalog,,,,,15.0.14,HW3.1,BMS-EV firmware supports this pair based on protocol translation,
MG MG ZS EV (44/72 kWh),Growatt LV Growatt SPH (4.6-10) (TL3-BH) (5-10kW 3P),in_catalog,yes,in_catalog,,,,,15.0.14,HW3.1,BMS-EV firmware supports this pair based on protocol translation,
MG MG ZS EV (44/72 kWh),Growatt WIT 50-100K-HU,in_catalog,yes,in_catalog,,,,,15.0.14,HW3.1,BMS-EV firmware supports this pair based on protocol translation,
MG MG ZS EV (44/72 kWh),Growatt WIT 50-100K-HU (TL3-BH-UP) (5-10kW 3P),in_catalog,yes,in_catalog,,,,,15.0.14,HW3.1,BMS-EV firmware supports this pair based on protocol translation,
MG MG ZS EV (44/72 kWh),Hoymiles HYT/HAT-HV,in_catalog,yes,in_catalog,,,,,15.0.14,HW3.1,BMS-EV firmware supports this pair based on protocol translation,
MG MG ZS EV (44/72 kWh),Kostal Plenticore Plus (3.0-10),in_catalog,yes,in_catalog,,,,,15.0.14,HW3.1,BMS-EV firmware supports this pair based on protocol translation,
MG MG ZS EV (44/72 kWh),Maple Leaf Northern Fox H1-H3-AC1-KH,in_catalog,yes,in_catalog,,,,,15.0.14,HW3.1,BMS-EV firmware supports this pair based on protocol translation,
MG MG ZS EV (44/72 kWh),SAJ H2 Hybrid (3-12)K-S2,in_catalog,yes,in_catalog,,,,,15.0.14,HW3.1,BMS-EV firmware supports this pair based on protocol translation,
MG MG ZS EV (44/72 kWh),SMA Sunny Boy Smart Energy 3.6 / 4.0 / 5.0 / 6.0-50 Hybrid Inverter,in_catalog,yes,in_catalog,,,,,15.0.14,HW3.1,BMS-EV firmware supports this pair based on protocol translation,
MG MG ZS EV (44/72 kWh),SMA Sunny Boy Smart Energy 3.6-6.0,in_catalog,yes,in_catalog,,,,,15.0.14,HW3.1,BMS-EV firmware supports this pair based on protocol translation,
MG MG ZS EV (44/72 kWh),SMA Sunny Boy Storage 2.5,in_catalog,yes,in_catalog,,,,,15.0.14,HW3.1,BMS-EV firmware supports this pair based on protocol translation,
MG MG ZS EV (44/72 kWh),SMA Sunny Boy Storage 2.5 / 3.7 / 5.0 / 6.0,in_catalog,yes,in_catalog,,,,,15.0.14,HW3.1,BMS-EV firmware supports this pair based on protocol translation,
MG MG ZS EV (44/72 kWh),SMA Sunny Tripower Smart 5.0-10.0 SE,in_catalog,yes,in_catalog,,,,,15.0.14,HW3.1,BMS-EV firmware supports this pair based on protocol translation,
MG MG ZS EV (44/72 kWh),SMA Sunny Tripower X,in_catalog,yes,in_catalog,,,,,15.0.14,HW3.1,BMS-EV firmware supports this pair based on protocol translation,
MG MG ZS EV (44/72 kWh),Sofar 5K...20KTL-3PH,in_catalog,yes,in_catalog,,,,,15.0.14,HW3.1,BMS-EV firmware supports this pair based on protocol translation,
MG MG ZS EV (44/72 kWh),Sofar HYD (3-20)KTL-3PH,in_catalog,yes,in_catalog,,,,,15.0.14,HW3.1,BMS-EV firmware supports this pair based on protocol translation,
MG MG ZS EV (44/72 kWh),SolaX X1 Hybrid,in_catalog,yes,in_catalog,,,,,15.0.14,HW3.1,BMS-EV firmware supports this pair based on protocol translation,
MG MG ZS EV (44/72 kWh),SolaX X1 Hybrid G4,in_catalog,yes,in_catalog,,,,,15.0.14,HW3.1,BMS-EV firmware supports this pair based on protocol translation,
MG MG ZS EV (44/72 kWh),SolaX X3 Hybrid,in_catalog,yes,in_catalog,,,,,15.0.14,HW3.1,BMS-EV firmware supports this pair based on protocol translation,
MG MG ZS EV (44/72 kWh),SolaX X3 Hybrid G4,in_catalog,yes,in_catalog,,,,,15.0.14,HW3.1,BMS-EV firmware supports this pair based on protocol translation,
MG MG ZS EV (44/72 kWh),SolaX X3-Ultra Hybrid,in_catalog,yes,in_catalog,,,,,15.0.14,HW3.1,BMS-EV firmware supports this pair based on protocol translation,
MG MG ZS EV (44/72 kWh),Solis RHI-3P(5-10)K-HVES-5G / S6-EH1P10K-H-US-APST,in_catalog,yes,in_catalog,,,,,15.0.14,HW3.1,BMS-EV firmware supports this pair based on protocol translation,
MG MG ZS EV (44/72 kWh),Solis RHI-3P(5-10)K-HVES-5G / S6-EH3P-(5-10.0K)-H-EU,in_catalog,yes,in_catalog,,,,,15.0.14,HW3.1,BMS-EV firmware supports this pair based on protocol translation,
MG MG ZS EV (44/72 kWh),Solis S5-EH1P (3-6) K-L (5-6 kW 1P US),in_catalog,yes,in_catalog,,,,,15.0.14,HW3.1,BMS-EV firmware supports this pair based on protocol translation,
MG MG ZS EV (44/72 kWh),Solis S6-EH3P(8-15)K-H 8-15 kW 3P (5-6 kW 1P US),in_catalog,yes,in_catalog,,,,,15.0.14,HW3.1,BMS-EV firmware supports this pair based on protocol translation,
MG MG ZS EV (44/72 kWh),Solxpow Solxpow X3 12-20kW,in_catalog,yes,in_catalog,,,,,15.0.14,HW3.1,BMS-EV firmware supports this pair based on protocol translation,
MG MG ZS EV (44/72 kWh),Sungrow SH15T/SH20T/SH25T,in_catalog,yes,in_catalog,,,,,15.0.14,HW3.1,BMS-EV firmware supports this pair based on protocol translation,
MG MG ZS EV (44/72 kWh),Sungrow SH3.0/3.6/4.0/5.0/6.0RS,in_catalog,yes,in_catalog,,,,,15.0.14,HW3.1,BMS-EV firmware supports this pair based on protocol translation,
MG MG ZS EV (44/72 kWh),Sungrow SH5.0/6.0/8.0/10RT,in_catalog,yes,in_catalog,,,,,15.0.14,HW3.1,BMS-EV firmware supports this pair based on protocol translation,
MG MG4 EH32 (51/64/77 kWh),Afore AF17K-THA 230V,in_catalog,yes,protocol_verified,,MG 4 pack (51 kWh LFP / 64 kWh NMC / 77 kWh NMC XPower),2022+,,15.0.14,HW3.1,SAIC MG technical documentation,
MG MG4 EH32 (51/64/77 kWh),Deye SUN-(29.9-50)K-SG01HP3-EU-BM3,in_catalog,yes,protocol_verified,,MG 4 pack (51 kWh LFP / 64 kWh NMC / 77 kWh NMC XPower),2022+,,15.0.14,HW3.1,SAIC MG technical documentation,
MG MG4 EH32 (51/64/77 kWh),Deye SUN-(5-20)K-SG01HP3-EU-AM2,in_catalog,yes,protocol_verified,,MG 4 pack (51 kWh LFP / 64 kWh NMC / 77 kWh NMC XPower),2022+,,15.0.14,HW3.1,SAIC MG technical documentation,
MG MG4 EH32 (51/64/77 kWh),Felicity T-REX-50KHP3G01,in_catalog,yes,protocol_verified,,MG 4 pack (51 kWh LFP / 64 kWh NMC / 77 kWh NMC XPower),2022+,,15.0.14,HW3.1,SAIC MG technical documentation,
MG MG4 EH32 (51/64/77 kWh),Ferroamp EnergyHub,in_catalog,yes,protocol_verified,,MG 4 pack (51 kWh LFP / 64 kWh NMC / 77 kWh NMC XPower),2022+,,15.0.14,HW3.1,SAIC MG technical documentation,
MG MG4 EH32 (51/64/77 kWh),FoxESS H1/AC1,in_catalog,yes,protocol_verified,,MG 4 pack (51 kWh LFP / 64 kWh NMC / 77 kWh NMC XPower),2022+,,15.0.14,HW3.1,SAIC MG technical documentation,
MG MG4 EH32 (51/64/77 kWh),FoxESS H3 Pro,in_catalog,yes,protocol_verified,,MG 4 pack (51 kWh LFP / 64 kWh NMC / 77 kWh NMC XPower),2022+,,15.0.14,HW3.1,SAIC MG technical documentation,
MG MG4 EH32 (51/64/77 kWh),FoxESS H3 Smart,in_catalog,yes,protocol_verified,,MG 4 pack (51 kWh LFP / 64 kWh NMC / 77 kWh NMC XPower),2022+,,15.0.14,HW3.1,SAIC MG technical documentation,
MG MG4 EH32 (51/64/77 kWh),FoxESS H3/AC3,in_catalog,yes,protocol_verified,,MG 4 pack (51 kWh LFP / 64 kWh NMC / 77 kWh NMC XPower),2022+,,15.0.14,HW3.1,SAIC MG technical documentation,
MG MG4 EH32 (51/64/77 kWh),Fronius Primo Gen24 Plus,in_catalog,yes,protocol_verified,,MG 4 pack (51 kWh LFP / 64 kWh NMC / 77 kWh NMC XPower),2022+,,15.0.14,HW3.1,SAIC MG technical documentation,
MG MG4 EH32 (51/64/77 kWh),Fronius Symo Gen24 Plus,in_catalog,yes,protocol_verified,,MG 4 pack (51 kWh LFP / 64 kWh NMC / 77 kWh NMC XPower),2022+,,15.0.14,HW3.1,SAIC MG technical documentation,
MG MG4 EH32 (51/64/77 kWh),Fronius Symo Hybrid 3.0/4.0/5.0-3-S,in_catalog,yes,protocol_verified,,MG 4 pack (51 kWh LFP / 64 kWh NMC / 77 kWh NMC XPower),2022+,,15.0.14,HW3.1,SAIC MG technical documentation,
MG MG4 EH32 (51/64/77 kWh),Fronius Verto Plus 15-33kW,in_catalog,yes,protocol_verified,,MG 4 pack (51 kWh LFP / 64 kWh NMC / 77 kWh NMC XPower),2022+,,15.0.14,HW3.1,SAIC MG technical documentation,
MG MG4 EH32 (51/64/77 kWh),GoodWe A-ES hybrid inverter (America Split Phase),in_catalog,yes,protocol_verified,,MG 4 pack (51 kWh LFP / 64 kWh NMC / 77 kWh NMC XPower),2022+,,15.0.14,HW3.1,SAIC MG technical documentation,
MG MG4 EH32 (51/64/77 kWh),GoodWe BH AC battery inverter,in_catalog,yes,protocol_verified,,MG 4 pack (51 kWh LFP / 64 kWh NMC / 77 kWh NMC XPower),2022+,,15.0.14,HW3.1,SAIC MG technical documentation,
MG MG4 EH32 (51/64/77 kWh),GoodWe BT AC battery inverter,in_catalog,yes,protocol_verified,,MG 4 pack (51 kWh LFP / 64 kWh NMC / 77 kWh NMC XPower),2022+,,15.0.14,HW3.1,SAIC MG technical documentation,
MG MG4 EH32 (51/64/77 kWh),GoodWe EH hybrid solar,in_catalog,yes,protocol_verified,,MG 4 pack (51 kWh LFP / 64 kWh NMC / 77 kWh NMC XPower),2022+,,15.0.14,HW3.1,SAIC MG technical documentation,
MG MG4 EH32 (51/64/77 kWh),GoodWe EHB high voltage battery,in_catalog,yes,protocol_verified,,MG 4 pack (51 kWh LFP / 64 kWh NMC / 77 kWh NMC XPower),2022+,,15.0.14,HW3.1,SAIC MG technical documentation,
MG MG4 EH32 (51/64/77 kWh),GoodWe EHB hybrid inverter (South Africa only),in_catalog,yes,protocol_verified,,MG 4 pack (51 kWh LFP / 64 kWh NMC / 77 kWh NMC XPower),2022+,,15.0.14,HW3.1,SAIC MG technical documentation,
MG MG4 EH32 (51/64/77 kWh),GoodWe ES hybrid solar,in_catalog,yes,protocol_verified,,MG 4 pack (51 kWh LFP / 64 kWh NMC / 77 kWh NMC XPower),2022+,,15.0.14,HW3.1,SAIC MG technical documentation,
MG MG4 EH32 (51/64/77 kWh),GoodWe ET hybrid solar,in_catalog,yes,protocol_verified,,MG 4 pack (51 kWh LFP / 64 kWh NMC / 77 kWh NMC XPower),2022+,,15.0.14,HW3.1,SAIC MG technical documentation,
MG MG4 EH32 (51/64/77 kWh),GoodWe SBP battery inverter,in_catalog,yes,protocol_verified,,MG 4 pack (51 kWh LFP / 64 kWh NMC / 77 kWh NMC XPower),2022+,,15.0.14,HW3.1,SAIC MG technical documentation,
MG MG4 EH32 (51/64/77 kWh),Growatt HV Growatt SPH,in_catalog,yes,protocol_verified,,MG 4 pack (51 kWh LFP / 64 kWh NMC / 77 kWh NMC XPower),2022+,,15.0.14,HW3.1,SAIC MG technical documentation,
MG MG4 EH32 (51/64/77 kWh),Growatt HV Growatt SPH (TL3-BH-UP) (5-10kW 3P),in_catalog,yes,protocol_verified,,MG 4 pack (51 kWh LFP / 64 kWh NMC / 77 kWh NMC XPower),2022+,,15.0.14,HW3.1,SAIC MG technical documentation,
MG MG4 EH32 (51/64/77 kWh),Growatt LV Growatt SPH (4.6-10) (TL3-BH) (5-10kW 3P),in_catalog,yes,protocol_verified,,MG 4 pack (51 kWh LFP / 64 kWh NMC / 77 kWh NMC XPower),2022+,,15.0.14,HW3.1,SAIC MG technical documentation,
MG MG4 EH32 (51/64/77 kWh),Growatt WIT 50-100K-HU,in_catalog,yes,protocol_verified,,MG 4 pack (51 kWh LFP / 64 kWh NMC / 77 kWh NMC XPower),2022+,,15.0.14,HW3.1,SAIC MG technical documentation,
MG MG4 EH32 (51/64/77 kWh),Growatt WIT 50-100K-HU (TL3-BH-UP) (5-10kW 3P),in_catalog,yes,protocol_verified,,MG 4 pack (51 kWh LFP / 64 kWh NMC / 77 kWh NMC XPower),2022+,,15.0.14,HW3.1,SAIC MG technical documentation,
MG MG4 EH32 (51/64/77 kWh),Hoymiles HYT/HAT-HV,in_catalog,yes,protocol_verified,,MG 4 pack (51 kWh LFP / 64 kWh NMC / 77 kWh NMC XPower),2022+,,15.0.14,HW3.1,SAIC MG technical documentation,
MG MG4 EH32 (51/64/77 kWh),Huawei SUN2000-(2-6)KTL-L1 (400V),in_catalog,yes,protocol_verified,,MG 4 pack (51 kWh LFP / 64 kWh NMC / 77 kWh NMC XPower),2022+,,15.0.14,HW3.1,SAIC MG technical documentation,
MG MG4 EH32 (51/64/77 kWh),Huawei SUN2000-(3-20)K-MB0 (400V),in_catalog,yes,protocol_verified,,MG 4 pack (51 kWh LFP / 64 kWh NMC / 77 kWh NMC XPower),2022+,,15.0.14,HW3.1,SAIC MG technical documentation,
MG MG4 EH32 (51/64/77 kWh),Kostal Plenticore Plus (3.0-10),in_catalog,yes,protocol_verified,,MG 4 pack (51 kWh LFP / 64 kWh NMC / 77 kWh NMC XPower),2022+,,15.0.14,HW3.1,SAIC MG technical documentation,
MG MG4 EH32 (51/64/77 kWh),Maple Leaf Northern Fox H1-H3-AC1-KH,in_catalog,yes,protocol_verified,,MG 4 pack (51 kWh LFP / 64 kWh NMC / 77 kWh NMC XPower),2022+,,15.0.14,HW3.1,SAIC MG technical documentation,
MG MG4 EH32 (51/64/77 kWh),SAJ H2 Hybrid (3-12)K-S2,in_catalog,yes,protocol_verified,,MG 4 pack (51 kWh LFP / 64 kWh NMC / 77 kWh NMC XPower),2022+,,15.0.14,HW3.1,SAIC MG technical documentation,
MG MG4 EH32 (51/64/77 kWh),SMA Sunny Boy Smart Energy 3.6 / 4.0 / 5.0 / 6.0-50 Hybrid Inverter,in_catalog,yes,protocol_verified,,MG 4 pack (51 kWh LFP / 64 kWh NMC / 77 kWh NMC XPower),2022+,,15.0.14,HW3.1,SAIC MG technical documentation,
MG MG4 EH32 (51/64/77 kWh),SMA Sunny Boy Smart Energy 3.6-6.0,in_catalog,yes,protocol_verified,,MG 4 pack (51 kWh LFP / 64 kWh NMC / 77 kWh NMC XPower),2022+,,15.0.14,HW3.1,SAIC MG technical documentation,
MG MG4 EH32 (51/64/77 kWh),SMA Sunny Boy Storage 2.5,in_catalog,yes,protocol_verified,,MG 4 pack (51 kWh LFP / 64 kWh NMC / 77 kWh NMC XPower),2022+,,15.0.14,HW3.1,SAIC MG technical documentation,
MG MG4 EH32 (51/64/77 kWh),SMA Sunny Boy Storage 2.5 / 3.7 / 5.0 / 6.0,in_catalog,yes,protocol_verified,,MG 4 pack (51 kWh LFP / 64 kWh NMC / 77 kWh NMC XPower),2022+,,15.0.14,HW3.1,SAIC MG technical documentation,
MG MG4 EH32 (51/64/77 kWh),SMA Sunny Tripower Smart 5.0-10.0 SE,in_catalog,yes,protocol_verified,,MG 4 pack (51 kWh LFP / 64 kWh NMC / 77 kWh NMC XPower),2022+,,15.0.14,HW3.1,SAIC MG technical documentation,
MG MG4 EH32 (51/64/77 kWh),SMA Sunny Tripower X,in_catalog,yes,protocol_verified,,MG 4 pack (51 kWh LFP / 64 kWh NMC / 77 kWh NMC XPower),2022+,,15.0.14,HW3.1,SAIC MG technical documentation,
MG MG4 EH32 (51/64/77 kWh),Sofar 5K...20KTL-3PH,in_catalog,yes,protocol_verified,,MG 4 pack (51 kWh LFP / 64 kWh NMC / 77 kWh NMC XPower),2022+,,15.0.14,HW3.1,SAIC MG technical documentation,
MG MG4 EH32 (51/64/77 kWh),Sofar HYD (3-20)KTL-3PH,in_catalog,yes,protocol_verified,,MG 4 pack (51 kWh LFP / 64 kWh NMC / 77 kWh NMC XPower),2022+,,15.0.14,HW3.1,SAIC MG technical documentation,
MG MG4 EH32 (51/64/77 kWh),SolaX X1 Hybrid,in_catalog,yes,protocol_verified,,MG 4 pack (51 kWh LFP / 64 kWh NMC / 77 kWh NMC XPower),2022+,,15.0.14,HW3.1,SAIC MG technical documentation,
MG MG4 EH32 (51/64/77 kWh),SolaX X1 Hybrid G4,in_catalog,yes,protocol_verified,,MG 4 pack (51 kWh LFP / 64 kWh NMC / 77 kWh NMC XPower),2022+,,15.0.14,HW3.1,SAIC MG technical documentation,
MG MG4 EH32 (51/64/77 kWh),SolaX X3 Hybrid,in_catalog,yes,protocol_verified,,MG 4 pack (51 kWh LFP / 64 kWh NMC / 77 kWh NMC XPower),2022+,,15.0.14,HW3.1,SAIC MG technical documentation,
MG MG4 EH32 (51/64/77 kWh),SolaX X3 Hybrid G4,in_catalog,yes,protocol_verified,,MG 4 pack (51 kWh LFP / 64 kWh NMC / 77 kWh NMC XPower),2022+,,15.0.14,HW3.1,SAIC MG technical documentation,
MG MG4 EH32 (51/64/77 kWh),SolaX X3-Ultra Hybrid,in_catalog,yes,protocol_verified,,MG 4 pack (51 kWh LFP / 64 kWh NMC / 77 kWh NMC XPower),2022+,,15.0.14,HW3.1,SAIC MG technical documentation,
MG MG4 EH32 (51/64/77 kWh),Solis RHI-3P(5-10)K-HVES-5G / S6-EH1P10K-H-US-APST,in_catalog,yes,protocol_verified,,MG 4 pack (51 kWh LFP / 64 kWh NMC / 77 kWh NMC XPower),2022+,,15.0.14,HW3.1,SAIC MG technical documentation,
MG MG4 EH32 (51/64/77 kWh),Solis RHI-3P(5-10)K-HVES-5G / S6-EH3P-(5-10.0K)-H-EU,in_catalog,yes,protocol_verified,,MG 4 pack (51 kWh LFP / 64 kWh NMC / 77 kWh NMC XPower),2022+,,15.0.14,HW3.1,SAIC MG technical documentation,
MG MG4 EH32 (51/64/77 kWh),Solis S5-EH1P (3-6) K-L (5-6 kW 1P US),in_catalog,yes,protocol_verified,,MG 4 pack (51 kWh LFP / 64 kWh NMC / 77 kWh NMC XPower),2022+,,15.0.14,HW3.1,SAIC MG technical documentation,
MG MG4 EH32 (51/64/77 kWh),Solis S6-EH3P(8-15)K-H 8-15 kW 3P (5-6 kW 1P US),in_catalog,yes,protocol_verified,,MG 4 pack (51 kWh LFP / 64 kWh NMC / 77 kWh NMC XPower),2022+,,15.0.14,HW3.1,SAIC MG technical documentation,
MG MG4 EH32 (51/64/77 kWh),Solxpow Solxpow X3 12-20kW,in_catalog,yes,protocol_verified,,MG 4 pack (51 kWh LFP / 64 kWh NMC / 77 kWh NMC XPower),2022+,,15.0.14,HW3.1,SAIC MG technical documentation,
MG MG4 EH32 (51/64/77 kWh),Sungrow SH15T/SH20T/SH25T,in_catalog,yes,protocol_verified,,MG 4 pack (51 kWh LFP / 64 kWh NMC / 77 kWh NMC XPower),2022+,,15.0.14,HW3.1,SAIC MG technical documentation,
MG MG4 EH32 (51/64/77 kWh),Sungrow SH3.0/3.6/4.0/5.0/6.0RS,in_catalog,yes,protocol_verified,,MG 4 pack (51 kWh LFP / 64 kWh NMC / 77 kWh NMC XPower),2022+,,15.0.14,HW3.1,SAIC MG technical documentation,
MG MG4 EH32 (51/64/77 kWh),Sungrow SH5.0/6.0/8.0/10RT,in_catalog,yes,protocol_verified,,MG 4 pack (51 kWh LFP / 64 kWh NMC / 77 kWh NMC XPower),2022+,,15.0.14,HW3.1,SAIC MG technical documentation,
MG MG5 / MG Marvel R (50/61 kWh),Afore AF17K-THA 230V,in_catalog,yes,protocol_verified,,MG5 EV pack (50/61 kWh CATL),2020+,,15.0.14,HW3.1,SAIC MG technical documentation,
MG MG5 / MG Marvel R (50/61 kWh),Deye SUN-(29.9-50)K-SG01HP3-EU-BM3,in_catalog,yes,protocol_verified,,MG5 EV pack (50/61 kWh CATL),2020+,,15.0.14,HW3.1,SAIC MG technical documentation,
MG MG5 / MG Marvel R (50/61 kWh),Deye SUN-(5-20)K-SG01HP3-EU-AM2,in_catalog,yes,protocol_verified,,MG5 EV pack (50/61 kWh CATL),2020+,,15.0.14,HW3.1,SAIC MG technical documentation,
MG MG5 / MG Marvel R (50/61 kWh),Felicity T-REX-50KHP3G01,in_catalog,yes,protocol_verified,,MG5 EV pack (50/61 kWh CATL),2020+,,15.0.14,HW3.1,SAIC MG technical documentation,
MG MG5 / MG Marvel R (50/61 kWh),Ferroamp EnergyHub,in_catalog,yes,protocol_verified,,MG5 EV pack (50/61 kWh CATL),2020+,,15.0.14,HW3.1,SAIC MG technical documentation,
MG MG5 / MG Marvel R (50/61 kWh),FoxESS H1/AC1,in_catalog,yes,protocol_verified,,MG5 EV pack (50/61 kWh CATL),2020+,,15.0.14,HW3.1,SAIC MG technical documentation,
MG MG5 / MG Marvel R (50/61 kWh),FoxESS H3 Pro,in_catalog,yes,protocol_verified,,MG5 EV pack (50/61 kWh CATL),2020+,,15.0.14,HW3.1,SAIC MG technical documentation,
MG MG5 / MG Marvel R (50/61 kWh),FoxESS H3 Smart,in_catalog,yes,protocol_verified,,MG5 EV pack (50/61 kWh CATL),2020+,,15.0.14,HW3.1,SAIC MG technical documentation,
MG MG5 / MG Marvel R (50/61 kWh),FoxESS H3/AC3,in_catalog,yes,protocol_verified,,MG5 EV pack (50/61 kWh CATL),2020+,,15.0.14,HW3.1,SAIC MG technical documentation,
MG MG5 / MG Marvel R (50/61 kWh),Fronius Primo Gen24 Plus,in_catalog,yes,protocol_verified,,MG5 EV pack (50/61 kWh CATL),2020+,,15.0.14,HW3.1,SAIC MG technical documentation,
MG MG5 / MG Marvel R (50/61 kWh),Fronius Symo Gen24 Plus,in_catalog,yes,protocol_verified,,MG5 EV pack (50/61 kWh CATL),2020+,,15.0.14,HW3.1,SAIC MG technical documentation,
MG MG5 / MG Marvel R (50/61 kWh),Fronius Symo Hybrid 3.0/4.0/5.0-3-S,in_catalog,yes,protocol_verified,,MG5 EV pack (50/61 kWh CATL),2020+,,15.0.14,HW3.1,SAIC MG technical documentation,
MG MG5 / MG Marvel R (50/61 kWh),Fronius Verto Plus 15-33kW,in_catalog,yes,protocol_verified,,MG5 EV pack (50/61 kWh CATL),2020+,,15.0.14,HW3.1,SAIC MG technical documentation,
MG MG5 / MG Marvel R (50/61 kWh),GoodWe A-ES hybrid inverter (America Split Phase),in_catalog,yes,protocol_verified,,MG5 EV pack (50/61 kWh CATL),2020+,,15.0.14,HW3.1,SAIC MG technical documentation,
MG MG5 / MG Marvel R (50/61 kWh),GoodWe BH AC battery inverter,in_catalog,yes,protocol_verified,,MG5 EV pack (50/61 kWh CATL),2020+,,15.0.14,HW3.1,SAIC MG technical documentation,
MG MG5 / MG Marvel R (50/61 kWh),GoodWe BT AC battery inverter,in_catalog,yes,protocol_verified,,MG5 EV pack (50/61 kWh CATL),2020+,,15.0.14,HW3.1,SAIC MG technical documentation,
MG MG5 / MG Marvel R (50/61 kWh),GoodWe EH hybrid solar,in_catalog,yes,protocol_verified,,MG5 EV pack (50/61 kWh CATL),2020+,,15.0.14,HW3.1,SAIC MG technical documentation,
MG MG5 / MG Marvel R (50/61 kWh),GoodWe EHB high voltage battery,in_catalog,yes,protocol_verified,,MG5 EV pack (50/61 kWh CATL),2020+,,15.0.14,HW3.1,SAIC MG technical documentation,
MG MG5 / MG Marvel R (50/61 kWh),GoodWe EHB hybrid inverter (South Africa only),in_catalog,yes,protocol_verified,,MG5 EV pack (50/61 kWh CATL),2020+,,15.0.14,HW3.1,SAIC MG technical documentation,
MG MG5 / MG Marvel R (50/61 kWh),GoodWe ES hybrid solar,in_catalog,yes,protocol_verified,,MG5 EV pack (50/61 kWh CATL),2020+,,15.0.14,HW3.1,SAIC MG technical documentation,
MG MG5 / MG Marvel R (50/61 kWh),GoodWe ET hybrid solar,in_catalog,yes,protocol_verified,,MG5 EV pack (50/61 kWh CATL),2020+,,15.0.14,HW3.1,SAIC MG technical documentation,
MG MG5 / MG Marvel R (50/61 kWh),GoodWe SBP battery inverter,in_catalog,yes,protocol_verified,,MG5 EV pack (50/61 kWh CATL),2020+,,15.0.14,HW3.1,SAIC MG technical documentation,
MG MG5 / MG Marvel R (50/61 kWh),Growatt HV Growatt SPH,in_catalog,yes,protocol_verified,,MG5 EV pack (50/61 kWh CATL),2020+,,15.0.14,HW3.1,SAIC MG technical documentation,
MG MG5 / MG Marvel R (50/61 kWh),Growatt HV Growatt SPH (TL3-BH-UP) (5-10kW 3P),in_catalog,yes,protocol_verified,,MG5 EV pack (50/61 kWh CATL),2020+,,15.0.14,HW3.1,SAIC MG technical documentation,
MG MG5 / MG Marvel R (50/61 kWh),Growatt LV Growatt SPH (4.6-10) (TL3-BH) (5-10kW 3P),in_catalog,yes,protocol_verified,,MG5 EV pack (50/61 kWh CATL),2020+,,15.0.14,HW3.1,SAIC MG technical documentation,
MG MG5 / MG Marvel R (50/61 kWh),Growatt WIT 50-100K-HU,in_catalog,yes,protocol_verified,,MG5 EV pack (50/61 kWh CATL),2020+,,15.0.14,HW3.1,SAIC MG technical documentation,
MG MG5 / MG Marvel R (50/61 kWh),Growatt WIT 50-100K-HU (TL3-BH-UP) (5-10kW 3P),in_catalog,yes,protocol_verified,,MG5 EV pack (50/61 kWh CATL),2020+,,15.0.14,HW3.1,SAIC MG technical documentation,
MG MG5 / MG Marvel R (50/61 kWh),Hoymiles HYT/HAT-HV,in_catalog,yes,protocol_verified,,MG5 EV pack (50/61 kWh CATL),2020+,,15.0.14,HW3.1,SAIC MG technical documentation,
MG MG5 / MG Marvel R (50/61 kWh),Huawei SUN2000-(2-6)KTL-L1 (400V),in_catalog,yes,protocol_verified,,MG5 EV pack (50/61 kWh CATL),2020+,,15.0.14,HW3.1,SAIC MG technical documentation,
MG MG5 / MG Marvel R (50/61 kWh),Huawei SUN2000-(3-20)K-MB0 (400V),in_catalog,yes,protocol_verified,,MG5 EV pack (50/61 kWh CATL),2020+,,15.0.14,HW3.1,SAIC MG technical documentation,
MG MG5 / MG Marvel R (50/61 kWh),Kostal Plenticore Plus (3.0-10),in_catalog,yes,protocol_verified,,MG5 EV pack (50/61 kWh CATL),2020+,,15.0.14,HW3.1,SAIC MG technical documentation,
MG MG5 / MG Marvel R (50/61 kWh),Maple Leaf Northern Fox H1-H3-AC1-KH,in_catalog,yes,protocol_verified,,MG5 EV pack (50/61 kWh CATL),2020+,,15.0.14,HW3.1,SAIC MG technical documentation,
MG MG5 / MG Marvel R (50/61 kWh),SAJ H2 Hybrid (3-12)K-S2,in_catalog,yes,protocol_verified,,MG5 EV pack (50/61 kWh CATL),2020+,,15.0.14,HW3.1,SAIC MG technical documentation,
MG MG5 / MG Marvel R (50/61 kWh),SMA Sunny Boy Smart Energy 3.6 / 4.0 / 5.0 / 6.0-50 Hybrid Inverter,in_catalog,yes,protocol_verified,,MG5 EV pack (50/61 kWh CATL),2020+,,15.0.14,HW3.1,SAIC MG technical documentation,
MG MG5 / MG Marvel R (50/61 kWh),SMA Sunny Boy Smart Energy 3.6-6.0,in_catalog,yes,protocol_verified,,MG5 EV pack (50/61 kWh CATL),2020+,,15.0.14,HW3.1,SAIC MG technical documentation,
MG MG5 / MG Marvel R (50/61 kWh),SMA Sunny Boy Storage 2.5,in_catalog,yes,protocol_verified,,MG5 EV pack (50/61 kWh CATL),2020+,,15.0.14,HW3.1,SAIC MG technical documentation,
MG MG5 / MG Marvel R (50/61 kWh),SMA Sunny Boy Storage 2.5 / 3.7 / 5.0 / 6.0,in_catalog,yes,protocol_verified,,MG5 EV pack (50/61 kWh CATL),2020+,,15.0.14,HW3.1,SAIC MG technical documentation,
MG MG5 / MG Marvel R (50/61 kWh),SMA Sunny Tripower Smart 5.0-10.0 SE,in_catalog,yes,protocol_verified,,MG5 EV pack (50/61 kWh CATL),2020+,,15.0.14,HW3.1,SAIC MG technical documentation,
MG MG5 / MG Marvel R (50/61 kWh),SMA Sunny Tripower X,in_catalog,yes,protocol_verified,,MG5 EV pack (50/61 kWh CATL),2020+,,15.0.14,HW3.1,SAIC MG technical documentation,
MG MG5 / MG Marvel R (50/61 kWh),Sofar 5K...20KTL-3PH,in_catalog,yes,protocol_verified,,MG5 EV pack (50/61 kWh CATL),2020+,,15.0.14,HW3.1,SAIC MG technical documentation,
MG MG5 / MG Marvel R (50/61 kWh),Sofar HYD (3-20)KTL-3PH,in_catalog,yes,protocol_verified,,MG5 EV pack (50/61 kWh CATL),2020+,,15.0.14,HW3.1,SAIC MG technical documentation,
MG MG5 / MG Marvel R (50/61 kWh),SolaX X1 Hybrid,in_catalog,yes,protocol_verified,,MG5 EV pack (50/61 kWh CATL),2020+,,15.0.14,HW3.1,SAIC MG technical documentation,
MG MG5 / MG Marvel R (50/61 kWh),SolaX X1 Hybrid G4,in_catalog,yes,protocol_verified,,MG5 EV pack (50/61 kWh CATL),2020+,,15.0.14,HW3.1,SAIC MG technical documentation,
MG MG5 / MG Marvel R (50/61 kWh),SolaX X3 Hybrid,in_catalog,yes,protocol_verified,,MG5 EV pack (50/61 kWh CATL),2020+,,15.0.14,HW3.1,SAIC MG technical documentation,
MG MG5 / MG Marvel R (50/61 kWh),SolaX X3 Hybrid G4,in_catalog,yes,protocol_verified,,MG5 EV pack (50/61 kWh CATL),2020+,,15.0.14,HW3.1,SAIC MG technical documentation,
MG MG5 / MG Marvel R (50/61 kWh),SolaX X3-Ultra Hybrid,in_catalog,yes,protocol_verified,,MG5 EV pack (50/61 kWh CATL),2020+,,15.0.14,HW3.1,SAIC MG technical documentation,
MG MG5 / MG Marvel R (50/61 kWh),Solis RHI-3P(5-10)K-HVES-5G / S6-EH1P10K-H-US-APST,in_catalog,yes,protocol_verified,,MG5 EV pack (50/61 kWh CATL),2020+,,15.0.14,HW3.1,SAIC MG technical documentation,
MG MG5 / MG Marvel R (50/61 kWh),Solis RHI-3P(5-10)K-HVES-5G / S6-EH3P-(5-10.0K)-H-EU,in_catalog,yes,protocol_verified,,MG5 EV pack (50/61 kWh CATL),2020+,,15.0.14,HW3.1,SAIC MG technical documentation,
MG MG5 / MG Marvel R (50/61 kWh),Solis S5-EH1P (3-6) K-L (5-6 kW 1P US),in_catalog,yes,protocol_verified,,MG5 EV pack (50/61 kWh CATL),2020+,,15.0.14,HW3.1,SAIC MG technical documentation,
MG MG5 / MG Marvel R (50/61 kWh),Solis S6-EH3P(8-15)K-H 8-15 kW 3P (5-6 kW 1P US),in_catalog,yes,protocol_verified,,MG5 EV pack (50/61 kWh CATL),2020+,,15.0.14,HW3.1,SAIC MG technical documentation,
MG MG5 / MG Marvel R (50/61 kWh),Solxpow Solxpow X3 12-20kW,in_catalog,yes,protocol_verified,,MG5 EV pack (50/61 kWh CATL),2020+,,15.0.14,HW3.1,SAIC MG technical documentation,
MG MG5 / MG Marvel R (50/61 kWh),Sungrow SH15T/SH20T/SH25T,in_catalog,yes,protocol_verified,,MG5 EV pack (50/61 kWh CATL),2020+,,15.0.14,HW3.1,SAIC MG technical documentation,
MG MG5 / MG Marvel R (50/61 kWh),Sungrow SH3.0/3.6/4.0/5.0/6.0RS,in_catalog,yes,protocol_verified,,MG5 EV pack (50/61 kWh CATL),2020+,,15.0.14,HW3.1,SAIC MG technical documentation,
MG MG5 / MG Marvel R (50/61 kWh),Sungrow SH5.0/6.0/8.0/10RT,in_catalog,yes,protocol_verified,,MG5 EV pack (50/61 kWh CATL),2020+,,15.0.14,HW3.1,SAIC MG technical documentation,
MG MG5 / MG Marvel R (52.5/61/69.9 kWh),Afore AF17K-THA 230V,in_catalog,yes,in_catalog,,,,,15.0.14,HW3.1,BMS-EV firmware supports this pair based on protocol translation,
MG MG5 / MG Marvel R (52.5/61/69.9 kWh),Deye SUN-(29.9-50)K-SG01HP3-EU-BM3,in_catalog,yes,in_catalog,,,,,15.0.14,HW3.1,BMS-EV firmware supports this pair based on protocol translation,
MG MG5 / MG Marvel R (52.5/61/69.9 kWh),Deye SUN-(5-20)K-SG01HP3-EU-AM2,in_catalog,yes,in_catalog,,,,,15.0.14,HW3.1,BMS-EV firmware supports this pair based on protocol translation,
MG MG5 / MG Marvel R (52.5/61/69.9 kWh),Felicity T-REX-50KHP3G01,in_catalog,yes,in_catalog,,,,,15.0.14,HW3.1,BMS-EV firmware supports this pair based on protocol translation,
MG MG5 / MG Marvel R (52.5/61/69.9 kWh),Ferroamp EnergyHub,in_catalog,yes,in_catalog,,,,,15.0.14,HW3.1,BMS-EV firmware supports this pair based on protocol translation,
MG MG5 / MG Marvel R (52.5/61/69.9 kWh),FoxESS H1/AC1,in_catalog,yes,in_catalog,,,,,15.0.14,HW3.1,BMS-EV firmware supports this pair based on protocol translation,
MG MG5 / MG Marvel R (52.5/61/69.9 kWh),FoxESS H3 Pro,in_catalog,yes,in_catalog,,,,,15.0.14,HW3.1,BMS-EV firmware supports this pair based on protocol translation,
MG MG5 / MG Marvel R (52.5/61/69.9 kWh),FoxESS H3 Smart,in_catalog,yes,in_catalog,,,,,15.0.14,HW3.1,BMS-EV firmware supports this pair based on protocol translation,
MG MG5 / MG Marvel R (52.5/61/69.9 kWh),FoxESS H3/AC3,in_catalog,yes,in_catalog,,,,,15.0.14,HW3.1,BMS-EV firmware supports this pair based on protocol translation,
MG MG5 / MG Marvel R (52.5/61/69.9 kWh),Fronius Primo Gen24 Plus,in_catalog,yes,in_catalog,,,,,15.0.14,HW3.1,BMS-EV firmware supports this pair based on protocol translation,
MG MG5 / MG Marvel R (52.5/61/69.9 kWh),Fronius Symo Gen24 Plus,in_catalog,yes,in_catalog,,,,,15.0.14,HW3.1,BMS-EV firmware supports this pair based on protocol translation,
MG MG5 / MG Marvel R (52.5/61/69.9 kWh),Fronius Symo Hybrid 3.0/4.0/5.0-3-S,in_catalog,yes,in_catalog,,,,,15.0.14,HW3.1,BMS-EV firmware supports this pair based on protocol translation,
MG MG5 / MG Marvel R (52.5/61/69.9 kWh),Fronius Verto Plus 15-33kW,in_catalog,yes,in_catalog,,,,,15.0.14,HW3.1,BMS-EV firmware supports this pair based on protocol translation,
MG MG5 / MG Marvel R (52.5/61/69.9 kWh),GoodWe A-ES hybrid inverter (America Split Phase),in_catalog,yes,in_catalog,,,,,15.0.14,HW3.1,BMS-EV firmware supports this pair based on protocol translation,
MG MG5 / MG Marvel R (52.5/61/69.9 kWh),GoodWe BH AC battery inverter,in_catalog,yes,in_catalog,,,,,15.0.14,HW3.1,BMS-EV firmware supports this pair based on protocol translation,
MG MG5 / MG Marvel R (52.5/61/69.9 kWh),GoodWe BT AC battery inverter,in_catalog,yes,in_catalog,,,,,15.0.14,HW3.1,BMS-EV firmware supports this pair based on protocol translation,
MG MG5 / MG Marvel R (52.5/61/69.9 kWh),GoodWe EH hybrid solar,in_catalog,yes,in_catalog,,,,,15.0.14,HW3.1,BMS-EV firmware supports this pair based on protocol translation,
MG MG5 / MG Marvel R (52.5/61/69.9 kWh),GoodWe EHB high voltage battery,in_catalog,yes,in_catalog,,,,,15.0.14,HW3.1,BMS-EV firmware supports this pair based on protocol translation,
MG MG5 / MG Marvel R (52.5/61/69.9 kWh),GoodWe EHB hybrid inverter (South Africa only),in_catalog,yes,in_catalog,,,,,15.0.14,HW3.1,BMS-EV firmware supports this pair based on protocol translation,
MG MG5 / MG Marvel R (52.5/61/69.9 kWh),GoodWe ES hybrid solar,in_catalog,yes,in_catalog,,,,,15.0.14,HW3.1,BMS-EV firmware supports this pair based on protocol translation,
MG MG5 / MG Marvel R (52.5/61/69.9 kWh),GoodWe ET hybrid solar,in_catalog,yes,in_catalog,,,,,15.0.14,HW3.1,BMS-EV firmware supports this pair based on protocol translation,
MG MG5 / MG Marvel R (52.5/61/69.9 kWh),GoodWe SBP battery inverter,in_catalog,yes,in_catalog,,,,,15.0.14,HW3.1,BMS-EV firmware supports this pair based on protocol translation,
MG MG5 / MG Marvel R (52.5/61/69.9 kWh),Growatt HV Growatt SPH,in_catalog,yes,in_catalog,,,,,15.0.14,HW3.1,BMS-EV firmware supports this pair based on protocol translation,
MG MG5 / MG Marvel R (52.5/61/69.9 kWh),Growatt HV Growatt SPH (TL3-BH-UP) (5-10kW 3P),in_catalog,yes,in_catalog,,,,,15.0.14,HW3.1,BMS-EV firmware supports this pair based on protocol translation,
MG MG5 / MG Marvel R (52.5/61/69.9 kWh),Growatt LV Growatt SPH (4.6-10) (TL3-BH) (5-10kW 3P),in_catalog,yes,in_catalog,,,,,15.0.14,HW3.1,BMS-EV firmware supports this pair based on protocol translation,
MG MG5 / MG Marvel R (52.5/61/69.9 kWh),Growatt WIT 50-100K-HU,in_catalog,yes,in_catalog,,,,,15.0.14,HW3.1,BMS-EV firmware supports this pair based on protocol translation,
MG MG5 / MG Marvel R (52.5/61/69.9 kWh),Growatt WIT 50-100K-HU (TL3-BH-UP) (5-10kW 3P),in_catalog,yes,in_catalog,,,,,15.0.14,HW3.1,BMS-EV firmware supports this pair based on protocol translation,
MG MG5 / MG Marvel R (52.5/61/69.9 kWh),Hoymiles HYT/HAT-HV,in_catalog,yes,in_catalog,,,,,15.0.14,HW3.1,BMS-EV firmware supports this pair based on protocol translation,
MG MG5 / MG Marvel R (52.5/61/69.9 kWh),Kostal Plenticore Plus (3.0-10),in_catalog,yes,in_catalog,,,,,15.0.14,HW3.1,BMS-EV firmware supports this pair based on protocol translation,
MG MG5 / MG Marvel R (52.5/61/69.9 kWh),Maple Leaf Northern Fox H1-H3-AC1-KH,in_catalog,yes,in_catalog,,,,,15.0.14,HW3.1,BMS-EV firmware supports this pair based on protocol translation,
MG MG5 / MG Marvel R (52.5/61/69.9 kWh),SAJ H2 Hybrid (3-12)K-S2,in_catalog,yes,in_catalog,,,,,15.0.14,HW3.1,BMS-EV firmware supports this pair based on protocol translation,
MG MG5 / MG Marvel R (52.5/61/69.9 kWh),SMA Sunny Boy Smart Energy 3.6 / 4.0 / 5.0 / 6.0-50 Hybrid Inverter,in_catalog,yes,in_catalog,,,,,15.0.14,HW3.1,BMS-EV firmware supports this pair based on protocol translation,
MG MG5 / MG Marvel R (52.5/61/69.9 kWh),SMA Sunny Boy Smart Energy 3.6-6.0,in_catalog,yes,in_catalog,,,,,15.0.14,HW3.1,BMS-EV firmware supports this pair based on protocol translation,
MG MG5 / MG Marvel R (52.5/61/69.9 kWh),SMA Sunny Boy Storage 2.5,in_catalog,yes,in_catalog,,,,,15.0.14,HW3.1,BMS-EV firmware supports this pair based on protocol translation,
MG MG5 / MG Marvel R (52.5/61/69.9 kWh),SMA Sunny Boy Storage 2.5 / 3.7 / 5.0 / 6.0,in_catalog,yes,in_catalog,,,,,15.0.14,HW3.1,BMS-EV firmware supports this pair based on protocol translation,
MG MG5 / MG Marvel R (52.5/61/69.9 kWh),SMA Sunny Tripower Smart 5.0-10.0 SE,in_catalog,yes,in_catalog,,,,,15.0.14,HW3.1,BMS-EV firmware supports this pair based on protocol translation,
MG MG5 / MG Marvel R (52.5/61/69.9 kWh),SMA Sunny Tripower X,in_catalog,yes,in_catalog,,,,,15.0.14,HW3.1,BMS-EV firmware supports this pair based on protocol translation,
MG MG5 / MG Marvel R (52.5/61/69.9 kWh),Sofar 5K...20KTL-3PH,in_catalog,yes,in_catalog,,,,,15.0.14,HW3.1,BMS-EV firmware supports this pair based on protocol translation,
MG MG5 / MG Marvel R (52.5/61/69.9 kWh),Sofar HYD (3-20)KTL-3PH,in_catalog,yes,in_catalog,,,,,15.0.14,HW3.1,BMS-EV firmware supports this pair based on protocol translation,
MG MG5 / MG Marvel R (52.5/61/69.9 kWh),SolaX X1 Hybrid,in_catalog,yes,in_catalog,,,,,15.0.14,HW3.1,BMS-EV firmware supports this pair based on protocol translation,
MG MG5 / MG Marvel R (52.5/61/69.9 kWh),SolaX X1 Hybrid G4,in_catalog,yes,in_catalog,,,,,15.0.14,HW3.1,BMS-EV firmware supports this pair based on protocol translation,
MG MG5 / MG Marvel R (52.5/61/69.9 kWh),SolaX X3 Hybrid,in_catalog,yes,in_catalog,,,,,15.0.14,HW3.1,BMS-EV firmware supports this pair based on protocol translation,
MG MG5 / MG Marvel R (52.5/61/69.9 kWh),SolaX X3 Hybrid G4,in_catalog,yes,in_catalog,,,,,15.0.14,HW3.1,BMS-EV firmware supports this pair based on protocol translation,
MG MG5 / MG Marvel R (52.5/61/69.9 kWh),SolaX X3-Ultra Hybrid,in_catalog,yes,in_catalog,,,,,15.0.14,HW3.1,BMS-EV firmware supports this pair based on protocol translation,
MG MG5 / MG Marvel R (52.5/61/69.9 kWh),Solis RHI-3P(5-10)K-HVES-5G / S6-EH1P10K-H-US-APST,in_catalog,yes,in_catalog,,,,,15.0.14,HW3.1,BMS-EV firmware supports this pair based on protocol translation,
MG MG5 / MG Marvel R (52.5/61/69.9 kWh),Solis RHI-3P(5-10)K-HVES-5G / S6-EH3P-(5-10.0K)-H-EU,in_catalog,yes,in_catalog,,,,,15.0.14,HW3.1,BMS-EV firmware supports this pair based on protocol translation,
MG MG5 / MG Marvel R (52.5/61/69.9 kWh),Solis S5-EH1P (3-6) K-L (5-6 kW 1P US),in_catalog,yes,in_catalog,,,,,15.0.14,HW3.1,BMS-EV firmware supports this pair based on protocol translation,
MG MG5 / MG Marvel R (52.5/61/69.9 kWh),Solis S6-EH3P(8-15)K-H 8-15 kW 3P (5-6 kW 1P US),in_catalog,yes,in_catalog,,,,,15.0.14,HW3.1,BMS-EV firmware supports this pair based on protocol translation,
MG MG5 / MG Marvel R (52.5/61/69.9 kWh),Solxpow Solxpow X3 12-20kW,in_catalog,yes,in_catalog,,,,,15.0.14,HW3.1,BMS-EV firmware supports this pair based on protocol translation,
MG MG5 / MG Marvel R (52.5/61/69.9 kWh),Sungrow SH15T/SH20T/SH25T,in_catalog,yes,in_catalog,,,,,15.0.14,HW3.1,BMS-EV firmware supports this pair based on protocol translation,
MG MG5 / MG Marvel R (52.5/61/69.9 kWh),Sungrow SH3.0/3.6/4.0/5.0/6.0RS,in_catalog,yes,in_catalog,,,,,15.0.14,HW3.1,BMS-EV firmware supports this pair based on protocol translation,
MG MG5 / MG Marvel R (52.5/61/69.9 kWh),Sungrow SH5.0/6.0/8.0/10RT,in_catalog,yes,in_catalog,,,,,15.0.14,HW3.1,BMS-EV firmware supports this pair based on protocol translation,
MG ZS EV (44/72 kWh),Huawei SUN2000-(2-6)KTL-L1 (400V),in_catalog,yes,in_catalog,,,,,15.0.14,HW3.1,BMS-EV firmware supports this pair based on protocol translation,
MG ZS EV (44/72 kWh),Huawei SUN2000-(3-20)K-MB0 (400V),in_catalog,yes,in_catalog,,,,,15.0.14,HW3.1,BMS-EV firmware supports this pair based on protocol translation,
Mini Cooper electric (32 kWh),Afore AF17K-THA 230V,in_catalog,yes,protocol_verified,,"Mini Cooper SE pack (32 kWh, shares BMW i3 architecture)",2019+,,15.0.14,HW3.1,BMW technical documentation,
Mini Cooper electric (32 kWh),Deye SUN-(29.9-50)K-SG01HP3-EU-BM3,in_catalog,yes,protocol_verified,,"Mini Cooper SE pack (32 kWh, shares BMW i3 architecture)",2019+,,15.0.14,HW3.1,BMW technical documentation,
Mini Cooper electric (32 kWh),Deye SUN-(5-20)K-SG01HP3-EU-AM2,in_catalog,yes,protocol_verified,,"Mini Cooper SE pack (32 kWh, shares BMW i3 architecture)",2019+,,15.0.14,HW3.1,BMW technical documentation,
Mini Cooper electric (32 kWh),Felicity T-REX-50KHP3G01,in_catalog,yes,protocol_verified,,"Mini Cooper SE pack (32 kWh, shares BMW i3 architecture)",2019+,,15.0.14,HW3.1,BMW technical documentation,
Mini Cooper electric (32 kWh),Ferroamp EnergyHub,in_catalog,yes,protocol_verified,,"Mini Cooper SE pack (32 kWh, shares BMW i3 architecture)",2019+,,15.0.14,HW3.1,BMW technical documentation,
Mini Cooper electric (32 kWh),FoxESS H1/AC1,in_catalog,yes,protocol_verified,,"Mini Cooper SE pack (32 kWh, shares BMW i3 architecture)",2019+,,15.0.14,HW3.1,BMW technical documentation,
Mini Cooper electric (32 kWh),FoxESS H3 Pro,in_catalog,yes,protocol_verified,,"Mini Cooper SE pack (32 kWh, shares BMW i3 architecture)",2019+,,15.0.14,HW3.1,BMW technical documentation,
Mini Cooper electric (32 kWh),FoxESS H3 Smart,in_catalog,yes,protocol_verified,,"Mini Cooper SE pack (32 kWh, shares BMW i3 architecture)",2019+,,15.0.14,HW3.1,BMW technical documentation,
Mini Cooper electric (32 kWh),FoxESS H3/AC3,in_catalog,yes,protocol_verified,,"Mini Cooper SE pack (32 kWh, shares BMW i3 architecture)",2019+,,15.0.14,HW3.1,BMW technical documentation,
Mini Cooper electric (32 kWh),Fronius Primo Gen24 Plus,in_catalog,yes,protocol_verified,,"Mini Cooper SE pack (32 kWh, shares BMW i3 architecture)",2019+,,15.0.14,HW3.1,BMW technical documentation,
Mini Cooper electric (32 kWh),Fronius Symo Gen24 Plus,in_catalog,yes,protocol_verified,,"Mini Cooper SE pack (32 kWh, shares BMW i3 architecture)",2019+,,15.0.14,HW3.1,BMW technical documentation,
Mini Cooper electric (32 kWh),Fronius Symo Hybrid 3.0/4.0/5.0-3-S,in_catalog,yes,protocol_verified,,"Mini Cooper SE pack (32 kWh, shares BMW i3 architecture)",2019+,,15.0.14,HW3.1,BMW technical documentation,
Mini Cooper electric (32 kWh),Fronius Verto Plus 15-33kW,in_catalog,yes,protocol_verified,,"Mini Cooper SE pack (32 kWh, shares BMW i3 architecture)",2019+,,15.0.14,HW3.1,BMW technical documentation,
Mini Cooper electric (32 kWh),GoodWe A-ES hybrid inverter (America Split Phase),in_catalog,yes,protocol_verified,,"Mini Cooper SE pack (32 kWh, shares BMW i3 architecture)",2019+,,15.0.14,HW3.1,BMW technical documentation,
Mini Cooper electric (32 kWh),GoodWe BH AC battery inverter,in_catalog,yes,protocol_verified,,"Mini Cooper SE pack (32 kWh, shares BMW i3 architecture)",2019+,,15.0.14,HW3.1,BMW technical documentation,
Mini Cooper electric (32 kWh),GoodWe BT AC battery inverter,in_catalog,yes,protocol_verified,,"Mini Cooper SE pack (32 kWh, shares BMW i3 architecture)",2019+,,15.0.14,HW3.1,BMW technical documentation,
Mini Cooper electric (32 kWh),GoodWe EH hybrid solar,in_catalog,yes,protocol_verified,,"Mini Cooper SE pack (32 kWh, shares BMW i3 architecture)",2019+,,15.0.14,HW3.1,BMW technical documentation,
Mini Cooper electric (32 kWh),GoodWe EHB high voltage battery,in_catalog,yes,protocol_verified,,"Mini Cooper SE pack (32 kWh, shares BMW i3 architecture)",2019+,,15.0.14,HW3.1,BMW technical documentation,
Mini Cooper electric (32 kWh),GoodWe EHB hybrid inverter (South Africa only),in_catalog,yes,protocol_verified,,"Mini Cooper SE pack (32 kWh, shares BMW i3 architecture)",2019+,,15.0.14,HW3.1,BMW technical documentation,
Mini Cooper electric (32 kWh),GoodWe ES hybrid solar,in_catalog,yes,protocol_verified,,"Mini Cooper SE pack (32 kWh, shares BMW i3 architecture)",2019+,,15.0.14,HW3.1,BMW technical documentation,
Mini Cooper electric (32 kWh),GoodWe ET hybrid solar,in_catalog,yes,protocol_verified,,"Mini Cooper SE pack (32 kWh, shares BMW i3 architecture)",2019+,,15.0.14,HW3.1,BMW technical documentation,
Mini Cooper electric (32 kWh),GoodWe SBP battery inverter,in_catalog,yes,protocol_verified,,"Mini Cooper SE pack (32 kWh, shares BMW i3 architecture)",2019+,,15.0.14,HW3.1,BMW technical documentation,
Mini Cooper electric (32 kWh),Growatt HV Growatt SPH,in_catalog,yes,protocol_verified,,"Mini Cooper SE pack (32 kWh, shares BMW i3 architecture)",2019+,,15.0.14,HW3.1,BMW technical documentation,
Mini Cooper electric (32 kWh),Growatt HV Growatt SPH (TL3-BH-UP) (5-10kW 3P),in_catalog,yes,protocol_verified,,"Mini Cooper SE pack (32 kWh, shares BMW i3 architecture)",2019+,,15.0.14,HW3.1,BMW technical documentation,
Mini Cooper electric (32 kWh),Growatt LV Growatt SPH (4.6-10) (TL3-BH) (5-10kW 3P),in_catalog,yes,protocol_verified,,"Mini Cooper SE pack (32 kWh, shares BMW i3 architecture)",2019+,,15.0.14,HW3.1,BMW technical documentation,
Mini Cooper electric (32 kWh),Growatt WIT 50-100K-HU,in_catalog,yes,protocol_verified,,"Mini Cooper SE pack (32 kWh, shares BMW i3 architecture)",2019+,,15.0.14,HW3.1,BMW technical documentation,
Mini Cooper electric (32 kWh),Growatt WIT 50-100K-HU (TL3-BH-UP) (5-10kW 3P),in_catalog,yes,protocol_verified,,"Mini Cooper SE pack (32 kWh, shares BMW i3 architecture)",2019+,,15.0.14,HW3.1,BMW technical documentation,
Mini Cooper electric (32 kWh),Hoymiles HYT/HAT-HV,in_catalog,yes,protocol_verified,,"Mini Cooper SE pack (32 kWh, shares BMW i3 architecture)",2019+,,15.0.14,HW3.1,BMW technical documentation,
Mini Cooper electric (32 kWh),Huawei SUN2000-(2-6)KTL-L1 (400V),in_catalog,yes,protocol_verified,,"Mini Cooper SE pack (32 kWh, shares BMW i3 architecture)",2019+,,15.0.14,HW3.1,BMW technical documentation,
Mini Cooper electric (32 kWh),Huawei SUN2000-(3-20)K-MB0 (400V),in_catalog,yes,protocol_verified,,"Mini Cooper SE pack (32 kWh, shares BMW i3 architecture)",2019+,,15.0.14,HW3.1,BMW technical documentation,
Mini Cooper electric (32 kWh),Kostal Plenticore Plus (3.0-10),in_catalog,yes,protocol_verified,,"Mini Cooper SE pack (32 kWh, shares BMW i3 architecture)",2019+,,15.0.14,HW3.1,BMW technical documentation,
Mini Cooper electric (32 kWh),Maple Leaf Northern Fox H1-H3-AC1-KH,in_catalog,yes,protocol_verified,,"Mini Cooper SE pack (32 kWh, shares BMW i3 architecture)",2019+,,15.0.14,HW3.1,BMW technical documentation,
Mini Cooper electric (32 kWh),SAJ H2 Hybrid (3-12)K-S2,in_catalog,yes,protocol_verified,,"Mini Cooper SE pack (32 kWh, shares BMW i3 architecture)",2019+,,15.0.14,HW3.1,BMW technical documentation,
Mini Cooper electric (32 kWh),SMA Sunny Boy Smart Energy 3.6 / 4.0 / 5.0 / 6.0-50 Hybrid Inverter,in_catalog,yes,protocol_verified,,"Mini Cooper SE pack (32 kWh, shares BMW i3 architecture)",2019+,,15.0.14,HW3.1,BMW technical documentation,
Mini Cooper electric (32 kWh),SMA Sunny Boy Smart Energy 3.6-6.0,in_catalog,yes,protocol_verified,,"Mini Cooper SE pack (32 kWh, shares BMW i3 architecture)",2019+,,15.0.14,HW3.1,BMW technical documentation,
Mini Cooper electric (32 kWh),SMA Sunny Boy Storage 2.5,in_catalog,yes,protocol_verified,,"Mini Cooper SE pack (32 kWh, shares BMW i3 architecture)",2019+,,15.0.14,HW3.1,BMW technical documentation,
Mini Cooper electric (32 kWh),SMA Sunny Boy Storage 2.5 / 3.7 / 5.0 / 6.0,in_catalog,yes,protocol_verified,,"Mini Cooper SE pack (32 kWh, shares BMW i3 architecture)",2019+,,15.0.14,HW3.1,BMW technical documentation,
Mini Cooper electric (32 kWh),SMA Sunny Tripower Smart 5.0-10.0 SE,in_catalog,yes,protocol_verified,,"Mini Cooper SE pack (32 kWh, shares BMW i3 architecture)",2019+,,15.0.14,HW3.1,BMW technical documentation,
Mini Cooper electric (32 kWh),SMA Sunny Tripower X,in_catalog,yes,protocol_verified,,"Mini Cooper SE pack (32 kWh, shares BMW i3 architecture)",2019+,,15.0.14,HW3.1,BMW technical documentation,
Mini Cooper electric (32 kWh),Sofar 5K...20KTL-3PH,in_catalog,yes,protocol_verified,,"Mini Cooper SE pack (32 kWh, shares BMW i3 architecture)",2019+,,15.0.14,HW3.1,BMW technical documentation,
Mini Cooper electric (32 kWh),Sofar HYD (3-20)KTL-3PH,in_catalog,yes,protocol_verified,,"Mini Cooper SE pack (32 kWh, shares BMW i3 architecture)",2019+,,15.0.14,HW3.1,BMW technical documentation,
Mini Cooper electric (32 kWh),SolaX X1 Hybrid,in_catalog,yes,protocol_verified,,"Mini Cooper SE pack (32 kWh, shares BMW i3 architecture)",2019+,,15.0.14,HW3.1,BMW technical documentation,
Mini Cooper electric (32 kWh),SolaX X1 Hybrid G4,in_catalog,yes,protocol_verified,,"Mini Cooper SE pack (32 kWh, shares BMW i3 architecture)",2019+,,15.0.14,HW3.1,BMW technical documentation,
Mini Cooper electric (32 kWh),SolaX X3 Hybrid,in_catalog,yes,protocol_verified,,"Mini Cooper SE pack (32 kWh, shares BMW i3 architecture)",2019+,,15.0.14,HW3.1,BMW technical documentation,
Mini Cooper electric (32 kWh),SolaX X3 Hybrid G4,in_catalog,yes,protocol_verified,,"Mini Cooper SE pack (32 kWh, shares BMW i3 architecture)",2019+,,15.0.14,HW3.1,BMW technical documentation,
Mini Cooper electric (32 kWh),SolaX X3-Ultra Hybrid,in_catalog,yes,protocol_verified,,"Mini Cooper SE pack (32 kWh, shares BMW i3 architecture)",2019+,,15.0.14,HW3.1,BMW technical documentation,
Mini Cooper electric (32 kWh),Solis RHI-3P(5-10)K-HVES-5G / S6-EH1P10K-H-US-APST,in_catalog,yes,protocol_verified,,"Mini Cooper SE pack (32 kWh, shares BMW i3 architecture)",2019+,,15.0.14,HW3.1,BMW technical documentation,
Mini Cooper electric (32 kWh),Solis RHI-3P(5-10)K-HVES-5G / S6-EH3P-(5-10.0K)-H-EU,in_catalog,yes,protocol_verified,,"Mini Cooper SE pack (32 kWh, shares BMW i3 architecture)",2019+,,15.0.14,HW3.1,BMW technical documentation,
Mini Cooper electric (32 kWh),Solis S5-EH1P (3-6) K-L (5-6 kW 1P US),in_catalog,yes,protocol_verified,,"Mini Cooper SE pack (32 kWh, shares BMW i3 architecture)",2019+,,15.0.14,HW3.1,BMW technical documentation,
Mini Cooper electric (32 kWh),Solis S6-EH3P(8-15)K-H 8-15 kW 3P (5-6 kW 1P US),in_catalog,yes,protocol_verified,,"Mini Cooper SE pack (32 kWh, shares BMW i3 architecture)",2019+,,15.0.14,HW3.1,BMW technical documentation,
Mini Cooper electric (32 kWh),Solxpow Solxpow X3 12-20kW,in_catalog,yes,protocol_verified,,"Mini Cooper SE pack (32 kWh, shares BMW i3 architecture)",2019+,,15.0.14,HW3.1,BMW technical documentation,
Mini Cooper electric (32 kWh),Sungrow SH15T/SH20T/SH25T,in_catalog,yes,protocol_verified,,"Mini Cooper SE pack (32 kWh, shares BMW i3 architecture)",2019+,,15.0.14,HW3.1,BMW technical documentation,
Mini Cooper electric (32 kWh),Sungrow SH3.0/3.6/4.0/5.0/6.0RS,in_catalog,yes,protocol_verified,,"Mini Cooper SE pack (32 kWh, shares BMW i3 architecture)",2019+,,15.0.14,HW3.1,BMW technical documentation,
Mini Cooper electric (32 kWh),Sungrow SH5.0/6.0/8.0/10RT,in_catalog,yes,protocol_verified,,"Mini Cooper SE pack (32 kWh, shares BMW i3 architecture)",2019+,,15.0.14,HW3.1,BMW technical documentation,
Mitsubishi i-Miev (16 kWh),Afore AF17K-THA 230V,in_catalog,yes,protocol_verified,,Mitsubishi i-MiEV pack (16 kWh LEV50 88 cells),2009-2019,,15.0.14,HW3.1,dalathegreat/Battery-Emulator i-MiEV wiki,
Mitsubishi i-Miev (16 kWh),Deye SUN-(29.9-50)K-SG01HP3-EU-BM3,in_catalog,yes,protocol_verified,,Mitsubishi i-MiEV pack (16 kWh LEV50 88 cells),2009-2019,,15.0.14,HW3.1,dalathegreat/Battery-Emulator i-MiEV wiki,
Mitsubishi i-Miev (16 kWh),Deye SUN-(5-20)K-SG01HP3-EU-AM2,in_catalog,yes,protocol_verified,,Mitsubishi i-MiEV pack (16 kWh LEV50 88 cells),2009-2019,,15.0.14,HW3.1,dalathegreat/Battery-Emulator i-MiEV wiki,
Mitsubishi i-Miev (16 kWh),Felicity T-REX-50KHP3G01,in_catalog,yes,protocol_verified,,Mitsubishi i-MiEV pack (16 kWh LEV50 88 cells),2009-2019,,15.0.14,HW3.1,dalathegreat/Battery-Emulator i-MiEV wiki,
Mitsubishi i-Miev (16 kWh),Ferroamp EnergyHub,in_catalog,yes,protocol_verified,,Mitsubishi i-MiEV pack (16 kWh LEV50 88 cells),2009-2019,,15.0.14,HW3.1,dalathegreat/Battery-Emulator i-MiEV wiki,
Mitsubishi i-Miev (16 kWh),FoxESS H1/AC1,in_catalog,yes,protocol_verified,,Mitsubishi i-MiEV pack (16 kWh LEV50 88 cells),2009-2019,,15.0.14,HW3.1,dalathegreat/Battery-Emulator i-MiEV wiki,
Mitsubishi i-Miev (16 kWh),FoxESS H3 Pro,in_catalog,yes,protocol_verified,,Mitsubishi i-MiEV pack (16 kWh LEV50 88 cells),2009-2019,,15.0.14,HW3.1,dalathegreat/Battery-Emulator i-MiEV wiki,
Mitsubishi i-Miev (16 kWh),FoxESS H3 Smart,in_catalog,yes,protocol_verified,,Mitsubishi i-MiEV pack (16 kWh LEV50 88 cells),2009-2019,,15.0.14,HW3.1,dalathegreat/Battery-Emulator i-MiEV wiki,
Mitsubishi i-Miev (16 kWh),FoxESS H3/AC3,in_catalog,yes,protocol_verified,,Mitsubishi i-MiEV pack (16 kWh LEV50 88 cells),2009-2019,,15.0.14,HW3.1,dalathegreat/Battery-Emulator i-MiEV wiki,
Mitsubishi i-Miev (16 kWh),Fronius Primo Gen24 Plus,in_catalog,yes,protocol_verified,,Mitsubishi i-MiEV pack (16 kWh LEV50 88 cells),2009-2019,,15.0.14,HW3.1,dalathegreat/Battery-Emulator i-MiEV wiki,
Mitsubishi i-Miev (16 kWh),Fronius Symo Gen24 Plus,in_catalog,yes,protocol_verified,,Mitsubishi i-MiEV pack (16 kWh LEV50 88 cells),2009-2019,,15.0.14,HW3.1,dalathegreat/Battery-Emulator i-MiEV wiki,
Mitsubishi i-Miev (16 kWh),Fronius Symo Hybrid 3.0/4.0/5.0-3-S,in_catalog,yes,protocol_verified,,Mitsubishi i-MiEV pack (16 kWh LEV50 88 cells),2009-2019,,15.0.14,HW3.1,dalathegreat/Battery-Emulator i-MiEV wiki,
Mitsubishi i-Miev (16 kWh),Fronius Verto Plus 15-33kW,in_catalog,yes,protocol_verified,,Mitsubishi i-MiEV pack (16 kWh LEV50 88 cells),2009-2019,,15.0.14,HW3.1,dalathegreat/Battery-Emulator i-MiEV wiki,
Mitsubishi i-Miev (16 kWh),GoodWe A-ES hybrid inverter (America Split Phase),in_catalog,yes,protocol_verified,,Mitsubishi i-MiEV pack (16 kWh LEV50 88 cells),2009-2019,,15.0.14,HW3.1,dalathegreat/Battery-Emulator i-MiEV wiki,
Mitsubishi i-Miev (16 kWh),GoodWe BH AC battery inverter,in_catalog,yes,protocol_verified,,Mitsubishi i-MiEV pack (16 kWh LEV50 88 cells),2009-2019,,15.0.14,HW3.1,dalathegreat/Battery-Emulator i-MiEV wiki,
Mitsubishi i-Miev (16 kWh),GoodWe BT AC battery inverter,in_catalog,yes,protocol_verified,,Mitsubishi i-MiEV pack (16 kWh LEV50 88 cells),2009-2019,,15.0.14,HW3.1,dalathegreat/Battery-Emulator i-MiEV wiki,
Mitsubishi i-Miev (16 kWh),GoodWe EH hybrid solar,in_catalog,yes,protocol_verified,,Mitsubishi i-MiEV pack (16 kWh LEV50 88 cells),2009-2019,,15.0.14,HW3.1,dalathegreat/Battery-Emulator i-MiEV wiki,
Mitsubishi i-Miev (16 kWh),GoodWe EHB high voltage battery,in_catalog,yes,protocol_verified,,Mitsubishi i-MiEV pack (16 kWh LEV50 88 cells),2009-2019,,15.0.14,HW3.1,dalathegreat/Battery-Emulator i-MiEV wiki,
Mitsubishi i-Miev (16 kWh),GoodWe EHB hybrid inverter (South Africa only),in_catalog,yes,protocol_verified,,Mitsubishi i-MiEV pack (16 kWh LEV50 88 cells),2009-2019,,15.0.14,HW3.1,dalathegreat/Battery-Emulator i-MiEV wiki,
Mitsubishi i-Miev (16 kWh),GoodWe ES hybrid solar,in_catalog,yes,protocol_verified,,Mitsubishi i-MiEV pack (16 kWh LEV50 88 cells),2009-2019,,15.0.14,HW3.1,dalathegreat/Battery-Emulator i-MiEV wiki,
Mitsubishi i-Miev (16 kWh),GoodWe ET hybrid solar,in_catalog,yes,protocol_verified,,Mitsubishi i-MiEV pack (16 kWh LEV50 88 cells),2009-2019,,15.0.14,HW3.1,dalathegreat/Battery-Emulator i-MiEV wiki,
Mitsubishi i-Miev (16 kWh),GoodWe SBP battery inverter,in_catalog,yes,protocol_verified,,Mitsubishi i-MiEV pack (16 kWh LEV50 88 cells),2009-2019,,15.0.14,HW3.1,dalathegreat/Battery-Emulator i-MiEV wiki,
Mitsubishi i-Miev (16 kWh),Growatt HV Growatt SPH,in_catalog,yes,protocol_verified,,Mitsubishi i-MiEV pack (16 kWh LEV50 88 cells),2009-2019,,15.0.14,HW3.1,dalathegreat/Battery-Emulator i-MiEV wiki,
Mitsubishi i-Miev (16 kWh),Growatt HV Growatt SPH (TL3-BH-UP) (5-10kW 3P),in_catalog,yes,protocol_verified,,Mitsubishi i-MiEV pack (16 kWh LEV50 88 cells),2009-2019,,15.0.14,HW3.1,dalathegreat/Battery-Emulator i-MiEV wiki,
Mitsubishi i-Miev (16 kWh),Growatt LV Growatt SPH (4.6-10) (TL3-BH) (5-10kW 3P),in_catalog,yes,protocol_verified,,Mitsubishi i-MiEV pack (16 kWh LEV50 88 cells),2009-2019,,15.0.14,HW3.1,dalathegreat/Battery-Emulator i-MiEV wiki,
Mitsubishi i-Miev (16 kWh),Growatt WIT 50-100K-HU,in_catalog,yes,protocol_verified,,Mitsubishi i-MiEV pack (16 kWh LEV50 88 cells),2009-2019,,15.0.14,HW3.1,dalathegreat/Battery-Emulator i-MiEV wiki,
Mitsubishi i-Miev (16 kWh),Growatt WIT 50-100K-HU (TL3-BH-UP) (5-10kW 3P),in_catalog,yes,protocol_verified,,Mitsubishi i-MiEV pack (16 kWh LEV50 88 cells),2009-2019,,15.0.14,HW3.1,dalathegreat/Battery-Emulator i-MiEV wiki,
Mitsubishi i-Miev (16 kWh),Hoymiles HYT/HAT-HV,in_catalog,yes,protocol_verified,,Mitsubishi i-MiEV pack (16 kWh LEV50 88 cells),2009-2019,,15.0.14,HW3.1,dalathegreat/Battery-Emulator i-MiEV wiki,
Mitsubishi i-Miev (16 kWh),Huawei SUN2000-(2-6)KTL-L1 (400V),in_catalog,yes,protocol_verified,,Mitsubishi i-MiEV pack (16 kWh LEV50 88 cells),2009-2019,,15.0.14,HW3.1,dalathegreat/Battery-Emulator i-MiEV wiki,
Mitsubishi i-Miev (16 kWh),Huawei SUN2000-(3-20)K-MB0 (400V),in_catalog,yes,protocol_verified,,Mitsubishi i-MiEV pack (16 kWh LEV50 88 cells),2009-2019,,15.0.14,HW3.1,dalathegreat/Battery-Emulator i-MiEV wiki,
Mitsubishi i-Miev (16 kWh),Kostal Plenticore Plus (3.0-10),in_catalog,yes,protocol_verified,,Mitsubishi i-MiEV pack (16 kWh LEV50 88 cells),2009-2019,,15.0.14,HW3.1,dalathegreat/Battery-Emulator i-MiEV wiki,
Mitsubishi i-Miev (16 kWh),Maple Leaf Northern Fox H1-H3-AC1-KH,in_catalog,yes,protocol_verified,,Mitsubishi i-MiEV pack (16 kWh LEV50 88 cells),2009-2019,,15.0.14,HW3.1,dalathegreat/Battery-Emulator i-MiEV wiki,
Mitsubishi i-Miev (16 kWh),SAJ H2 Hybrid (3-12)K-S2,in_catalog,yes,protocol_verified,,Mitsubishi i-MiEV pack (16 kWh LEV50 88 cells),2009-2019,,15.0.14,HW3.1,dalathegreat/Battery-Emulator i-MiEV wiki,
Mitsubishi i-Miev (16 kWh),SMA Sunny Boy Smart Energy 3.6 / 4.0 / 5.0 / 6.0-50 Hybrid Inverter,in_catalog,yes,protocol_verified,,Mitsubishi i-MiEV pack (16 kWh LEV50 88 cells),2009-2019,,15.0.14,HW3.1,dalathegreat/Battery-Emulator i-MiEV wiki,
Mitsubishi i-Miev (16 kWh),SMA Sunny Boy Smart Energy 3.6-6.0,in_catalog,yes,protocol_verified,,Mitsubishi i-MiEV pack (16 kWh LEV50 88 cells),2009-2019,,15.0.14,HW3.1,dalathegreat/Battery-Emulator i-MiEV wiki,
Mitsubishi i-Miev (16 kWh),SMA Sunny Boy Storage 2.5,in_catalog,yes,protocol_verified,,Mitsubishi i-MiEV pack (16 kWh LEV50 88 cells),2009-2019,,15.0.14,HW3.1,dalathegreat/Battery-Emulator i-MiEV wiki,
Mitsubishi i-Miev (16 kWh),SMA Sunny Boy Storage 2.5 / 3.7 / 5.0 / 6.0,in_catalog,yes,protocol_verified,,Mitsubishi i-MiEV pack (16 kWh LEV50 88 cells),2009-2019,,15.0.14,HW3.1,dalathegreat/Battery-Emulator i-MiEV wiki,
Mitsubishi i-Miev (16 kWh),SMA Sunny Tripower Smart 5.0-10.0 SE,in_catalog,yes,protocol_verified,,Mitsubishi i-MiEV pack (16 kWh LEV50 88 cells),2009-2019,,15.0.14,HW3.1,dalathegreat/Battery-Emulator i-MiEV wiki,
Mitsubishi i-Miev (16 kWh),SMA Sunny Tripower X,in_catalog,yes,protocol_verified,,Mitsubishi i-MiEV pack (16 kWh LEV50 88 cells),2009-2019,,15.0.14,HW3.1,dalathegreat/Battery-Emulator i-MiEV wiki,
Mitsubishi i-Miev (16 kWh),Sofar 5K...20KTL-3PH,in_catalog,yes,protocol_verified,,Mitsubishi i-MiEV pack (16 kWh LEV50 88 cells),2009-2019,,15.0.14,HW3.1,dalathegreat/Battery-Emulator i-MiEV wiki,
Mitsubishi i-Miev (16 kWh),Sofar HYD (3-20)KTL-3PH,in_catalog,yes,protocol_verified,,Mitsubishi i-MiEV pack (16 kWh LEV50 88 cells),2009-2019,,15.0.14,HW3.1,dalathegreat/Battery-Emulator i-MiEV wiki,
Mitsubishi i-Miev (16 kWh),SolaX X1 Hybrid,in_catalog,yes,protocol_verified,,Mitsubishi i-MiEV pack (16 kWh LEV50 88 cells),2009-2019,,15.0.14,HW3.1,dalathegreat/Battery-Emulator i-MiEV wiki,
Mitsubishi i-Miev (16 kWh),SolaX X1 Hybrid G4,in_catalog,yes,protocol_verified,,Mitsubishi i-MiEV pack (16 kWh LEV50 88 cells),2009-2019,,15.0.14,HW3.1,dalathegreat/Battery-Emulator i-MiEV wiki,
Mitsubishi i-Miev (16 kWh),SolaX X3 Hybrid,in_catalog,yes,protocol_verified,,Mitsubishi i-MiEV pack (16 kWh LEV50 88 cells),2009-2019,,15.0.14,HW3.1,dalathegreat/Battery-Emulator i-MiEV wiki,
Mitsubishi i-Miev (16 kWh),SolaX X3 Hybrid G4,in_catalog,yes,protocol_verified,,Mitsubishi i-MiEV pack (16 kWh LEV50 88 cells),2009-2019,,15.0.14,HW3.1,dalathegreat/Battery-Emulator i-MiEV wiki,
Mitsubishi i-Miev (16 kWh),SolaX X3-Ultra Hybrid,in_catalog,yes,protocol_verified,,Mitsubishi i-MiEV pack (16 kWh LEV50 88 cells),2009-2019,,15.0.14,HW3.1,dalathegreat/Battery-Emulator i-MiEV wiki,
Mitsubishi i-Miev (16 kWh),Solis RHI-3P(5-10)K-HVES-5G / S6-EH1P10K-H-US-APST,in_catalog,yes,protocol_verified,,Mitsubishi i-MiEV pack (16 kWh LEV50 88 cells),2009-2019,,15.0.14,HW3.1,dalathegreat/Battery-Emulator i-MiEV wiki,
Mitsubishi i-Miev (16 kWh),Solis RHI-3P(5-10)K-HVES-5G / S6-EH3P-(5-10.0K)-H-EU,in_catalog,yes,protocol_verified,,Mitsubishi i-MiEV pack (16 kWh LEV50 88 cells),2009-2019,,15.0.14,HW3.1,dalathegreat/Battery-Emulator i-MiEV wiki,
Mitsubishi i-Miev (16 kWh),Solis S5-EH1P (3-6) K-L (5-6 kW 1P US),in_catalog,yes,protocol_verified,,Mitsubishi i-MiEV pack (16 kWh LEV50 88 cells),2009-2019,,15.0.14,HW3.1,dalathegreat/Battery-Emulator i-MiEV wiki,
Mitsubishi i-Miev (16 kWh),Solis S6-EH3P(8-15)K-H 8-15 kW 3P (5-6 kW 1P US),in_catalog,yes,protocol_verified,,Mitsubishi i-MiEV pack (16 kWh LEV50 88 cells),2009-2019,,15.0.14,HW3.1,dalathegreat/Battery-Emulator i-MiEV wiki,
Mitsubishi i-Miev (16 kWh),Solxpow Solxpow X3 12-20kW,in_catalog,yes,protocol_verified,,Mitsubishi i-MiEV pack (16 kWh LEV50 88 cells),2009-2019,,15.0.14,HW3.1,dalathegreat/Battery-Emulator i-MiEV wiki,
Mitsubishi i-Miev (16 kWh),Sungrow SH15T/SH20T/SH25T,in_catalog,yes,protocol_verified,,Mitsubishi i-MiEV pack (16 kWh LEV50 88 cells),2009-2019,,15.0.14,HW3.1,dalathegreat/Battery-Emulator i-MiEV wiki,
Mitsubishi i-Miev (16 kWh),Sungrow SH3.0/3.6/4.0/5.0/6.0RS,in_catalog,yes,protocol_verified,,Mitsubishi i-MiEV pack (16 kWh LEV50 88 cells),2009-2019,,15.0.14,HW3.1,dalathegreat/Battery-Emulator i-MiEV wiki,
Mitsubishi i-Miev (16 kWh),Sungrow SH5.0/6.0/8.0/10RT,in_catalog,yes,protocol_verified,,Mitsubishi i-MiEV pack (16 kWh LEV50 88 cells),2009-2019,,15.0.14,HW3.1,dalathegreat/Battery-Emulator i-MiEV wiki,
Nissan Ariya (65/87 kWh),Afore AF17K-THA 230V,in_catalog,yes,protocol_verified,,"Nissan Ariya pack (65 kWh / 87 kWh, AESC-supplied)",2022+,,15.0.14,HW3.1,Nissan technical documentation + dalathegreat Battery-Emulator Ariya wiki,
Nissan Ariya (65/87 kWh),Deye SUN-(29.9-50)K-SG01HP3-EU-BM3,in_catalog,yes,protocol_verified,,"Nissan Ariya pack (65 kWh / 87 kWh, AESC-supplied)",2022+,,15.0.14,HW3.1,Nissan technical documentation + dalathegreat Battery-Emulator Ariya wiki,
Nissan Ariya (65/87 kWh),Deye SUN-(5-20)K-SG01HP3-EU-AM2,in_catalog,yes,protocol_verified,,"Nissan Ariya pack (65 kWh / 87 kWh, AESC-supplied)",2022+,,15.0.14,HW3.1,Nissan technical documentation + dalathegreat Battery-Emulator Ariya wiki,
Nissan Ariya (65/87 kWh),Felicity T-REX-50KHP3G01,in_catalog,yes,protocol_verified,,"Nissan Ariya pack (65 kWh / 87 kWh, AESC-supplied)",2022+,,15.0.14,HW3.1,Nissan technical documentation + dalathegreat Battery-Emulator Ariya wiki,
Nissan Ariya (65/87 kWh),Ferroamp EnergyHub,in_catalog,yes,protocol_verified,,"Nissan Ariya pack (65 kWh / 87 kWh, AESC-supplied)",2022+,,15.0.14,HW3.1,Nissan technical documentation + dalathegreat Battery-Emulator Ariya wiki,
Nissan Ariya (65/87 kWh),FoxESS H1/AC1,in_catalog,yes,protocol_verified,,"Nissan Ariya pack (65 kWh / 87 kWh, AESC-supplied)",2022+,,15.0.14,HW3.1,Nissan technical documentation + dalathegreat Battery-Emulator Ariya wiki,
Nissan Ariya (65/87 kWh),FoxESS H3 Pro,in_catalog,yes,protocol_verified,,"Nissan Ariya pack (65 kWh / 87 kWh, AESC-supplied)",2022+,,15.0.14,HW3.1,Nissan technical documentation + dalathegreat Battery-Emulator Ariya wiki,
Nissan Ariya (65/87 kWh),FoxESS H3 Smart,in_catalog,yes,protocol_verified,,"Nissan Ariya pack (65 kWh / 87 kWh, AESC-supplied)",2022+,,15.0.14,HW3.1,Nissan technical documentation + dalathegreat Battery-Emulator Ariya wiki,
Nissan Ariya (65/87 kWh),FoxESS H3/AC3,in_catalog,yes,protocol_verified,,"Nissan Ariya pack (65 kWh / 87 kWh, AESC-supplied)",2022+,,15.0.14,HW3.1,Nissan technical documentation + dalathegreat Battery-Emulator Ariya wiki,
Nissan Ariya (65/87 kWh),Fronius Primo Gen24 Plus,in_catalog,yes,protocol_verified,,"Nissan Ariya pack (65 kWh / 87 kWh, AESC-supplied)",2022+,,15.0.14,HW3.1,Nissan technical documentation + dalathegreat Battery-Emulator Ariya wiki,
Nissan Ariya (65/87 kWh),Fronius Symo Gen24 Plus,in_catalog,yes,protocol_verified,,"Nissan Ariya pack (65 kWh / 87 kWh, AESC-supplied)",2022+,,15.0.14,HW3.1,Nissan technical documentation + dalathegreat Battery-Emulator Ariya wiki,
Nissan Ariya (65/87 kWh),Fronius Symo Hybrid 3.0/4.0/5.0-3-S,in_catalog,yes,protocol_verified,,"Nissan Ariya pack (65 kWh / 87 kWh, AESC-supplied)",2022+,,15.0.14,HW3.1,Nissan technical documentation + dalathegreat Battery-Emulator Ariya wiki,
Nissan Ariya (65/87 kWh),Fronius Verto Plus 15-33kW,in_catalog,yes,protocol_verified,,"Nissan Ariya pack (65 kWh / 87 kWh, AESC-supplied)",2022+,,15.0.14,HW3.1,Nissan technical documentation + dalathegreat Battery-Emulator Ariya wiki,
Nissan Ariya (65/87 kWh),GoodWe A-ES hybrid inverter (America Split Phase),in_catalog,yes,protocol_verified,,"Nissan Ariya pack (65 kWh / 87 kWh, AESC-supplied)",2022+,,15.0.14,HW3.1,Nissan technical documentation + dalathegreat Battery-Emulator Ariya wiki,
Nissan Ariya (65/87 kWh),GoodWe BH AC battery inverter,in_catalog,yes,protocol_verified,,"Nissan Ariya pack (65 kWh / 87 kWh, AESC-supplied)",2022+,,15.0.14,HW3.1,Nissan technical documentation + dalathegreat Battery-Emulator Ariya wiki,
Nissan Ariya (65/87 kWh),GoodWe BT AC battery inverter,in_catalog,yes,protocol_verified,,"Nissan Ariya pack (65 kWh / 87 kWh, AESC-supplied)",2022+,,15.0.14,HW3.1,Nissan technical documentation + dalathegreat Battery-Emulator Ariya wiki,
Nissan Ariya (65/87 kWh),GoodWe EH hybrid solar,in_catalog,yes,protocol_verified,,"Nissan Ariya pack (65 kWh / 87 kWh, AESC-supplied)",2022+,,15.0.14,HW3.1,Nissan technical documentation + dalathegreat Battery-Emulator Ariya wiki,
Nissan Ariya (65/87 kWh),GoodWe EHB high voltage battery,in_catalog,yes,protocol_verified,,"Nissan Ariya pack (65 kWh / 87 kWh, AESC-supplied)",2022+,,15.0.14,HW3.1,Nissan technical documentation + dalathegreat Battery-Emulator Ariya wiki,
Nissan Ariya (65/87 kWh),GoodWe EHB hybrid inverter (South Africa only),in_catalog,yes,protocol_verified,,"Nissan Ariya pack (65 kWh / 87 kWh, AESC-supplied)",2022+,,15.0.14,HW3.1,Nissan technical documentation + dalathegreat Battery-Emulator Ariya wiki,
Nissan Ariya (65/87 kWh),GoodWe ES hybrid solar,in_catalog,yes,protocol_verified,,"Nissan Ariya pack (65 kWh / 87 kWh, AESC-supplied)",2022+,,15.0.14,HW3.1,Nissan technical documentation + dalathegreat Battery-Emulator Ariya wiki,
Nissan Ariya (65/87 kWh),GoodWe ET hybrid solar,in_catalog,yes,protocol_verified,,"Nissan Ariya pack (65 kWh / 87 kWh, AESC-supplied)",2022+,,15.0.14,HW3.1,Nissan technical documentation + dalathegreat Battery-Emulator Ariya wiki,
Nissan Ariya (65/87 kWh),GoodWe SBP battery inverter,in_catalog,yes,protocol_verified,,"Nissan Ariya pack (65 kWh / 87 kWh, AESC-supplied)",2022+,,15.0.14,HW3.1,Nissan technical documentation + dalathegreat Battery-Emulator Ariya wiki,
Nissan Ariya (65/87 kWh),Growatt HV Growatt SPH,in_catalog,yes,protocol_verified,,"Nissan Ariya pack (65 kWh / 87 kWh, AESC-supplied)",2022+,,15.0.14,HW3.1,Nissan technical documentation + dalathegreat Battery-Emulator Ariya wiki,
Nissan Ariya (65/87 kWh),Growatt HV Growatt SPH (TL3-BH-UP) (5-10kW 3P),in_catalog,yes,protocol_verified,,"Nissan Ariya pack (65 kWh / 87 kWh, AESC-supplied)",2022+,,15.0.14,HW3.1,Nissan technical documentation + dalathegreat Battery-Emulator Ariya wiki,
Nissan Ariya (65/87 kWh),Growatt LV Growatt SPH (4.6-10) (TL3-BH) (5-10kW 3P),in_catalog,yes,protocol_verified,,"Nissan Ariya pack (65 kWh / 87 kWh, AESC-supplied)",2022+,,15.0.14,HW3.1,Nissan technical documentation + dalathegreat Battery-Emulator Ariya wiki,
Nissan Ariya (65/87 kWh),Growatt WIT 50-100K-HU,in_catalog,yes,protocol_verified,,"Nissan Ariya pack (65 kWh / 87 kWh, AESC-supplied)",2022+,,15.0.14,HW3.1,Nissan technical documentation + dalathegreat Battery-Emulator Ariya wiki,
Nissan Ariya (65/87 kWh),Growatt WIT 50-100K-HU (TL3-BH-UP) (5-10kW 3P),in_catalog,yes,protocol_verified,,"Nissan Ariya pack (65 kWh / 87 kWh, AESC-supplied)",2022+,,15.0.14,HW3.1,Nissan technical documentation + dalathegreat Battery-Emulator Ariya wiki,
Nissan Ariya (65/87 kWh),Hoymiles HYT/HAT-HV,in_catalog,yes,protocol_verified,,"Nissan Ariya pack (65 kWh / 87 kWh, AESC-supplied)",2022+,,15.0.14,HW3.1,Nissan technical documentation + dalathegreat Battery-Emulator Ariya wiki,
Nissan Ariya (65/87 kWh),Huawei SUN2000-(2-6)KTL-L1 (400V),in_catalog,yes,protocol_verified,,"Nissan Ariya pack (65 kWh / 87 kWh, AESC-supplied)",2022+,,15.0.14,HW3.1,Nissan technical documentation + dalathegreat Battery-Emulator Ariya wiki,
Nissan Ariya (65/87 kWh),Huawei SUN2000-(3-20)K-MB0 (400V),in_catalog,yes,protocol_verified,,"Nissan Ariya pack (65 kWh / 87 kWh, AESC-supplied)",2022+,,15.0.14,HW3.1,Nissan technical documentation + dalathegreat Battery-Emulator Ariya wiki,
Nissan Ariya (65/87 kWh),Kostal Plenticore Plus (3.0-10),in_catalog,yes,protocol_verified,,"Nissan Ariya pack (65 kWh / 87 kWh, AESC-supplied)",2022+,,15.0.14,HW3.1,Nissan technical documentation + dalathegreat Battery-Emulator Ariya wiki,
Nissan Ariya (65/87 kWh),Maple Leaf Northern Fox H1-H3-AC1-KH,in_catalog,yes,protocol_verified,,"Nissan Ariya pack (65 kWh / 87 kWh, AESC-supplied)",2022+,,15.0.14,HW3.1,Nissan technical documentation + dalathegreat Battery-Emulator Ariya wiki,
Nissan Ariya (65/87 kWh),SAJ H2 Hybrid (3-12)K-S2,in_catalog,yes,protocol_verified,,"Nissan Ariya pack (65 kWh / 87 kWh, AESC-supplied)",2022+,,15.0.14,HW3.1,Nissan technical documentation + dalathegreat Battery-Emulator Ariya wiki,
Nissan Ariya (65/87 kWh),SMA Sunny Boy Smart Energy 3.6 / 4.0 / 5.0 / 6.0-50 Hybrid Inverter,in_catalog,yes,protocol_verified,,"Nissan Ariya pack (65 kWh / 87 kWh, AESC-supplied)",2022+,,15.0.14,HW3.1,Nissan technical documentation + dalathegreat Battery-Emulator Ariya wiki,
Nissan Ariya (65/87 kWh),SMA Sunny Boy Smart Energy 3.6-6.0,in_catalog,yes,protocol_verified,,"Nissan Ariya pack (65 kWh / 87 kWh, AESC-supplied)",2022+,,15.0.14,HW3.1,Nissan technical documentation + dalathegreat Battery-Emulator Ariya wiki,
Nissan Ariya (65/87 kWh),SMA Sunny Boy Storage 2.5,in_catalog,yes,protocol_verified,,"Nissan Ariya pack (65 kWh / 87 kWh, AESC-supplied)",2022+,,15.0.14,HW3.1,Nissan technical documentation + dalathegreat Battery-Emulator Ariya wiki,
Nissan Ariya (65/87 kWh),SMA Sunny Boy Storage 2.5 / 3.7 / 5.0 / 6.0,in_catalog,yes,protocol_verified,,"Nissan Ariya pack (65 kWh / 87 kWh, AESC-supplied)",2022+,,15.0.14,HW3.1,Nissan technical documentation + dalathegreat Battery-Emulator Ariya wiki,
Nissan Ariya (65/87 kWh),SMA Sunny Tripower Smart 5.0-10.0 SE,in_catalog,yes,protocol_verified,,"Nissan Ariya pack (65 kWh / 87 kWh, AESC-supplied)",2022+,,15.0.14,HW3.1,Nissan technical documentation + dalathegreat Battery-Emulator Ariya wiki,
Nissan Ariya (65/87 kWh),SMA Sunny Tripower X,in_catalog,yes,protocol_verified,,"Nissan Ariya pack (65 kWh / 87 kWh, AESC-supplied)",2022+,,15.0.14,HW3.1,Nissan technical documentation + dalathegreat Battery-Emulator Ariya wiki,
Nissan Ariya (65/87 kWh),Sofar 5K...20KTL-3PH,in_catalog,yes,protocol_verified,,"Nissan Ariya pack (65 kWh / 87 kWh, AESC-supplied)",2022+,,15.0.14,HW3.1,Nissan technical documentation + dalathegreat Battery-Emulator Ariya wiki,
Nissan Ariya (65/87 kWh),Sofar HYD (3-20)KTL-3PH,in_catalog,yes,protocol_verified,,"Nissan Ariya pack (65 kWh / 87 kWh, AESC-supplied)",2022+,,15.0.14,HW3.1,Nissan technical documentation + dalathegreat Battery-Emulator Ariya wiki,
Nissan Ariya (65/87 kWh),SolaX X1 Hybrid,in_catalog,yes,protocol_verified,,"Nissan Ariya pack (65 kWh / 87 kWh, AESC-supplied)",2022+,,15.0.14,HW3.1,Nissan technical documentation + dalathegreat Battery-Emulator Ariya wiki,
Nissan Ariya (65/87 kWh),SolaX X1 Hybrid G4,in_catalog,yes,protocol_verified,,"Nissan Ariya pack (65 kWh / 87 kWh, AESC-supplied)",2022+,,15.0.14,HW3.1,Nissan technical documentation + dalathegreat Battery-Emulator Ariya wiki,
Nissan Ariya (65/87 kWh),SolaX X3 Hybrid,in_catalog,yes,protocol_verified,,"Nissan Ariya pack (65 kWh / 87 kWh, AESC-supplied)",2022+,,15.0.14,HW3.1,Nissan technical documentation + dalathegreat Battery-Emulator Ariya wiki,
Nissan Ariya (65/87 kWh),SolaX X3 Hybrid G4,in_catalog,yes,protocol_verified,,"Nissan Ariya pack (65 kWh / 87 kWh, AESC-supplied)",2022+,,15.0.14,HW3.1,Nissan technical documentation + dalathegreat Battery-Emulator Ariya wiki,
Nissan Ariya (65/87 kWh),SolaX X3-Ultra Hybrid,in_catalog,yes,protocol_verified,,"Nissan Ariya pack (65 kWh / 87 kWh, AESC-supplied)",2022+,,15.0.14,HW3.1,Nissan technical documentation + dalathegreat Battery-Emulator Ariya wiki,
Nissan Ariya (65/87 kWh),Solis RHI-3P(5-10)K-HVES-5G / S6-EH1P10K-H-US-APST,in_catalog,yes,protocol_verified,,"Nissan Ariya pack (65 kWh / 87 kWh, AESC-supplied)",2022+,,15.0.14,HW3.1,Nissan technical documentation + dalathegreat Battery-Emulator Ariya wiki,
Nissan Ariya (65/87 kWh),Solis RHI-3P(5-10)K-HVES-5G / S6-EH3P-(5-10.0K)-H-EU,in_catalog,yes,protocol_verified,,"Nissan Ariya pack (65 kWh / 87 kWh, AESC-supplied)",2022+,,15.0.14,HW3.1,Nissan technical documentation + dalathegreat Battery-Emulator Ariya wiki,
Nissan Ariya (65/87 kWh),Solis S5-EH1P (3-6) K-L (5-6 kW 1P US),in_catalog,yes,protocol_verified,,"Nissan Ariya pack (65 kWh / 87 kWh, AESC-supplied)",2022+,,15.0.14,HW3.1,Nissan technical documentation + dalathegreat Battery-Emulator Ariya wiki,
Nissan Ariya (65/87 kWh),Solis S6-EH3P(8-15)K-H 8-15 kW 3P (5-6 kW 1P US),in_catalog,yes,protocol_verified,,"Nissan Ariya pack (65 kWh / 87 kWh, AESC-supplied)",2022+,,15.0.14,HW3.1,Nissan technical documentation + dalathegreat Battery-Emulator Ariya wiki,
Nissan Ariya (65/87 kWh),Solxpow Solxpow X3 12-20kW,in_catalog,yes,protocol_verified,,"Nissan Ariya pack (65 kWh / 87 kWh, AESC-supplied)",2022+,,15.0.14,HW3.1,Nissan technical documentation + dalathegreat Battery-Emulator Ariya wiki,
Nissan Ariya (65/87 kWh),Sungrow SH15T/SH20T/SH25T,in_catalog,yes,protocol_verified,,"Nissan Ariya pack (65 kWh / 87 kWh, AESC-supplied)",2022+,,15.0.14,HW3.1,Nissan technical documentation + dalathegreat Battery-Emulator Ariya wiki,
Nissan Ariya (65/87 kWh),Sungrow SH3.0/3.6/4.0/5.0/6.0RS,in_catalog,yes,protocol_verified,,"Nissan Ariya pack (65 kWh / 87 kWh, AESC-supplied)",2022+,,15.0.14,HW3.1,Nissan technical documentation + dalathegreat Battery-Emulator Ariya wiki,
Nissan Ariya (65/87 kWh),Sungrow SH5.0/6.0/8.0/10RT,in_catalog,yes,protocol_verified,,"Nissan Ariya pack (65 kWh / 87 kWh, AESC-supplied)",2022+,,15.0.14,HW3.1,Nissan technical documentation + dalathegreat Battery-Emulator Ariya wiki,
Nissan e-NV200 (24/40 kWh),Afore AF17K-THA 230V,in_catalog,yes,protocol_verified,,e-NV200 pack (shares 24/40 kWh Leaf architecture),2014-2021,,15.0.14,HW3.1,Nissan / MyNissanLeaf forum,
Nissan e-NV200 (24/40 kWh),Deye SUN-(29.9-50)K-SG01HP3-EU-BM3,in_catalog,yes,protocol_verified,,e-NV200 pack (shares 24/40 kWh Leaf architecture),2014-2021,,15.0.14,HW3.1,Nissan / MyNissanLeaf forum,
Nissan e-NV200 (24/40 kWh),Deye SUN-(5-20)K-SG01HP3-EU-AM2,in_catalog,yes,protocol_verified,,e-NV200 pack (shares 24/40 kWh Leaf architecture),2014-2021,,15.0.14,HW3.1,Nissan / MyNissanLeaf forum,
Nissan e-NV200 (24/40 kWh),Felicity T-REX-50KHP3G01,in_catalog,yes,protocol_verified,,e-NV200 pack (shares 24/40 kWh Leaf architecture),2014-2021,,15.0.14,HW3.1,Nissan / MyNissanLeaf forum,
Nissan e-NV200 (24/40 kWh),Ferroamp EnergyHub,in_catalog,yes,protocol_verified,,e-NV200 pack (shares 24/40 kWh Leaf architecture),2014-2021,,15.0.14,HW3.1,Nissan / MyNissanLeaf forum,
Nissan e-NV200 (24/40 kWh),FoxESS H1/AC1,in_catalog,yes,protocol_verified,,e-NV200 pack (shares 24/40 kWh Leaf architecture),2014-2021,,15.0.14,HW3.1,Nissan / MyNissanLeaf forum,
Nissan e-NV200 (24/40 kWh),FoxESS H3 Pro,in_catalog,yes,protocol_verified,,e-NV200 pack (shares 24/40 kWh Leaf architecture),2014-2021,,15.0.14,HW3.1,Nissan / MyNissanLeaf forum,
Nissan e-NV200 (24/40 kWh),FoxESS H3 Smart,in_catalog,yes,protocol_verified,,e-NV200 pack (shares 24/40 kWh Leaf architecture),2014-2021,,15.0.14,HW3.1,Nissan / MyNissanLeaf forum,
Nissan e-NV200 (24/40 kWh),FoxESS H3/AC3,in_catalog,yes,protocol_verified,,e-NV200 pack (shares 24/40 kWh Leaf architecture),2014-2021,,15.0.14,HW3.1,Nissan / MyNissanLeaf forum,
Nissan e-NV200 (24/40 kWh),Fronius Primo Gen24 Plus,in_catalog,yes,protocol_verified,,e-NV200 pack (shares 24/40 kWh Leaf architecture),2014-2021,,15.0.14,HW3.1,Nissan / MyNissanLeaf forum,
Nissan e-NV200 (24/40 kWh),Fronius Symo Gen24 Plus,in_catalog,yes,protocol_verified,,e-NV200 pack (shares 24/40 kWh Leaf architecture),2014-2021,,15.0.14,HW3.1,Nissan / MyNissanLeaf forum,
Nissan e-NV200 (24/40 kWh),Fronius Symo Hybrid 3.0/4.0/5.0-3-S,in_catalog,yes,protocol_verified,,e-NV200 pack (shares 24/40 kWh Leaf architecture),2014-2021,,15.0.14,HW3.1,Nissan / MyNissanLeaf forum,
Nissan e-NV200 (24/40 kWh),Fronius Verto Plus 15-33kW,in_catalog,yes,protocol_verified,,e-NV200 pack (shares 24/40 kWh Leaf architecture),2014-2021,,15.0.14,HW3.1,Nissan / MyNissanLeaf forum,
Nissan e-NV200 (24/40 kWh),GoodWe A-ES hybrid inverter (America Split Phase),in_catalog,yes,protocol_verified,,e-NV200 pack (shares 24/40 kWh Leaf architecture),2014-2021,,15.0.14,HW3.1,Nissan / MyNissanLeaf forum,
Nissan e-NV200 (24/40 kWh),GoodWe BH AC battery inverter,in_catalog,yes,protocol_verified,,e-NV200 pack (shares 24/40 kWh Leaf architecture),2014-2021,,15.0.14,HW3.1,Nissan / MyNissanLeaf forum,
Nissan e-NV200 (24/40 kWh),GoodWe BT AC battery inverter,in_catalog,yes,protocol_verified,,e-NV200 pack (shares 24/40 kWh Leaf architecture),2014-2021,,15.0.14,HW3.1,Nissan / MyNissanLeaf forum,
Nissan e-NV200 (24/40 kWh),GoodWe EH hybrid solar,in_catalog,yes,protocol_verified,,e-NV200 pack (shares 24/40 kWh Leaf architecture),2014-2021,,15.0.14,HW3.1,Nissan / MyNissanLeaf forum,
Nissan e-NV200 (24/40 kWh),GoodWe EHB high voltage battery,in_catalog,yes,protocol_verified,,e-NV200 pack (shares 24/40 kWh Leaf architecture),2014-2021,,15.0.14,HW3.1,Nissan / MyNissanLeaf forum,
Nissan e-NV200 (24/40 kWh),GoodWe EHB hybrid inverter (South Africa only),in_catalog,yes,protocol_verified,,e-NV200 pack (shares 24/40 kWh Leaf architecture),2014-2021,,15.0.14,HW3.1,Nissan / MyNissanLeaf forum,
Nissan e-NV200 (24/40 kWh),GoodWe ES hybrid solar,in_catalog,yes,protocol_verified,,e-NV200 pack (shares 24/40 kWh Leaf architecture),2014-2021,,15.0.14,HW3.1,Nissan / MyNissanLeaf forum,
Nissan e-NV200 (24/40 kWh),GoodWe ET hybrid solar,in_catalog,yes,protocol_verified,,e-NV200 pack (shares 24/40 kWh Leaf architecture),2014-2021,,15.0.14,HW3.1,Nissan / MyNissanLeaf forum,
Nissan e-NV200 (24/40 kWh),GoodWe SBP battery inverter,in_catalog,yes,protocol_verified,,e-NV200 pack (shares 24/40 kWh Leaf architecture),2014-2021,,15.0.14,HW3.1,Nissan / MyNissanLeaf forum,
Nissan e-NV200 (24/40 kWh),Growatt HV Growatt SPH,in_catalog,yes,protocol_verified,,e-NV200 pack (shares 24/40 kWh Leaf architecture),2014-2021,,15.0.14,HW3.1,Nissan / MyNissanLeaf forum,
Nissan e-NV200 (24/40 kWh),Growatt HV Growatt SPH (TL3-BH-UP) (5-10kW 3P),in_catalog,yes,protocol_verified,,e-NV200 pack (shares 24/40 kWh Leaf architecture),2014-2021,,15.0.14,HW3.1,Nissan / MyNissanLeaf forum,
Nissan e-NV200 (24/40 kWh),Growatt LV Growatt SPH (4.6-10) (TL3-BH) (5-10kW 3P),in_catalog,yes,protocol_verified,,e-NV200 pack (shares 24/40 kWh Leaf architecture),2014-2021,,15.0.14,HW3.1,Nissan / MyNissanLeaf forum,
Nissan e-NV200 (24/40 kWh),Growatt WIT 50-100K-HU,in_catalog,yes,protocol_verified,,e-NV200 pack (shares 24/40 kWh Leaf architecture),2014-2021,,15.0.14,HW3.1,Nissan / MyNissanLeaf forum,
Nissan e-NV200 (24/40 kWh),Growatt WIT 50-100K-HU (TL3-BH-UP) (5-10kW 3P),in_catalog,yes,protocol_verified,,e-NV200 pack (shares 24/40 kWh Leaf architecture),2014-2021,,15.0.14,HW3.1,Nissan / MyNissanLeaf forum,
Nissan e-NV200 (24/40 kWh),Hoymiles HYT/HAT-HV,in_catalog,yes,protocol_verified,,e-NV200 pack (shares 24/40 kWh Leaf architecture),2014-2021,,15.0.14,HW3.1,Nissan / MyNissanLeaf forum,
Nissan e-NV200 (24/40 kWh),Huawei SUN2000-(2-6)KTL-L1 (400V),in_catalog,yes,protocol_verified,,e-NV200 pack (shares 24/40 kWh Leaf architecture),2014-2021,,15.0.14,HW3.1,Nissan / MyNissanLeaf forum,
Nissan e-NV200 (24/40 kWh),Huawei SUN2000-(3-20)K-MB0 (400V),in_catalog,yes,protocol_verified,,e-NV200 pack (shares 24/40 kWh Leaf architecture),2014-2021,,15.0.14,HW3.1,Nissan / MyNissanLeaf forum,
Nissan e-NV200 (24/40 kWh),Kostal Plenticore Plus (3.0-10),in_catalog,yes,protocol_verified,,e-NV200 pack (shares 24/40 kWh Leaf architecture),2014-2021,,15.0.14,HW3.1,Nissan / MyNissanLeaf forum,
Nissan e-NV200 (24/40 kWh),Maple Leaf Northern Fox H1-H3-AC1-KH,in_catalog,yes,protocol_verified,,e-NV200 pack (shares 24/40 kWh Leaf architecture),2014-2021,,15.0.14,HW3.1,Nissan / MyNissanLeaf forum,
Nissan e-NV200 (24/40 kWh),SAJ H2 Hybrid (3-12)K-S2,in_catalog,yes,protocol_verified,,e-NV200 pack (shares 24/40 kWh Leaf architecture),2014-2021,,15.0.14,HW3.1,Nissan / MyNissanLeaf forum,
Nissan e-NV200 (24/40 kWh),SMA Sunny Boy Smart Energy 3.6 / 4.0 / 5.0 / 6.0-50 Hybrid Inverter,in_catalog,yes,protocol_verified,,e-NV200 pack (shares 24/40 kWh Leaf architecture),2014-2021,,15.0.14,HW3.1,Nissan / MyNissanLeaf forum,
Nissan e-NV200 (24/40 kWh),SMA Sunny Boy Smart Energy 3.6-6.0,in_catalog,yes,protocol_verified,,e-NV200 pack (shares 24/40 kWh Leaf architecture),2014-2021,,15.0.14,HW3.1,Nissan / MyNissanLeaf forum,
Nissan e-NV200 (24/40 kWh),SMA Sunny Boy Storage 2.5,in_catalog,yes,protocol_verified,,e-NV200 pack (shares 24/40 kWh Leaf architecture),2014-2021,,15.0.14,HW3.1,Nissan / MyNissanLeaf forum,
Nissan e-NV200 (24/40 kWh),SMA Sunny Boy Storage 2.5 / 3.7 / 5.0 / 6.0,in_catalog,yes,protocol_verified,,e-NV200 pack (shares 24/40 kWh Leaf architecture),2014-2021,,15.0.14,HW3.1,Nissan / MyNissanLeaf forum,
Nissan e-NV200 (24/40 kWh),SMA Sunny Tripower Smart 5.0-10.0 SE,in_catalog,yes,protocol_verified,,e-NV200 pack (shares 24/40 kWh Leaf architecture),2014-2021,,15.0.14,HW3.1,Nissan / MyNissanLeaf forum,
Nissan e-NV200 (24/40 kWh),SMA Sunny Tripower X,in_catalog,yes,protocol_verified,,e-NV200 pack (shares 24/40 kWh Leaf architecture),2014-2021,,15.0.14,HW3.1,Nissan / MyNissanLeaf forum,
Nissan e-NV200 (24/40 kWh),Sofar 5K...20KTL-3PH,in_catalog,yes,protocol_verified,,e-NV200 pack (shares 24/40 kWh Leaf architecture),2014-2021,,15.0.14,HW3.1,Nissan / MyNissanLeaf forum,
Nissan e-NV200 (24/40 kWh),Sofar HYD (3-20)KTL-3PH,in_catalog,yes,protocol_verified,,e-NV200 pack (shares 24/40 kWh Leaf architecture),2014-2021,,15.0.14,HW3.1,Nissan / MyNissanLeaf forum,
Nissan e-NV200 (24/40 kWh),SolaX X1 Hybrid,in_catalog,yes,protocol_verified,,e-NV200 pack (shares 24/40 kWh Leaf architecture),2014-2021,,15.0.14,HW3.1,Nissan / MyNissanLeaf forum,
Nissan e-NV200 (24/40 kWh),SolaX X1 Hybrid G4,in_catalog,yes,protocol_verified,,e-NV200 pack (shares 24/40 kWh Leaf architecture),2014-2021,,15.0.14,HW3.1,Nissan / MyNissanLeaf forum,
Nissan e-NV200 (24/40 kWh),SolaX X3 Hybrid,in_catalog,yes,protocol_verified,,e-NV200 pack (shares 24/40 kWh Leaf architecture),2014-2021,,15.0.14,HW3.1,Nissan / MyNissanLeaf forum,
Nissan e-NV200 (24/40 kWh),SolaX X3 Hybrid G4,in_catalog,yes,protocol_verified,,e-NV200 pack (shares 24/40 kWh Leaf architecture),2014-2021,,15.0.14,HW3.1,Nissan / MyNissanLeaf forum,
Nissan e-NV200 (24/40 kWh),SolaX X3-Ultra Hybrid,in_catalog,yes,protocol_verified,,e-NV200 pack (shares 24/40 kWh Leaf architecture),2014-2021,,15.0.14,HW3.1,Nissan / MyNissanLeaf forum,
Nissan e-NV200 (24/40 kWh),Solis RHI-3P(5-10)K-HVES-5G / S6-EH1P10K-H-US-APST,in_catalog,yes,protocol_verified,,e-NV200 pack (shares 24/40 kWh Leaf architecture),2014-2021,,15.0.14,HW3.1,Nissan / MyNissanLeaf forum,
Nissan e-NV200 (24/40 kWh),Solis RHI-3P(5-10)K-HVES-5G / S6-EH3P-(5-10.0K)-H-EU,in_catalog,yes,protocol_verified,,e-NV200 pack (shares 24/40 kWh Leaf architecture),2014-2021,,15.0.14,HW3.1,Nissan / MyNissanLeaf forum,
Nissan e-NV200 (24/40 kWh),Solis S5-EH1P (3-6) K-L (5-6 kW 1P US),in_catalog,yes,protocol_verified,,e-NV200 pack (shares 24/40 kWh Leaf architecture),2014-2021,,15.0.14,HW3.1,Nissan / MyNissanLeaf forum,
Nissan e-NV200 (24/40 kWh),Solis S6-EH3P(8-15)K-H 8-15 kW 3P (5-6 kW 1P US),in_catalog,yes,protocol_verified,,e-NV200 pack (shares 24/40 kWh Leaf architecture),2014-2021,,15.0.14,HW3.1,Nissan / MyNissanLeaf forum,
Nissan e-NV200 (24/40 kWh),Solxpow Solxpow X3 12-20kW,in_catalog,yes,protocol_verified,,e-NV200 pack (shares 24/40 kWh Leaf architecture),2014-2021,,15.0.14,HW3.1,Nissan / MyNissanLeaf forum,
Nissan e-NV200 (24/40 kWh),Sungrow SH15T/SH20T/SH25T,in_catalog,yes,protocol_verified,,e-NV200 pack (shares 24/40 kWh Leaf architecture),2014-2021,,15.0.14,HW3.1,Nissan / MyNissanLeaf forum,
Nissan e-NV200 (24/40 kWh),Sungrow SH3.0/3.6/4.0/5.0/6.0RS,in_catalog,yes,protocol_verified,,e-NV200 pack (shares 24/40 kWh Leaf architecture),2014-2021,,15.0.14,HW3.1,Nissan / MyNissanLeaf forum,
Nissan e-NV200 (24/40 kWh),Sungrow SH5.0/6.0/8.0/10RT,in_catalog,yes,protocol_verified,,e-NV200 pack (shares 24/40 kWh Leaf architecture),2014-2021,,15.0.14,HW3.1,Nissan / MyNissanLeaf forum,
Nissan LEAF (24/30/40/62 kWh),Afore AF17K-THA 230V,in_catalog,yes,protocol_verified,,Nissan 295B0-3NA (24 kWh) / 295B0-4NA (30 kWh) / 295B0-5SA (40 kWh) / 295B0-9UF (62 kWh Leaf+),2011-2023 (four generations),,15.0.14,HW3.1,My Nissan Leaf forum + LeafSpy + dalathegreat,
Nissan LEAF (24/30/40/62 kWh),Deye SUN-(29.9-50)K-SG01HP3-EU-BM3,in_catalog,yes,protocol_verified,,Nissan 295B0-3NA (24 kWh) / 295B0-4NA (30 kWh) / 295B0-5SA (40 kWh) / 295B0-9UF (62 kWh Leaf+),2011-2023 (four generations),,15.0.14,HW3.1,My Nissan Leaf forum + LeafSpy + dalathegreat,
Nissan LEAF (24/30/40/62 kWh),Deye SUN-(5-20)K-SG01HP3-EU-AM2,in_catalog,yes,protocol_verified,,Nissan 295B0-3NA (24 kWh) / 295B0-4NA (30 kWh) / 295B0-5SA (40 kWh) / 295B0-9UF (62 kWh Leaf+),2011-2023 (four generations),,15.0.14,HW3.1,My Nissan Leaf forum + LeafSpy + dalathegreat,
Nissan LEAF (24/30/40/62 kWh),Felicity T-REX-50KHP3G01,in_catalog,yes,protocol_verified,,Nissan 295B0-3NA (24 kWh) / 295B0-4NA (30 kWh) / 295B0-5SA (40 kWh) / 295B0-9UF (62 kWh Leaf+),2011-2023 (four generations),,15.0.14,HW3.1,My Nissan Leaf forum + LeafSpy + dalathegreat,
Nissan LEAF (24/30/40/62 kWh),Ferroamp EnergyHub,in_catalog,yes,protocol_verified,,Nissan 295B0-3NA (24 kWh) / 295B0-4NA (30 kWh) / 295B0-5SA (40 kWh) / 295B0-9UF (62 kWh Leaf+),2011-2023 (four generations),,15.0.14,HW3.1,My Nissan Leaf forum + LeafSpy + dalathegreat,
Nissan LEAF (24/30/40/62 kWh),FoxESS H1/AC1,in_catalog,yes,protocol_verified,,Nissan 295B0-3NA (24 kWh) / 295B0-4NA (30 kWh) / 295B0-5SA (40 kWh) / 295B0-9UF (62 kWh Leaf+),2011-2023 (four generations),,15.0.14,HW3.1,My Nissan Leaf forum + LeafSpy + dalathegreat,
Nissan LEAF (24/30/40/62 kWh),FoxESS H3 Pro,in_catalog,yes,protocol_verified,,Nissan 295B0-3NA (24 kWh) / 295B0-4NA (30 kWh) / 295B0-5SA (40 kWh) / 295B0-9UF (62 kWh Leaf+),2011-2023 (four generations),,15.0.14,HW3.1,My Nissan Leaf forum + LeafSpy + dalathegreat,
Nissan LEAF (24/30/40/62 kWh),FoxESS H3 Smart,in_catalog,yes,protocol_verified,,Nissan 295B0-3NA (24 kWh) / 295B0-4NA (30 kWh) / 295B0-5SA (40 kWh) / 295B0-9UF (62 kWh Leaf+),2011-2023 (four generations),,15.0.14,HW3.1,My Nissan Leaf forum + LeafSpy + dalathegreat,
Nissan LEAF (24/30/40/62 kWh),FoxESS H3/AC3,in_catalog,yes,protocol_verified,,Nissan 295B0-3NA (24 kWh) / 295B0-4NA (30 kWh) / 295B0-5SA (40 kWh) / 295B0-9UF (62 kWh Leaf+),2011-2023 (four generations),,15.0.14,HW3.1,My Nissan Leaf forum + LeafSpy + dalathegreat,
Nissan LEAF (24/30/40/62 kWh),Fronius Primo Gen24 Plus,in_catalog,yes,protocol_verified,,Nissan 295B0-3NA (24 kWh) / 295B0-4NA (30 kWh) / 295B0-5SA (40 kWh) / 295B0-9UF (62 kWh Leaf+),2011-2023 (four generations),,15.0.14,HW3.1,My Nissan Leaf forum + LeafSpy + dalathegreat,
Nissan LEAF (24/30/40/62 kWh),Fronius Symo Gen24 Plus,in_catalog,yes,protocol_verified,,Nissan 295B0-3NA (24 kWh) / 295B0-4NA (30 kWh) / 295B0-5SA (40 kWh) / 295B0-9UF (62 kWh Leaf+),2011-2023 (four generations),,15.0.14,HW3.1,My Nissan Leaf forum + LeafSpy + dalathegreat,
Nissan LEAF (24/30/40/62 kWh),Fronius Symo Hybrid 3.0/4.0/5.0-3-S,in_catalog,yes,protocol_verified,,Nissan 295B0-3NA (24 kWh) / 295B0-4NA (30 kWh) / 295B0-5SA (40 kWh) / 295B0-9UF (62 kWh Leaf+),2011-2023 (four generations),,15.0.14,HW3.1,My Nissan Leaf forum + LeafSpy + dalathegreat,
Nissan LEAF (24/30/40/62 kWh),Fronius Verto Plus 15-33kW,in_catalog,yes,protocol_verified,,Nissan 295B0-3NA (24 kWh) / 295B0-4NA (30 kWh) / 295B0-5SA (40 kWh) / 295B0-9UF (62 kWh Leaf+),2011-2023 (four generations),,15.0.14,HW3.1,My Nissan Leaf forum + LeafSpy + dalathegreat,
Nissan LEAF (24/30/40/62 kWh),GoodWe A-ES hybrid inverter (America Split Phase),in_catalog,yes,protocol_verified,,Nissan 295B0-3NA (24 kWh) / 295B0-4NA (30 kWh) / 295B0-5SA (40 kWh) / 295B0-9UF (62 kWh Leaf+),2011-2023 (four generations),,15.0.14,HW3.1,My Nissan Leaf forum + LeafSpy + dalathegreat,
Nissan LEAF (24/30/40/62 kWh),GoodWe BH AC battery inverter,in_catalog,yes,protocol_verified,,Nissan 295B0-3NA (24 kWh) / 295B0-4NA (30 kWh) / 295B0-5SA (40 kWh) / 295B0-9UF (62 kWh Leaf+),2011-2023 (four generations),,15.0.14,HW3.1,My Nissan Leaf forum + LeafSpy + dalathegreat,
Nissan LEAF (24/30/40/62 kWh),GoodWe BT AC battery inverter,in_catalog,yes,protocol_verified,,Nissan 295B0-3NA (24 kWh) / 295B0-4NA (30 kWh) / 295B0-5SA (40 kWh) / 295B0-9UF (62 kWh Leaf+),2011-2023 (four generations),,15.0.14,HW3.1,My Nissan Leaf forum + LeafSpy + dalathegreat,
Nissan LEAF (24/30/40/62 kWh),GoodWe EH hybrid solar,in_catalog,yes,protocol_verified,,Nissan 295B0-3NA (24 kWh) / 295B0-4NA (30 kWh) / 295B0-5SA (40 kWh) / 295B0-9UF (62 kWh Leaf+),2011-2023 (four generations),,15.0.14,HW3.1,My Nissan Leaf forum + LeafSpy + dalathegreat,
Nissan LEAF (24/30/40/62 kWh),GoodWe EHB high voltage battery,in_catalog,yes,protocol_verified,,Nissan 295B0-3NA (24 kWh) / 295B0-4NA (30 kWh) / 295B0-5SA (40 kWh) / 295B0-9UF (62 kWh Leaf+),2011-2023 (four generations),,15.0.14,HW3.1,My Nissan Leaf forum + LeafSpy + dalathegreat,
Nissan LEAF (24/30/40/62 kWh),GoodWe EHB hybrid inverter (South Africa only),in_catalog,yes,protocol_verified,,Nissan 295B0-3NA (24 kWh) / 295B0-4NA (30 kWh) / 295B0-5SA (40 kWh) / 295B0-9UF (62 kWh Leaf+),2011-2023 (four generations),,15.0.14,HW3.1,My Nissan Leaf forum + LeafSpy + dalathegreat,
Nissan LEAF (24/30/40/62 kWh),GoodWe ES hybrid solar,in_catalog,yes,protocol_verified,,Nissan 295B0-3NA (24 kWh) / 295B0-4NA (30 kWh) / 295B0-5SA (40 kWh) / 295B0-9UF (62 kWh Leaf+),2011-2023 (four generations),,15.0.14,HW3.1,My Nissan Leaf forum + LeafSpy + dalathegreat,
Nissan LEAF (24/30/40/62 kWh),GoodWe ET hybrid solar,in_catalog,yes,protocol_verified,,Nissan 295B0-3NA (24 kWh) / 295B0-4NA (30 kWh) / 295B0-5SA (40 kWh) / 295B0-9UF (62 kWh Leaf+),2011-2023 (four generations),,15.0.14,HW3.1,My Nissan Leaf forum + LeafSpy + dalathegreat,
Nissan LEAF (24/30/40/62 kWh),GoodWe SBP battery inverter,in_catalog,yes,protocol_verified,,Nissan 295B0-3NA (24 kWh) / 295B0-4NA (30 kWh) / 295B0-5SA (40 kWh) / 295B0-9UF (62 kWh Leaf+),2011-2023 (four generations),,15.0.14,HW3.1,My Nissan Leaf forum + LeafSpy + dalathegreat,
Nissan LEAF (24/30/40/62 kWh),Growatt HV Growatt SPH,in_catalog,yes,protocol_verified,,Nissan 295B0-3NA (24 kWh) / 295B0-4NA (30 kWh) / 295B0-5SA (40 kWh) / 295B0-9UF (62 kWh Leaf+),2011-2023 (four generations),,15.0.14,HW3.1,My Nissan Leaf forum + LeafSpy + dalathegreat,
Nissan LEAF (24/30/40/62 kWh),Growatt HV Growatt SPH (TL3-BH-UP) (5-10kW 3P),in_catalog,yes,protocol_verified,,Nissan 295B0-3NA (24 kWh) / 295B0-4NA (30 kWh) / 295B0-5SA (40 kWh) / 295B0-9UF (62 kWh Leaf+),2011-2023 (four generations),,15.0.14,HW3.1,My Nissan Leaf forum + LeafSpy + dalathegreat,
Nissan LEAF (24/30/40/62 kWh),Growatt LV Growatt SPH (4.6-10) (TL3-BH) (5-10kW 3P),in_catalog,yes,protocol_verified,,Nissan 295B0-3NA (24 kWh) / 295B0-4NA (30 kWh) / 295B0-5SA (40 kWh) / 295B0-9UF (62 kWh Leaf+),2011-2023 (four generations),,15.0.14,HW3.1,My Nissan Leaf forum + LeafSpy + dalathegreat,
Nissan LEAF (24/30/40/62 kWh),Growatt WIT 50-100K-HU,in_catalog,yes,protocol_verified,,Nissan 295B0-3NA (24 kWh) / 295B0-4NA (30 kWh) / 295B0-5SA (40 kWh) / 295B0-9UF (62 kWh Leaf+),2011-2023 (four generations),,15.0.14,HW3.1,My Nissan Leaf forum + LeafSpy + dalathegreat,
Nissan LEAF (24/30/40/62 kWh),Growatt WIT 50-100K-HU (TL3-BH-UP) (5-10kW 3P),in_catalog,yes,protocol_verified,,Nissan 295B0-3NA (24 kWh) / 295B0-4NA (30 kWh) / 295B0-5SA (40 kWh) / 295B0-9UF (62 kWh Leaf+),2011-2023 (four generations),,15.0.14,HW3.1,My Nissan Leaf forum + LeafSpy + dalathegreat,
Nissan LEAF (24/30/40/62 kWh),Hoymiles HYT/HAT-HV,in_catalog,yes,protocol_verified,,Nissan 295B0-3NA (24 kWh) / 295B0-4NA (30 kWh) / 295B0-5SA (40 kWh) / 295B0-9UF (62 kWh Leaf+),2011-2023 (four generations),,15.0.14,HW3.1,My Nissan Leaf forum + LeafSpy + dalathegreat,
Nissan LEAF (24/30/40/62 kWh),Huawei SUN2000-(2-6)KTL-L1 (400V),in_catalog,yes,protocol_verified,,Nissan 295B0-3NA (24 kWh) / 295B0-4NA (30 kWh) / 295B0-5SA (40 kWh) / 295B0-9UF (62 kWh Leaf+),2011-2023 (four generations),,15.0.14,HW3.1,My Nissan Leaf forum + LeafSpy + dalathegreat,
Nissan LEAF (24/30/40/62 kWh),Huawei SUN2000-(3-20)K-MB0 (400V),in_catalog,yes,protocol_verified,,Nissan 295B0-3NA (24 kWh) / 295B0-4NA (30 kWh) / 295B0-5SA (40 kWh) / 295B0-9UF (62 kWh Leaf+),2011-2023 (four generations),,15.0.14,HW3.1,My Nissan Leaf forum + LeafSpy + dalathegreat,
Nissan LEAF (24/30/40/62 kWh),Kostal Plenticore Plus (3.0-10),in_catalog,yes,protocol_verified,,Nissan 295B0-3NA (24 kWh) / 295B0-4NA (30 kWh) / 295B0-5SA (40 kWh) / 295B0-9UF (62 kWh Leaf+),2011-2023 (four generations),,15.0.14,HW3.1,My Nissan Leaf forum + LeafSpy + dalathegreat,
Nissan LEAF (24/30/40/62 kWh),Maple Leaf Northern Fox H1-H3-AC1-KH,in_catalog,yes,protocol_verified,,Nissan 295B0-3NA (24 kWh) / 295B0-4NA (30 kWh) / 295B0-5SA (40 kWh) / 295B0-9UF (62 kWh Leaf+),2011-2023 (four generations),,15.0.14,HW3.1,My Nissan Leaf forum + LeafSpy + dalathegreat,
Nissan LEAF (24/30/40/62 kWh),SAJ H2 Hybrid (3-12)K-S2,in_catalog,yes,protocol_verified,,Nissan 295B0-3NA (24 kWh) / 295B0-4NA (30 kWh) / 295B0-5SA (40 kWh) / 295B0-9UF (62 kWh Leaf+),2011-2023 (four generations),,15.0.14,HW3.1,My Nissan Leaf forum + LeafSpy + dalathegreat,
Nissan LEAF (24/30/40/62 kWh),SMA Sunny Boy Smart Energy 3.6 / 4.0 / 5.0 / 6.0-50 Hybrid Inverter,in_catalog,yes,protocol_verified,,Nissan 295B0-3NA (24 kWh) / 295B0-4NA (30 kWh) / 295B0-5SA (40 kWh) / 295B0-9UF (62 kWh Leaf+),2011-2023 (four generations),,15.0.14,HW3.1,My Nissan Leaf forum + LeafSpy + dalathegreat,
Nissan LEAF (24/30/40/62 kWh),SMA Sunny Boy Smart Energy 3.6-6.0,in_catalog,yes,protocol_verified,,Nissan 295B0-3NA (24 kWh) / 295B0-4NA (30 kWh) / 295B0-5SA (40 kWh) / 295B0-9UF (62 kWh Leaf+),2011-2023 (four generations),,15.0.14,HW3.1,My Nissan Leaf forum + LeafSpy + dalathegreat,
Nissan LEAF (24/30/40/62 kWh),SMA Sunny Boy Storage 2.5,in_catalog,yes,protocol_verified,,Nissan 295B0-3NA (24 kWh) / 295B0-4NA (30 kWh) / 295B0-5SA (40 kWh) / 295B0-9UF (62 kWh Leaf+),2011-2023 (four generations),,15.0.14,HW3.1,My Nissan Leaf forum + LeafSpy + dalathegreat,
Nissan LEAF (24/30/40/62 kWh),SMA Sunny Boy Storage 2.5 / 3.7 / 5.0 / 6.0,in_catalog,yes,protocol_verified,,Nissan 295B0-3NA (24 kWh) / 295B0-4NA (30 kWh) / 295B0-5SA (40 kWh) / 295B0-9UF (62 kWh Leaf+),2011-2023 (four generations),,15.0.14,HW3.1,My Nissan Leaf forum + LeafSpy + dalathegreat,
Nissan LEAF (24/30/40/62 kWh),SMA Sunny Tripower Smart 5.0-10.0 SE,in_catalog,yes,protocol_verified,,Nissan 295B0-3NA (24 kWh) / 295B0-4NA (30 kWh) / 295B0-5SA (40 kWh) / 295B0-9UF (62 kWh Leaf+),2011-2023 (four generations),,15.0.14,HW3.1,My Nissan Leaf forum + LeafSpy + dalathegreat,
Nissan LEAF (24/30/40/62 kWh),SMA Sunny Tripower X,in_catalog,yes,protocol_verified,,Nissan 295B0-3NA (24 kWh) / 295B0-4NA (30 kWh) / 295B0-5SA (40 kWh) / 295B0-9UF (62 kWh Leaf+),2011-2023 (four generations),,15.0.14,HW3.1,My Nissan Leaf forum + LeafSpy + dalathegreat,
Nissan LEAF (24/30/40/62 kWh),Sofar 5K...20KTL-3PH,in_catalog,yes,protocol_verified,,Nissan 295B0-3NA (24 kWh) / 295B0-4NA (30 kWh) / 295B0-5SA (40 kWh) / 295B0-9UF (62 kWh Leaf+),2011-2023 (four generations),,15.0.14,HW3.1,My Nissan Leaf forum + LeafSpy + dalathegreat,
Nissan LEAF (24/30/40/62 kWh),Sofar HYD (3-20)KTL-3PH,in_catalog,yes,field_verified,2026-07,Nissan 295B0-3NA (24 kWh) / 295B0-4NA (30 kWh) / 295B0-5SA (40 kWh) / 295B0-9UF (62 kWh Leaf+),2011-2023 (four generations),,15.0.14,HW3.1,PV Magazine Deutschland July 2026 (Nissan Leaf 40 kWh + SOFAR HYD installation photo),Featured in PV Magazine DE article on second-life EV batteries. Installation photo dated 2026-07-06.
Nissan LEAF (24/30/40/62 kWh),SolaX X1 Hybrid,in_catalog,yes,protocol_verified,,Nissan 295B0-3NA (24 kWh) / 295B0-4NA (30 kWh) / 295B0-5SA (40 kWh) / 295B0-9UF (62 kWh Leaf+),2011-2023 (four generations),,15.0.14,HW3.1,My Nissan Leaf forum + LeafSpy + dalathegreat,
Nissan LEAF (24/30/40/62 kWh),SolaX X1 Hybrid G4,in_catalog,yes,protocol_verified,,Nissan 295B0-3NA (24 kWh) / 295B0-4NA (30 kWh) / 295B0-5SA (40 kWh) / 295B0-9UF (62 kWh Leaf+),2011-2023 (four generations),,15.0.14,HW3.1,My Nissan Leaf forum + LeafSpy + dalathegreat,
Nissan LEAF (24/30/40/62 kWh),SolaX X3 Hybrid,in_catalog,yes,protocol_verified,,Nissan 295B0-3NA (24 kWh) / 295B0-4NA (30 kWh) / 295B0-5SA (40 kWh) / 295B0-9UF (62 kWh Leaf+),2011-2023 (four generations),,15.0.14,HW3.1,My Nissan Leaf forum + LeafSpy + dalathegreat,
Nissan LEAF (24/30/40/62 kWh),SolaX X3 Hybrid G4,in_catalog,yes,protocol_verified,,Nissan 295B0-3NA (24 kWh) / 295B0-4NA (30 kWh) / 295B0-5SA (40 kWh) / 295B0-9UF (62 kWh Leaf+),2011-2023 (four generations),,15.0.14,HW3.1,My Nissan Leaf forum + LeafSpy + dalathegreat,
Nissan LEAF (24/30/40/62 kWh),SolaX X3-Ultra Hybrid,in_catalog,yes,protocol_verified,,Nissan 295B0-3NA (24 kWh) / 295B0-4NA (30 kWh) / 295B0-5SA (40 kWh) / 295B0-9UF (62 kWh Leaf+),2011-2023 (four generations),,15.0.14,HW3.1,My Nissan Leaf forum + LeafSpy + dalathegreat,
Nissan LEAF (24/30/40/62 kWh),Solis RHI-3P(5-10)K-HVES-5G / S6-EH1P10K-H-US-APST,in_catalog,yes,protocol_verified,,Nissan 295B0-3NA (24 kWh) / 295B0-4NA (30 kWh) / 295B0-5SA (40 kWh) / 295B0-9UF (62 kWh Leaf+),2011-2023 (four generations),,15.0.14,HW3.1,My Nissan Leaf forum + LeafSpy + dalathegreat,
Nissan LEAF (24/30/40/62 kWh),Solis RHI-3P(5-10)K-HVES-5G / S6-EH3P-(5-10.0K)-H-EU,in_catalog,yes,protocol_verified,,Nissan 295B0-3NA (24 kWh) / 295B0-4NA (30 kWh) / 295B0-5SA (40 kWh) / 295B0-9UF (62 kWh Leaf+),2011-2023 (four generations),,15.0.14,HW3.1,My Nissan Leaf forum + LeafSpy + dalathegreat,
Nissan LEAF (24/30/40/62 kWh),Solis S5-EH1P (3-6) K-L (5-6 kW 1P US),in_catalog,yes,protocol_verified,,Nissan 295B0-3NA (24 kWh) / 295B0-4NA (30 kWh) / 295B0-5SA (40 kWh) / 295B0-9UF (62 kWh Leaf+),2011-2023 (four generations),,15.0.14,HW3.1,My Nissan Leaf forum + LeafSpy + dalathegreat,
Nissan LEAF (24/30/40/62 kWh),Solis S6-EH3P(8-15)K-H 8-15 kW 3P (5-6 kW 1P US),in_catalog,yes,protocol_verified,,Nissan 295B0-3NA (24 kWh) / 295B0-4NA (30 kWh) / 295B0-5SA (40 kWh) / 295B0-9UF (62 kWh Leaf+),2011-2023 (four generations),,15.0.14,HW3.1,My Nissan Leaf forum + LeafSpy + dalathegreat,
Nissan LEAF (24/30/40/62 kWh),Solxpow Solxpow X3 12-20kW,in_catalog,yes,protocol_verified,,Nissan 295B0-3NA (24 kWh) / 295B0-4NA (30 kWh) / 295B0-5SA (40 kWh) / 295B0-9UF (62 kWh Leaf+),2011-2023 (four generations),,15.0.14,HW3.1,My Nissan Leaf forum + LeafSpy + dalathegreat,
Nissan LEAF (24/30/40/62 kWh),Sungrow SH15T/SH20T/SH25T,in_catalog,yes,protocol_verified,,Nissan 295B0-3NA (24 kWh) / 295B0-4NA (30 kWh) / 295B0-5SA (40 kWh) / 295B0-9UF (62 kWh Leaf+),2011-2023 (four generations),,15.0.14,HW3.1,My Nissan Leaf forum + LeafSpy + dalathegreat,
Nissan LEAF (24/30/40/62 kWh),Sungrow SH3.0/3.6/4.0/5.0/6.0RS,in_catalog,yes,protocol_verified,,Nissan 295B0-3NA (24 kWh) / 295B0-4NA (30 kWh) / 295B0-5SA (40 kWh) / 295B0-9UF (62 kWh Leaf+),2011-2023 (four generations),,15.0.14,HW3.1,My Nissan Leaf forum + LeafSpy + dalathegreat,
Nissan LEAF (24/30/40/62 kWh),Sungrow SH5.0/6.0/8.0/10RT,in_catalog,yes,protocol_verified,,Nissan 295B0-3NA (24 kWh) / 295B0-4NA (30 kWh) / 295B0-5SA (40 kWh) / 295B0-9UF (62 kWh Leaf+),2011-2023 (four generations),,15.0.14,HW3.1,My Nissan Leaf forum + LeafSpy + dalathegreat,
Nissan Sakura (20 kWh),Afore AF17K-THA 230V,in_catalog,yes,protocol_verified,,Nissan Sakura / Mitsubishi eK X EV pack (20 kWh),2022+ (Japan kei-car),,15.0.14,HW3.1,Nissan/Mitsubishi technical documentation,
Nissan Sakura (20 kWh),Deye SUN-(29.9-50)K-SG01HP3-EU-BM3,in_catalog,yes,protocol_verified,,Nissan Sakura / Mitsubishi eK X EV pack (20 kWh),2022+ (Japan kei-car),,15.0.14,HW3.1,Nissan/Mitsubishi technical documentation,
Nissan Sakura (20 kWh),Deye SUN-(5-20)K-SG01HP3-EU-AM2,in_catalog,yes,protocol_verified,,Nissan Sakura / Mitsubishi eK X EV pack (20 kWh),2022+ (Japan kei-car),,15.0.14,HW3.1,Nissan/Mitsubishi technical documentation,
Nissan Sakura (20 kWh),Felicity T-REX-50KHP3G01,in_catalog,yes,protocol_verified,,Nissan Sakura / Mitsubishi eK X EV pack (20 kWh),2022+ (Japan kei-car),,15.0.14,HW3.1,Nissan/Mitsubishi technical documentation,
Nissan Sakura (20 kWh),Ferroamp EnergyHub,in_catalog,yes,protocol_verified,,Nissan Sakura / Mitsubishi eK X EV pack (20 kWh),2022+ (Japan kei-car),,15.0.14,HW3.1,Nissan/Mitsubishi technical documentation,
Nissan Sakura (20 kWh),FoxESS H1/AC1,in_catalog,yes,protocol_verified,,Nissan Sakura / Mitsubishi eK X EV pack (20 kWh),2022+ (Japan kei-car),,15.0.14,HW3.1,Nissan/Mitsubishi technical documentation,
Nissan Sakura (20 kWh),FoxESS H3 Pro,in_catalog,yes,protocol_verified,,Nissan Sakura / Mitsubishi eK X EV pack (20 kWh),2022+ (Japan kei-car),,15.0.14,HW3.1,Nissan/Mitsubishi technical documentation,
Nissan Sakura (20 kWh),FoxESS H3 Smart,in_catalog,yes,protocol_verified,,Nissan Sakura / Mitsubishi eK X EV pack (20 kWh),2022+ (Japan kei-car),,15.0.14,HW3.1,Nissan/Mitsubishi technical documentation,
Nissan Sakura (20 kWh),FoxESS H3/AC3,in_catalog,yes,protocol_verified,,Nissan Sakura / Mitsubishi eK X EV pack (20 kWh),2022+ (Japan kei-car),,15.0.14,HW3.1,Nissan/Mitsubishi technical documentation,
Nissan Sakura (20 kWh),Fronius Primo Gen24 Plus,in_catalog,yes,protocol_verified,,Nissan Sakura / Mitsubishi eK X EV pack (20 kWh),2022+ (Japan kei-car),,15.0.14,HW3.1,Nissan/Mitsubishi technical documentation,
Nissan Sakura (20 kWh),Fronius Symo Gen24 Plus,in_catalog,yes,protocol_verified,,Nissan Sakura / Mitsubishi eK X EV pack (20 kWh),2022+ (Japan kei-car),,15.0.14,HW3.1,Nissan/Mitsubishi technical documentation,
Nissan Sakura (20 kWh),Fronius Symo Hybrid 3.0/4.0/5.0-3-S,in_catalog,yes,protocol_verified,,Nissan Sakura / Mitsubishi eK X EV pack (20 kWh),2022+ (Japan kei-car),,15.0.14,HW3.1,Nissan/Mitsubishi technical documentation,
Nissan Sakura (20 kWh),Fronius Verto Plus 15-33kW,in_catalog,yes,protocol_verified,,Nissan Sakura / Mitsubishi eK X EV pack (20 kWh),2022+ (Japan kei-car),,15.0.14,HW3.1,Nissan/Mitsubishi technical documentation,
Nissan Sakura (20 kWh),GoodWe A-ES hybrid inverter (America Split Phase),in_catalog,yes,protocol_verified,,Nissan Sakura / Mitsubishi eK X EV pack (20 kWh),2022+ (Japan kei-car),,15.0.14,HW3.1,Nissan/Mitsubishi technical documentation,
Nissan Sakura (20 kWh),GoodWe BH AC battery inverter,in_catalog,yes,protocol_verified,,Nissan Sakura / Mitsubishi eK X EV pack (20 kWh),2022+ (Japan kei-car),,15.0.14,HW3.1,Nissan/Mitsubishi technical documentation,
Nissan Sakura (20 kWh),GoodWe BT AC battery inverter,in_catalog,yes,protocol_verified,,Nissan Sakura / Mitsubishi eK X EV pack (20 kWh),2022+ (Japan kei-car),,15.0.14,HW3.1,Nissan/Mitsubishi technical documentation,
Nissan Sakura (20 kWh),GoodWe EH hybrid solar,in_catalog,yes,protocol_verified,,Nissan Sakura / Mitsubishi eK X EV pack (20 kWh),2022+ (Japan kei-car),,15.0.14,HW3.1,Nissan/Mitsubishi technical documentation,
Nissan Sakura (20 kWh),GoodWe EHB high voltage battery,in_catalog,yes,protocol_verified,,Nissan Sakura / Mitsubishi eK X EV pack (20 kWh),2022+ (Japan kei-car),,15.0.14,HW3.1,Nissan/Mitsubishi technical documentation,
Nissan Sakura (20 kWh),GoodWe EHB hybrid inverter (South Africa only),in_catalog,yes,protocol_verified,,Nissan Sakura / Mitsubishi eK X EV pack (20 kWh),2022+ (Japan kei-car),,15.0.14,HW3.1,Nissan/Mitsubishi technical documentation,
Nissan Sakura (20 kWh),GoodWe ES hybrid solar,in_catalog,yes,protocol_verified,,Nissan Sakura / Mitsubishi eK X EV pack (20 kWh),2022+ (Japan kei-car),,15.0.14,HW3.1,Nissan/Mitsubishi technical documentation,
Nissan Sakura (20 kWh),GoodWe ET hybrid solar,in_catalog,yes,protocol_verified,,Nissan Sakura / Mitsubishi eK X EV pack (20 kWh),2022+ (Japan kei-car),,15.0.14,HW3.1,Nissan/Mitsubishi technical documentation,
Nissan Sakura (20 kWh),GoodWe SBP battery inverter,in_catalog,yes,protocol_verified,,Nissan Sakura / Mitsubishi eK X EV pack (20 kWh),2022+ (Japan kei-car),,15.0.14,HW3.1,Nissan/Mitsubishi technical documentation,
Nissan Sakura (20 kWh),Growatt HV Growatt SPH,in_catalog,yes,protocol_verified,,Nissan Sakura / Mitsubishi eK X EV pack (20 kWh),2022+ (Japan kei-car),,15.0.14,HW3.1,Nissan/Mitsubishi technical documentation,
Nissan Sakura (20 kWh),Growatt HV Growatt SPH (TL3-BH-UP) (5-10kW 3P),in_catalog,yes,protocol_verified,,Nissan Sakura / Mitsubishi eK X EV pack (20 kWh),2022+ (Japan kei-car),,15.0.14,HW3.1,Nissan/Mitsubishi technical documentation,
Nissan Sakura (20 kWh),Growatt LV Growatt SPH (4.6-10) (TL3-BH) (5-10kW 3P),in_catalog,yes,protocol_verified,,Nissan Sakura / Mitsubishi eK X EV pack (20 kWh),2022+ (Japan kei-car),,15.0.14,HW3.1,Nissan/Mitsubishi technical documentation,
Nissan Sakura (20 kWh),Growatt WIT 50-100K-HU,in_catalog,yes,protocol_verified,,Nissan Sakura / Mitsubishi eK X EV pack (20 kWh),2022+ (Japan kei-car),,15.0.14,HW3.1,Nissan/Mitsubishi technical documentation,
Nissan Sakura (20 kWh),Growatt WIT 50-100K-HU (TL3-BH-UP) (5-10kW 3P),in_catalog,yes,protocol_verified,,Nissan Sakura / Mitsubishi eK X EV pack (20 kWh),2022+ (Japan kei-car),,15.0.14,HW3.1,Nissan/Mitsubishi technical documentation,
Nissan Sakura (20 kWh),Hoymiles HYT/HAT-HV,in_catalog,yes,protocol_verified,,Nissan Sakura / Mitsubishi eK X EV pack (20 kWh),2022+ (Japan kei-car),,15.0.14,HW3.1,Nissan/Mitsubishi technical documentation,
Nissan Sakura (20 kWh),Huawei SUN2000-(2-6)KTL-L1 (400V),in_catalog,yes,protocol_verified,,Nissan Sakura / Mitsubishi eK X EV pack (20 kWh),2022+ (Japan kei-car),,15.0.14,HW3.1,Nissan/Mitsubishi technical documentation,
Nissan Sakura (20 kWh),Huawei SUN2000-(3-20)K-MB0 (400V),in_catalog,yes,protocol_verified,,Nissan Sakura / Mitsubishi eK X EV pack (20 kWh),2022+ (Japan kei-car),,15.0.14,HW3.1,Nissan/Mitsubishi technical documentation,
Nissan Sakura (20 kWh),Kostal Plenticore Plus (3.0-10),in_catalog,yes,protocol_verified,,Nissan Sakura / Mitsubishi eK X EV pack (20 kWh),2022+ (Japan kei-car),,15.0.14,HW3.1,Nissan/Mitsubishi technical documentation,
Nissan Sakura (20 kWh),Maple Leaf Northern Fox H1-H3-AC1-KH,in_catalog,yes,protocol_verified,,Nissan Sakura / Mitsubishi eK X EV pack (20 kWh),2022+ (Japan kei-car),,15.0.14,HW3.1,Nissan/Mitsubishi technical documentation,
Nissan Sakura (20 kWh),SAJ H2 Hybrid (3-12)K-S2,in_catalog,yes,protocol_verified,,Nissan Sakura / Mitsubishi eK X EV pack (20 kWh),2022+ (Japan kei-car),,15.0.14,HW3.1,Nissan/Mitsubishi technical documentation,
Nissan Sakura (20 kWh),SMA Sunny Boy Smart Energy 3.6 / 4.0 / 5.0 / 6.0-50 Hybrid Inverter,in_catalog,yes,protocol_verified,,Nissan Sakura / Mitsubishi eK X EV pack (20 kWh),2022+ (Japan kei-car),,15.0.14,HW3.1,Nissan/Mitsubishi technical documentation,
Nissan Sakura (20 kWh),SMA Sunny Boy Smart Energy 3.6-6.0,in_catalog,yes,protocol_verified,,Nissan Sakura / Mitsubishi eK X EV pack (20 kWh),2022+ (Japan kei-car),,15.0.14,HW3.1,Nissan/Mitsubishi technical documentation,
Nissan Sakura (20 kWh),SMA Sunny Boy Storage 2.5,in_catalog,yes,protocol_verified,,Nissan Sakura / Mitsubishi eK X EV pack (20 kWh),2022+ (Japan kei-car),,15.0.14,HW3.1,Nissan/Mitsubishi technical documentation,
Nissan Sakura (20 kWh),SMA Sunny Boy Storage 2.5 / 3.7 / 5.0 / 6.0,in_catalog,yes,protocol_verified,,Nissan Sakura / Mitsubishi eK X EV pack (20 kWh),2022+ (Japan kei-car),,15.0.14,HW3.1,Nissan/Mitsubishi technical documentation,
Nissan Sakura (20 kWh),SMA Sunny Tripower Smart 5.0-10.0 SE,in_catalog,yes,protocol_verified,,Nissan Sakura / Mitsubishi eK X EV pack (20 kWh),2022+ (Japan kei-car),,15.0.14,HW3.1,Nissan/Mitsubishi technical documentation,
Nissan Sakura (20 kWh),SMA Sunny Tripower X,in_catalog,yes,protocol_verified,,Nissan Sakura / Mitsubishi eK X EV pack (20 kWh),2022+ (Japan kei-car),,15.0.14,HW3.1,Nissan/Mitsubishi technical documentation,
Nissan Sakura (20 kWh),Sofar 5K...20KTL-3PH,in_catalog,yes,protocol_verified,,Nissan Sakura / Mitsubishi eK X EV pack (20 kWh),2022+ (Japan kei-car),,15.0.14,HW3.1,Nissan/Mitsubishi technical documentation,
Nissan Sakura (20 kWh),Sofar HYD (3-20)KTL-3PH,in_catalog,yes,protocol_verified,,Nissan Sakura / Mitsubishi eK X EV pack (20 kWh),2022+ (Japan kei-car),,15.0.14,HW3.1,Nissan/Mitsubishi technical documentation,
Nissan Sakura (20 kWh),SolaX X1 Hybrid,in_catalog,yes,protocol_verified,,Nissan Sakura / Mitsubishi eK X EV pack (20 kWh),2022+ (Japan kei-car),,15.0.14,HW3.1,Nissan/Mitsubishi technical documentation,
Nissan Sakura (20 kWh),SolaX X1 Hybrid G4,in_catalog,yes,protocol_verified,,Nissan Sakura / Mitsubishi eK X EV pack (20 kWh),2022+ (Japan kei-car),,15.0.14,HW3.1,Nissan/Mitsubishi technical documentation,
Nissan Sakura (20 kWh),SolaX X3 Hybrid,in_catalog,yes,protocol_verified,,Nissan Sakura / Mitsubishi eK X EV pack (20 kWh),2022+ (Japan kei-car),,15.0.14,HW3.1,Nissan/Mitsubishi technical documentation,
Nissan Sakura (20 kWh),SolaX X3 Hybrid G4,in_catalog,yes,protocol_verified,,Nissan Sakura / Mitsubishi eK X EV pack (20 kWh),2022+ (Japan kei-car),,15.0.14,HW3.1,Nissan/Mitsubishi technical documentation,
Nissan Sakura (20 kWh),SolaX X3-Ultra Hybrid,in_catalog,yes,protocol_verified,,Nissan Sakura / Mitsubishi eK X EV pack (20 kWh),2022+ (Japan kei-car),,15.0.14,HW3.1,Nissan/Mitsubishi technical documentation,
Nissan Sakura (20 kWh),Solis RHI-3P(5-10)K-HVES-5G / S6-EH1P10K-H-US-APST,in_catalog,yes,protocol_verified,,Nissan Sakura / Mitsubishi eK X EV pack (20 kWh),2022+ (Japan kei-car),,15.0.14,HW3.1,Nissan/Mitsubishi technical documentation,
Nissan Sakura (20 kWh),Solis RHI-3P(5-10)K-HVES-5G / S6-EH3P-(5-10.0K)-H-EU,in_catalog,yes,protocol_verified,,Nissan Sakura / Mitsubishi eK X EV pack (20 kWh),2022+ (Japan kei-car),,15.0.14,HW3.1,Nissan/Mitsubishi technical documentation,
Nissan Sakura (20 kWh),Solis S5-EH1P (3-6) K-L (5-6 kW 1P US),in_catalog,yes,protocol_verified,,Nissan Sakura / Mitsubishi eK X EV pack (20 kWh),2022+ (Japan kei-car),,15.0.14,HW3.1,Nissan/Mitsubishi technical documentation,
Nissan Sakura (20 kWh),Solis S6-EH3P(8-15)K-H 8-15 kW 3P (5-6 kW 1P US),in_catalog,yes,protocol_verified,,Nissan Sakura / Mitsubishi eK X EV pack (20 kWh),2022+ (Japan kei-car),,15.0.14,HW3.1,Nissan/Mitsubishi technical documentation,
Nissan Sakura (20 kWh),Solxpow Solxpow X3 12-20kW,in_catalog,yes,protocol_verified,,Nissan Sakura / Mitsubishi eK X EV pack (20 kWh),2022+ (Japan kei-car),,15.0.14,HW3.1,Nissan/Mitsubishi technical documentation,
Nissan Sakura (20 kWh),Sungrow SH15T/SH20T/SH25T,in_catalog,yes,protocol_verified,,Nissan Sakura / Mitsubishi eK X EV pack (20 kWh),2022+ (Japan kei-car),,15.0.14,HW3.1,Nissan/Mitsubishi technical documentation,
Nissan Sakura (20 kWh),Sungrow SH3.0/3.6/4.0/5.0/6.0RS,in_catalog,yes,protocol_verified,,Nissan Sakura / Mitsubishi eK X EV pack (20 kWh),2022+ (Japan kei-car),,15.0.14,HW3.1,Nissan/Mitsubishi technical documentation,
Nissan Sakura (20 kWh),Sungrow SH5.0/6.0/8.0/10RT,in_catalog,yes,protocol_verified,,Nissan Sakura / Mitsubishi eK X EV pack (20 kWh),2022+ (Japan kei-car),,15.0.14,HW3.1,Nissan/Mitsubishi technical documentation,
Opel Ampera-e (60/66 kWh),Afore AF17K-THA 230V,in_catalog,yes,in_catalog,,,,,15.0.14,HW3.1,BMS-EV firmware supports this pair based on protocol translation,
Opel Ampera-e (60/66 kWh),Deye SUN-(29.9-50)K-SG01HP3-EU-BM3,in_catalog,yes,in_catalog,,,,,15.0.14,HW3.1,BMS-EV firmware supports this pair based on protocol translation,
Opel Ampera-e (60/66 kWh),Deye SUN-(5-20)K-SG01HP3-EU-AM2,in_catalog,yes,in_catalog,,,,,15.0.14,HW3.1,BMS-EV firmware supports this pair based on protocol translation,
Opel Ampera-e (60/66 kWh),Felicity T-REX-50KHP3G01,in_catalog,yes,in_catalog,,,,,15.0.14,HW3.1,BMS-EV firmware supports this pair based on protocol translation,
Opel Ampera-e (60/66 kWh),Ferroamp EnergyHub,in_catalog,yes,in_catalog,,,,,15.0.14,HW3.1,BMS-EV firmware supports this pair based on protocol translation,
Opel Ampera-e (60/66 kWh),FoxESS H1/AC1,in_catalog,yes,in_catalog,,,,,15.0.14,HW3.1,BMS-EV firmware supports this pair based on protocol translation,
Opel Ampera-e (60/66 kWh),FoxESS H3 Pro,in_catalog,yes,in_catalog,,,,,15.0.14,HW3.1,BMS-EV firmware supports this pair based on protocol translation,
Opel Ampera-e (60/66 kWh),FoxESS H3 Smart,in_catalog,yes,in_catalog,,,,,15.0.14,HW3.1,BMS-EV firmware supports this pair based on protocol translation,
Opel Ampera-e (60/66 kWh),FoxESS H3/AC3,in_catalog,yes,in_catalog,,,,,15.0.14,HW3.1,BMS-EV firmware supports this pair based on protocol translation,
Opel Ampera-e (60/66 kWh),Fronius Primo Gen24 Plus,in_catalog,yes,in_catalog,,,,,15.0.14,HW3.1,BMS-EV firmware supports this pair based on protocol translation,
Opel Ampera-e (60/66 kWh),Fronius Symo Gen24 Plus,in_catalog,yes,in_catalog,,,,,15.0.14,HW3.1,BMS-EV firmware supports this pair based on protocol translation,
Opel Ampera-e (60/66 kWh),Fronius Symo Hybrid 3.0/4.0/5.0-3-S,in_catalog,yes,in_catalog,,,,,15.0.14,HW3.1,BMS-EV firmware supports this pair based on protocol translation,
Opel Ampera-e (60/66 kWh),Fronius Verto Plus 15-33kW,in_catalog,yes,in_catalog,,,,,15.0.14,HW3.1,BMS-EV firmware supports this pair based on protocol translation,
Opel Ampera-e (60/66 kWh),GoodWe A-ES hybrid inverter (America Split Phase),in_catalog,yes,in_catalog,,,,,15.0.14,HW3.1,BMS-EV firmware supports this pair based on protocol translation,
Opel Ampera-e (60/66 kWh),GoodWe BH AC battery inverter,in_catalog,yes,in_catalog,,,,,15.0.14,HW3.1,BMS-EV firmware supports this pair based on protocol translation,
Opel Ampera-e (60/66 kWh),GoodWe BT AC battery inverter,in_catalog,yes,in_catalog,,,,,15.0.14,HW3.1,BMS-EV firmware supports this pair based on protocol translation,
Opel Ampera-e (60/66 kWh),GoodWe EH hybrid solar,in_catalog,yes,in_catalog,,,,,15.0.14,HW3.1,BMS-EV firmware supports this pair based on protocol translation,
Opel Ampera-e (60/66 kWh),GoodWe EHB high voltage battery,in_catalog,yes,in_catalog,,,,,15.0.14,HW3.1,BMS-EV firmware supports this pair based on protocol translation,
Opel Ampera-e (60/66 kWh),GoodWe EHB hybrid inverter (South Africa only),in_catalog,yes,in_catalog,,,,,15.0.14,HW3.1,BMS-EV firmware supports this pair based on protocol translation,
Opel Ampera-e (60/66 kWh),GoodWe ES hybrid solar,in_catalog,yes,in_catalog,,,,,15.0.14,HW3.1,BMS-EV firmware supports this pair based on protocol translation,
Opel Ampera-e (60/66 kWh),GoodWe ET hybrid solar,in_catalog,yes,in_catalog,,,,,15.0.14,HW3.1,BMS-EV firmware supports this pair based on protocol translation,
Opel Ampera-e (60/66 kWh),GoodWe SBP battery inverter,in_catalog,yes,in_catalog,,,,,15.0.14,HW3.1,BMS-EV firmware supports this pair based on protocol translation,
Opel Ampera-e (60/66 kWh),Growatt HV Growatt SPH,in_catalog,yes,in_catalog,,,,,15.0.14,HW3.1,BMS-EV firmware supports this pair based on protocol translation,
Opel Ampera-e (60/66 kWh),Growatt HV Growatt SPH (TL3-BH-UP) (5-10kW 3P),in_catalog,yes,in_catalog,,,,,15.0.14,HW3.1,BMS-EV firmware supports this pair based on protocol translation,
Opel Ampera-e (60/66 kWh),Growatt LV Growatt SPH (4.6-10) (TL3-BH) (5-10kW 3P),in_catalog,yes,in_catalog,,,,,15.0.14,HW3.1,BMS-EV firmware supports this pair based on protocol translation,
Opel Ampera-e (60/66 kWh),Growatt WIT 50-100K-HU,in_catalog,yes,in_catalog,,,,,15.0.14,HW3.1,BMS-EV firmware supports this pair based on protocol translation,
Opel Ampera-e (60/66 kWh),Growatt WIT 50-100K-HU (TL3-BH-UP) (5-10kW 3P),in_catalog,yes,in_catalog,,,,,15.0.14,HW3.1,BMS-EV firmware supports this pair based on protocol translation,
Opel Ampera-e (60/66 kWh),Hoymiles HYT/HAT-HV,in_catalog,yes,in_catalog,,,,,15.0.14,HW3.1,BMS-EV firmware supports this pair based on protocol translation,
Opel Ampera-e (60/66 kWh),Huawei SUN2000-(2-6)KTL-L1 (400V),in_catalog,yes,in_catalog,,,,,15.0.14,HW3.1,BMS-EV firmware supports this pair based on protocol translation,
Opel Ampera-e (60/66 kWh),Huawei SUN2000-(3-20)K-MB0 (400V),in_catalog,yes,in_catalog,,,,,15.0.14,HW3.1,BMS-EV firmware supports this pair based on protocol translation,
Opel Ampera-e (60/66 kWh),Kostal Plenticore Plus (3.0-10),in_catalog,yes,in_catalog,,,,,15.0.14,HW3.1,BMS-EV firmware supports this pair based on protocol translation,
Opel Ampera-e (60/66 kWh),Maple Leaf Northern Fox H1-H3-AC1-KH,in_catalog,yes,in_catalog,,,,,15.0.14,HW3.1,BMS-EV firmware supports this pair based on protocol translation,
Opel Ampera-e (60/66 kWh),SAJ H2 Hybrid (3-12)K-S2,in_catalog,yes,in_catalog,,,,,15.0.14,HW3.1,BMS-EV firmware supports this pair based on protocol translation,
Opel Ampera-e (60/66 kWh),SMA Sunny Boy Smart Energy 3.6 / 4.0 / 5.0 / 6.0-50 Hybrid Inverter,in_catalog,yes,in_catalog,,,,,15.0.14,HW3.1,BMS-EV firmware supports this pair based on protocol translation,
Opel Ampera-e (60/66 kWh),SMA Sunny Boy Smart Energy 3.6-6.0,in_catalog,yes,in_catalog,,,,,15.0.14,HW3.1,BMS-EV firmware supports this pair based on protocol translation,
Opel Ampera-e (60/66 kWh),SMA Sunny Boy Storage 2.5,in_catalog,yes,in_catalog,,,,,15.0.14,HW3.1,BMS-EV firmware supports this pair based on protocol translation,
Opel Ampera-e (60/66 kWh),SMA Sunny Boy Storage 2.5 / 3.7 / 5.0 / 6.0,in_catalog,yes,in_catalog,,,,,15.0.14,HW3.1,BMS-EV firmware supports this pair based on protocol translation,
Opel Ampera-e (60/66 kWh),SMA Sunny Tripower Smart 5.0-10.0 SE,in_catalog,yes,in_catalog,,,,,15.0.14,HW3.1,BMS-EV firmware supports this pair based on protocol translation,
Opel Ampera-e (60/66 kWh),SMA Sunny Tripower X,in_catalog,yes,in_catalog,,,,,15.0.14,HW3.1,BMS-EV firmware supports this pair based on protocol translation,
Opel Ampera-e (60/66 kWh),Sofar 5K...20KTL-3PH,in_catalog,yes,in_catalog,,,,,15.0.14,HW3.1,BMS-EV firmware supports this pair based on protocol translation,
Opel Ampera-e (60/66 kWh),Sofar HYD (3-20)KTL-3PH,in_catalog,yes,in_catalog,,,,,15.0.14,HW3.1,BMS-EV firmware supports this pair based on protocol translation,
Opel Ampera-e (60/66 kWh),SolaX X1 Hybrid,in_catalog,yes,in_catalog,,,,,15.0.14,HW3.1,BMS-EV firmware supports this pair based on protocol translation,
Opel Ampera-e (60/66 kWh),SolaX X1 Hybrid G4,in_catalog,yes,in_catalog,,,,,15.0.14,HW3.1,BMS-EV firmware supports this pair based on protocol translation,
Opel Ampera-e (60/66 kWh),SolaX X3 Hybrid,in_catalog,yes,in_catalog,,,,,15.0.14,HW3.1,BMS-EV firmware supports this pair based on protocol translation,
Opel Ampera-e (60/66 kWh),SolaX X3 Hybrid G4,in_catalog,yes,in_catalog,,,,,15.0.14,HW3.1,BMS-EV firmware supports this pair based on protocol translation,
Opel Ampera-e (60/66 kWh),SolaX X3-Ultra Hybrid,in_catalog,yes,in_catalog,,,,,15.0.14,HW3.1,BMS-EV firmware supports this pair based on protocol translation,
Opel Ampera-e (60/66 kWh),Solis RHI-3P(5-10)K-HVES-5G / S6-EH1P10K-H-US-APST,in_catalog,yes,in_catalog,,,,,15.0.14,HW3.1,BMS-EV firmware supports this pair based on protocol translation,
Opel Ampera-e (60/66 kWh),Solis RHI-3P(5-10)K-HVES-5G / S6-EH3P-(5-10.0K)-H-EU,in_catalog,yes,in_catalog,,,,,15.0.14,HW3.1,BMS-EV firmware supports this pair based on protocol translation,
Opel Ampera-e (60/66 kWh),Solis S5-EH1P (3-6) K-L (5-6 kW 1P US),in_catalog,yes,in_catalog,,,,,15.0.14,HW3.1,BMS-EV firmware supports this pair based on protocol translation,
Opel Ampera-e (60/66 kWh),Solis S6-EH3P(8-15)K-H 8-15 kW 3P (5-6 kW 1P US),in_catalog,yes,in_catalog,,,,,15.0.14,HW3.1,BMS-EV firmware supports this pair based on protocol translation,
Opel Ampera-e (60/66 kWh),Solxpow Solxpow X3 12-20kW,in_catalog,yes,in_catalog,,,,,15.0.14,HW3.1,BMS-EV firmware supports this pair based on protocol translation,
Opel Ampera-e (60/66 kWh),Sungrow SH15T/SH20T/SH25T,in_catalog,yes,in_catalog,,,,,15.0.14,HW3.1,BMS-EV firmware supports this pair based on protocol translation,
Opel Ampera-e (60/66 kWh),Sungrow SH3.0/3.6/4.0/5.0/6.0RS,in_catalog,yes,in_catalog,,,,,15.0.14,HW3.1,BMS-EV firmware supports this pair based on protocol translation,
Opel Ampera-e (60/66 kWh),Sungrow SH5.0/6.0/8.0/10RT,in_catalog,yes,in_catalog,,,,,15.0.14,HW3.1,BMS-EV firmware supports this pair based on protocol translation,
Opel Frontera EV (2024-) (Stellantis CMP Smart Car),Afore AF17K-THA 230V,in_catalog,yes,in_catalog,,,,,15.0.14,HW3.1,BMS-EV firmware supports this pair based on protocol translation,
Opel Frontera EV (2024-) (Stellantis CMP Smart Car),Deye SUN-(29.9-50)K-SG01HP3-EU-BM3,in_catalog,yes,in_catalog,,,,,15.0.14,HW3.1,BMS-EV firmware supports this pair based on protocol translation,
Opel Frontera EV (2024-) (Stellantis CMP Smart Car),Deye SUN-(5-20)K-SG01HP3-EU-AM2,in_catalog,yes,in_catalog,,,,,15.0.14,HW3.1,BMS-EV firmware supports this pair based on protocol translation,
Opel Frontera EV (2024-) (Stellantis CMP Smart Car),Felicity T-REX-50KHP3G01,in_catalog,yes,in_catalog,,,,,15.0.14,HW3.1,BMS-EV firmware supports this pair based on protocol translation,
Opel Frontera EV (2024-) (Stellantis CMP Smart Car),Ferroamp EnergyHub,in_catalog,yes,in_catalog,,,,,15.0.14,HW3.1,BMS-EV firmware supports this pair based on protocol translation,
Opel Frontera EV (2024-) (Stellantis CMP Smart Car),FoxESS H1/AC1,in_catalog,yes,in_catalog,,,,,15.0.14,HW3.1,BMS-EV firmware supports this pair based on protocol translation,
Opel Frontera EV (2024-) (Stellantis CMP Smart Car),FoxESS H3 Pro,in_catalog,yes,in_catalog,,,,,15.0.14,HW3.1,BMS-EV firmware supports this pair based on protocol translation,
Opel Frontera EV (2024-) (Stellantis CMP Smart Car),FoxESS H3 Smart,in_catalog,yes,in_catalog,,,,,15.0.14,HW3.1,BMS-EV firmware supports this pair based on protocol translation,
Opel Frontera EV (2024-) (Stellantis CMP Smart Car),FoxESS H3/AC3,in_catalog,yes,in_catalog,,,,,15.0.14,HW3.1,BMS-EV firmware supports this pair based on protocol translation,
Opel Frontera EV (2024-) (Stellantis CMP Smart Car),Fronius Primo Gen24 Plus,in_catalog,yes,in_catalog,,,,,15.0.14,HW3.1,BMS-EV firmware supports this pair based on protocol translation,
Opel Frontera EV (2024-) (Stellantis CMP Smart Car),Fronius Symo Gen24 Plus,in_catalog,yes,in_catalog,,,,,15.0.14,HW3.1,BMS-EV firmware supports this pair based on protocol translation,
Opel Frontera EV (2024-) (Stellantis CMP Smart Car),Fronius Symo Hybrid 3.0/4.0/5.0-3-S,in_catalog,yes,in_catalog,,,,,15.0.14,HW3.1,BMS-EV firmware supports this pair based on protocol translation,
Opel Frontera EV (2024-) (Stellantis CMP Smart Car),Fronius Verto Plus 15-33kW,in_catalog,yes,in_catalog,,,,,15.0.14,HW3.1,BMS-EV firmware supports this pair based on protocol translation,
Opel Frontera EV (2024-) (Stellantis CMP Smart Car),GoodWe A-ES hybrid inverter (America Split Phase),in_catalog,yes,in_catalog,,,,,15.0.14,HW3.1,BMS-EV firmware supports this pair based on protocol translation,
Opel Frontera EV (2024-) (Stellantis CMP Smart Car),GoodWe BH AC battery inverter,in_catalog,yes,in_catalog,,,,,15.0.14,HW3.1,BMS-EV firmware supports this pair based on protocol translation,
Opel Frontera EV (2024-) (Stellantis CMP Smart Car),GoodWe BT AC battery inverter,in_catalog,yes,in_catalog,,,,,15.0.14,HW3.1,BMS-EV firmware supports this pair based on protocol translation,
Opel Frontera EV (2024-) (Stellantis CMP Smart Car),GoodWe EH hybrid solar,in_catalog,yes,in_catalog,,,,,15.0.14,HW3.1,BMS-EV firmware supports this pair based on protocol translation,
Opel Frontera EV (2024-) (Stellantis CMP Smart Car),GoodWe EHB high voltage battery,in_catalog,yes,in_catalog,,,,,15.0.14,HW3.1,BMS-EV firmware supports this pair based on protocol translation,
Opel Frontera EV (2024-) (Stellantis CMP Smart Car),GoodWe EHB hybrid inverter (South Africa only),in_catalog,yes,in_catalog,,,,,15.0.14,HW3.1,BMS-EV firmware supports this pair based on protocol translation,
Opel Frontera EV (2024-) (Stellantis CMP Smart Car),GoodWe ES hybrid solar,in_catalog,yes,in_catalog,,,,,15.0.14,HW3.1,BMS-EV firmware supports this pair based on protocol translation,
Opel Frontera EV (2024-) (Stellantis CMP Smart Car),GoodWe ET hybrid solar,in_catalog,yes,in_catalog,,,,,15.0.14,HW3.1,BMS-EV firmware supports this pair based on protocol translation,
Opel Frontera EV (2024-) (Stellantis CMP Smart Car),GoodWe SBP battery inverter,in_catalog,yes,in_catalog,,,,,15.0.14,HW3.1,BMS-EV firmware supports this pair based on protocol translation,
Opel Frontera EV (2024-) (Stellantis CMP Smart Car),Growatt HV Growatt SPH,in_catalog,yes,in_catalog,,,,,15.0.14,HW3.1,BMS-EV firmware supports this pair based on protocol translation,
Opel Frontera EV (2024-) (Stellantis CMP Smart Car),Growatt HV Growatt SPH (TL3-BH-UP) (5-10kW 3P),in_catalog,yes,in_catalog,,,,,15.0.14,HW3.1,BMS-EV firmware supports this pair based on protocol translation,
Opel Frontera EV (2024-) (Stellantis CMP Smart Car),Growatt LV Growatt SPH (4.6-10) (TL3-BH) (5-10kW 3P),in_catalog,yes,in_catalog,,,,,15.0.14,HW3.1,BMS-EV firmware supports this pair based on protocol translation,
Opel Frontera EV (2024-) (Stellantis CMP Smart Car),Growatt WIT 50-100K-HU,in_catalog,yes,in_catalog,,,,,15.0.14,HW3.1,BMS-EV firmware supports this pair based on protocol translation,
Opel Frontera EV (2024-) (Stellantis CMP Smart Car),Growatt WIT 50-100K-HU (TL3-BH-UP) (5-10kW 3P),in_catalog,yes,in_catalog,,,,,15.0.14,HW3.1,BMS-EV firmware supports this pair based on protocol translation,
Opel Frontera EV (2024-) (Stellantis CMP Smart Car),Hoymiles HYT/HAT-HV,in_catalog,yes,in_catalog,,,,,15.0.14,HW3.1,BMS-EV firmware supports this pair based on protocol translation,
Opel Frontera EV (2024-) (Stellantis CMP Smart Car),Huawei SUN2000-(2-6)KTL-L1 (400V),in_catalog,yes,in_catalog,,,,,15.0.14,HW3.1,BMS-EV firmware supports this pair based on protocol translation,
Opel Frontera EV (2024-) (Stellantis CMP Smart Car),Huawei SUN2000-(3-20)K-MB0 (400V),in_catalog,yes,in_catalog,,,,,15.0.14,HW3.1,BMS-EV firmware supports this pair based on protocol translation,
Opel Frontera EV (2024-) (Stellantis CMP Smart Car),Kostal Plenticore Plus (3.0-10),in_catalog,yes,in_catalog,,,,,15.0.14,HW3.1,BMS-EV firmware supports this pair based on protocol translation,
Opel Frontera EV (2024-) (Stellantis CMP Smart Car),Maple Leaf Northern Fox H1-H3-AC1-KH,in_catalog,yes,in_catalog,,,,,15.0.14,HW3.1,BMS-EV firmware supports this pair based on protocol translation,
Opel Frontera EV (2024-) (Stellantis CMP Smart Car),SAJ H2 Hybrid (3-12)K-S2,in_catalog,yes,in_catalog,,,,,15.0.14,HW3.1,BMS-EV firmware supports this pair based on protocol translation,
Opel Frontera EV (2024-) (Stellantis CMP Smart Car),SMA Sunny Boy Smart Energy 3.6 / 4.0 / 5.0 / 6.0-50 Hybrid Inverter,in_catalog,yes,in_catalog,,,,,15.0.14,HW3.1,BMS-EV firmware supports this pair based on protocol translation,
Opel Frontera EV (2024-) (Stellantis CMP Smart Car),SMA Sunny Boy Smart Energy 3.6-6.0,in_catalog,yes,in_catalog,,,,,15.0.14,HW3.1,BMS-EV firmware supports this pair based on protocol translation,
Opel Frontera EV (2024-) (Stellantis CMP Smart Car),SMA Sunny Boy Storage 2.5,in_catalog,yes,in_catalog,,,,,15.0.14,HW3.1,BMS-EV firmware supports this pair based on protocol translation,
Opel Frontera EV (2024-) (Stellantis CMP Smart Car),SMA Sunny Boy Storage 2.5 / 3.7 / 5.0 / 6.0,in_catalog,yes,in_catalog,,,,,15.0.14,HW3.1,BMS-EV firmware supports this pair based on protocol translation,
Opel Frontera EV (2024-) (Stellantis CMP Smart Car),SMA Sunny Tripower Smart 5.0-10.0 SE,in_catalog,yes,in_catalog,,,,,15.0.14,HW3.1,BMS-EV firmware supports this pair based on protocol translation,
Opel Frontera EV (2024-) (Stellantis CMP Smart Car),SMA Sunny Tripower X,in_catalog,yes,in_catalog,,,,,15.0.14,HW3.1,BMS-EV firmware supports this pair based on protocol translation,
Opel Frontera EV (2024-) (Stellantis CMP Smart Car),Sofar 5K...20KTL-3PH,in_catalog,yes,in_catalog,,,,,15.0.14,HW3.1,BMS-EV firmware supports this pair based on protocol translation,
Opel Frontera EV (2024-) (Stellantis CMP Smart Car),Sofar HYD (3-20)KTL-3PH,in_catalog,yes,in_catalog,,,,,15.0.14,HW3.1,BMS-EV firmware supports this pair based on protocol translation,
Opel Frontera EV (2024-) (Stellantis CMP Smart Car),SolaX X1 Hybrid,in_catalog,yes,in_catalog,,,,,15.0.14,HW3.1,BMS-EV firmware supports this pair based on protocol translation,
Opel Frontera EV (2024-) (Stellantis CMP Smart Car),SolaX X1 Hybrid G4,in_catalog,yes,in_catalog,,,,,15.0.14,HW3.1,BMS-EV firmware supports this pair based on protocol translation,
Opel Frontera EV (2024-) (Stellantis CMP Smart Car),SolaX X3 Hybrid,in_catalog,yes,in_catalog,,,,,15.0.14,HW3.1,BMS-EV firmware supports this pair based on protocol translation,
Opel Frontera EV (2024-) (Stellantis CMP Smart Car),SolaX X3 Hybrid G4,in_catalog,yes,in_catalog,,,,,15.0.14,HW3.1,BMS-EV firmware supports this pair based on protocol translation,
Opel Frontera EV (2024-) (Stellantis CMP Smart Car),SolaX X3-Ultra Hybrid,in_catalog,yes,in_catalog,,,,,15.0.14,HW3.1,BMS-EV firmware supports this pair based on protocol translation,
Opel Frontera EV (2024-) (Stellantis CMP Smart Car),Solis RHI-3P(5-10)K-HVES-5G / S6-EH1P10K-H-US-APST,in_catalog,yes,in_catalog,,,,,15.0.14,HW3.1,BMS-EV firmware supports this pair based on protocol translation,
Opel Frontera EV (2024-) (Stellantis CMP Smart Car),Solis RHI-3P(5-10)K-HVES-5G / S6-EH3P-(5-10.0K)-H-EU,in_catalog,yes,in_catalog,,,,,15.0.14,HW3.1,BMS-EV firmware supports this pair based on protocol translation,
Opel Frontera EV (2024-) (Stellantis CMP Smart Car),Solis S5-EH1P (3-6) K-L (5-6 kW 1P US),in_catalog,yes,in_catalog,,,,,15.0.14,HW3.1,BMS-EV firmware supports this pair based on protocol translation,
Opel Frontera EV (2024-) (Stellantis CMP Smart Car),Solis S6-EH3P(8-15)K-H 8-15 kW 3P (5-6 kW 1P US),in_catalog,yes,in_catalog,,,,,15.0.14,HW3.1,BMS-EV firmware supports this pair based on protocol translation,
Opel Frontera EV (2024-) (Stellantis CMP Smart Car),Solxpow Solxpow X3 12-20kW,in_catalog,yes,in_catalog,,,,,15.0.14,HW3.1,BMS-EV firmware supports this pair based on protocol translation,
Opel Frontera EV (2024-) (Stellantis CMP Smart Car),Sungrow SH15T/SH20T/SH25T,in_catalog,yes,in_catalog,,,,,15.0.14,HW3.1,BMS-EV firmware supports this pair based on protocol translation,
Opel Frontera EV (2024-) (Stellantis CMP Smart Car),Sungrow SH3.0/3.6/4.0/5.0/6.0RS,in_catalog,yes,in_catalog,,,,,15.0.14,HW3.1,BMS-EV firmware supports this pair based on protocol translation,
Opel Frontera EV (2024-) (Stellantis CMP Smart Car),Sungrow SH5.0/6.0/8.0/10RT,in_catalog,yes,in_catalog,,,,,15.0.14,HW3.1,BMS-EV firmware supports this pair based on protocol translation,
Opel/Vauxhall Corsa-e/Mokka-e (2019-) (Stellantis e-CMP),Afore AF17K-THA 230V,in_catalog,yes,protocol_verified,,Stellantis eCMP pack (shared with Peugeot e-208),2019+ eCMP,,15.0.14,HW3.1,dalathegreat/Battery-Emulator Stellantis eCMP wiki,
Opel/Vauxhall Corsa-e/Mokka-e (2019-) (Stellantis e-CMP),Deye SUN-(29.9-50)K-SG01HP3-EU-BM3,in_catalog,yes,protocol_verified,,Stellantis eCMP pack (shared with Peugeot e-208),2019+ eCMP,,15.0.14,HW3.1,dalathegreat/Battery-Emulator Stellantis eCMP wiki,
Opel/Vauxhall Corsa-e/Mokka-e (2019-) (Stellantis e-CMP),Deye SUN-(5-20)K-SG01HP3-EU-AM2,in_catalog,yes,protocol_verified,,Stellantis eCMP pack (shared with Peugeot e-208),2019+ eCMP,,15.0.14,HW3.1,dalathegreat/Battery-Emulator Stellantis eCMP wiki,
Opel/Vauxhall Corsa-e/Mokka-e (2019-) (Stellantis e-CMP),Felicity T-REX-50KHP3G01,in_catalog,yes,protocol_verified,,Stellantis eCMP pack (shared with Peugeot e-208),2019+ eCMP,,15.0.14,HW3.1,dalathegreat/Battery-Emulator Stellantis eCMP wiki,
Opel/Vauxhall Corsa-e/Mokka-e (2019-) (Stellantis e-CMP),Ferroamp EnergyHub,in_catalog,yes,protocol_verified,,Stellantis eCMP pack (shared with Peugeot e-208),2019+ eCMP,,15.0.14,HW3.1,dalathegreat/Battery-Emulator Stellantis eCMP wiki,
Opel/Vauxhall Corsa-e/Mokka-e (2019-) (Stellantis e-CMP),FoxESS H1/AC1,in_catalog,yes,protocol_verified,,Stellantis eCMP pack (shared with Peugeot e-208),2019+ eCMP,,15.0.14,HW3.1,dalathegreat/Battery-Emulator Stellantis eCMP wiki,
Opel/Vauxhall Corsa-e/Mokka-e (2019-) (Stellantis e-CMP),FoxESS H3 Pro,in_catalog,yes,protocol_verified,,Stellantis eCMP pack (shared with Peugeot e-208),2019+ eCMP,,15.0.14,HW3.1,dalathegreat/Battery-Emulator Stellantis eCMP wiki,
Opel/Vauxhall Corsa-e/Mokka-e (2019-) (Stellantis e-CMP),FoxESS H3 Smart,in_catalog,yes,protocol_verified,,Stellantis eCMP pack (shared with Peugeot e-208),2019+ eCMP,,15.0.14,HW3.1,dalathegreat/Battery-Emulator Stellantis eCMP wiki,
Opel/Vauxhall Corsa-e/Mokka-e (2019-) (Stellantis e-CMP),FoxESS H3/AC3,in_catalog,yes,protocol_verified,,Stellantis eCMP pack (shared with Peugeot e-208),2019+ eCMP,,15.0.14,HW3.1,dalathegreat/Battery-Emulator Stellantis eCMP wiki,
Opel/Vauxhall Corsa-e/Mokka-e (2019-) (Stellantis e-CMP),Fronius Primo Gen24 Plus,in_catalog,yes,protocol_verified,,Stellantis eCMP pack (shared with Peugeot e-208),2019+ eCMP,,15.0.14,HW3.1,dalathegreat/Battery-Emulator Stellantis eCMP wiki,
Opel/Vauxhall Corsa-e/Mokka-e (2019-) (Stellantis e-CMP),Fronius Symo Gen24 Plus,in_catalog,yes,protocol_verified,,Stellantis eCMP pack (shared with Peugeot e-208),2019+ eCMP,,15.0.14,HW3.1,dalathegreat/Battery-Emulator Stellantis eCMP wiki,
Opel/Vauxhall Corsa-e/Mokka-e (2019-) (Stellantis e-CMP),Fronius Symo Hybrid 3.0/4.0/5.0-3-S,in_catalog,yes,protocol_verified,,Stellantis eCMP pack (shared with Peugeot e-208),2019+ eCMP,,15.0.14,HW3.1,dalathegreat/Battery-Emulator Stellantis eCMP wiki,
Opel/Vauxhall Corsa-e/Mokka-e (2019-) (Stellantis e-CMP),Fronius Verto Plus 15-33kW,in_catalog,yes,protocol_verified,,Stellantis eCMP pack (shared with Peugeot e-208),2019+ eCMP,,15.0.14,HW3.1,dalathegreat/Battery-Emulator Stellantis eCMP wiki,
Opel/Vauxhall Corsa-e/Mokka-e (2019-) (Stellantis e-CMP),GoodWe A-ES hybrid inverter (America Split Phase),in_catalog,yes,protocol_verified,,Stellantis eCMP pack (shared with Peugeot e-208),2019+ eCMP,,15.0.14,HW3.1,dalathegreat/Battery-Emulator Stellantis eCMP wiki,
Opel/Vauxhall Corsa-e/Mokka-e (2019-) (Stellantis e-CMP),GoodWe BH AC battery inverter,in_catalog,yes,protocol_verified,,Stellantis eCMP pack (shared with Peugeot e-208),2019+ eCMP,,15.0.14,HW3.1,dalathegreat/Battery-Emulator Stellantis eCMP wiki,
Opel/Vauxhall Corsa-e/Mokka-e (2019-) (Stellantis e-CMP),GoodWe BT AC battery inverter,in_catalog,yes,protocol_verified,,Stellantis eCMP pack (shared with Peugeot e-208),2019+ eCMP,,15.0.14,HW3.1,dalathegreat/Battery-Emulator Stellantis eCMP wiki,
Opel/Vauxhall Corsa-e/Mokka-e (2019-) (Stellantis e-CMP),GoodWe EH hybrid solar,in_catalog,yes,protocol_verified,,Stellantis eCMP pack (shared with Peugeot e-208),2019+ eCMP,,15.0.14,HW3.1,dalathegreat/Battery-Emulator Stellantis eCMP wiki,
Opel/Vauxhall Corsa-e/Mokka-e (2019-) (Stellantis e-CMP),GoodWe EHB high voltage battery,in_catalog,yes,protocol_verified,,Stellantis eCMP pack (shared with Peugeot e-208),2019+ eCMP,,15.0.14,HW3.1,dalathegreat/Battery-Emulator Stellantis eCMP wiki,
Opel/Vauxhall Corsa-e/Mokka-e (2019-) (Stellantis e-CMP),GoodWe EHB hybrid inverter (South Africa only),in_catalog,yes,protocol_verified,,Stellantis eCMP pack (shared with Peugeot e-208),2019+ eCMP,,15.0.14,HW3.1,dalathegreat/Battery-Emulator Stellantis eCMP wiki,
Opel/Vauxhall Corsa-e/Mokka-e (2019-) (Stellantis e-CMP),GoodWe ES hybrid solar,in_catalog,yes,protocol_verified,,Stellantis eCMP pack (shared with Peugeot e-208),2019+ eCMP,,15.0.14,HW3.1,dalathegreat/Battery-Emulator Stellantis eCMP wiki,
Opel/Vauxhall Corsa-e/Mokka-e (2019-) (Stellantis e-CMP),GoodWe ET hybrid solar,in_catalog,yes,protocol_verified,,Stellantis eCMP pack (shared with Peugeot e-208),2019+ eCMP,,15.0.14,HW3.1,dalathegreat/Battery-Emulator Stellantis eCMP wiki,
Opel/Vauxhall Corsa-e/Mokka-e (2019-) (Stellantis e-CMP),GoodWe SBP battery inverter,in_catalog,yes,protocol_verified,,Stellantis eCMP pack (shared with Peugeot e-208),2019+ eCMP,,15.0.14,HW3.1,dalathegreat/Battery-Emulator Stellantis eCMP wiki,
Opel/Vauxhall Corsa-e/Mokka-e (2019-) (Stellantis e-CMP),Growatt HV Growatt SPH,in_catalog,yes,protocol_verified,,Stellantis eCMP pack (shared with Peugeot e-208),2019+ eCMP,,15.0.14,HW3.1,dalathegreat/Battery-Emulator Stellantis eCMP wiki,
Opel/Vauxhall Corsa-e/Mokka-e (2019-) (Stellantis e-CMP),Growatt HV Growatt SPH (TL3-BH-UP) (5-10kW 3P),in_catalog,yes,protocol_verified,,Stellantis eCMP pack (shared with Peugeot e-208),2019+ eCMP,,15.0.14,HW3.1,dalathegreat/Battery-Emulator Stellantis eCMP wiki,
Opel/Vauxhall Corsa-e/Mokka-e (2019-) (Stellantis e-CMP),Growatt LV Growatt SPH (4.6-10) (TL3-BH) (5-10kW 3P),in_catalog,yes,protocol_verified,,Stellantis eCMP pack (shared with Peugeot e-208),2019+ eCMP,,15.0.14,HW3.1,dalathegreat/Battery-Emulator Stellantis eCMP wiki,
Opel/Vauxhall Corsa-e/Mokka-e (2019-) (Stellantis e-CMP),Growatt WIT 50-100K-HU,in_catalog,yes,protocol_verified,,Stellantis eCMP pack (shared with Peugeot e-208),2019+ eCMP,,15.0.14,HW3.1,dalathegreat/Battery-Emulator Stellantis eCMP wiki,
Opel/Vauxhall Corsa-e/Mokka-e (2019-) (Stellantis e-CMP),Growatt WIT 50-100K-HU (TL3-BH-UP) (5-10kW 3P),in_catalog,yes,protocol_verified,,Stellantis eCMP pack (shared with Peugeot e-208),2019+ eCMP,,15.0.14,HW3.1,dalathegreat/Battery-Emulator Stellantis eCMP wiki,
Opel/Vauxhall Corsa-e/Mokka-e (2019-) (Stellantis e-CMP),Hoymiles HYT/HAT-HV,in_catalog,yes,protocol_verified,,Stellantis eCMP pack (shared with Peugeot e-208),2019+ eCMP,,15.0.14,HW3.1,dalathegreat/Battery-Emulator Stellantis eCMP wiki,
Opel/Vauxhall Corsa-e/Mokka-e (2019-) (Stellantis e-CMP),Huawei SUN2000-(2-6)KTL-L1 (400V),in_catalog,yes,protocol_verified,,Stellantis eCMP pack (shared with Peugeot e-208),2019+ eCMP,,15.0.14,HW3.1,dalathegreat/Battery-Emulator Stellantis eCMP wiki,
Opel/Vauxhall Corsa-e/Mokka-e (2019-) (Stellantis e-CMP),Huawei SUN2000-(3-20)K-MB0 (400V),in_catalog,yes,protocol_verified,,Stellantis eCMP pack (shared with Peugeot e-208),2019+ eCMP,,15.0.14,HW3.1,dalathegreat/Battery-Emulator Stellantis eCMP wiki,
Opel/Vauxhall Corsa-e/Mokka-e (2019-) (Stellantis e-CMP),Kostal Plenticore Plus (3.0-10),in_catalog,yes,protocol_verified,,Stellantis eCMP pack (shared with Peugeot e-208),2019+ eCMP,,15.0.14,HW3.1,dalathegreat/Battery-Emulator Stellantis eCMP wiki,
Opel/Vauxhall Corsa-e/Mokka-e (2019-) (Stellantis e-CMP),Maple Leaf Northern Fox H1-H3-AC1-KH,in_catalog,yes,protocol_verified,,Stellantis eCMP pack (shared with Peugeot e-208),2019+ eCMP,,15.0.14,HW3.1,dalathegreat/Battery-Emulator Stellantis eCMP wiki,
Opel/Vauxhall Corsa-e/Mokka-e (2019-) (Stellantis e-CMP),SAJ H2 Hybrid (3-12)K-S2,in_catalog,yes,protocol_verified,,Stellantis eCMP pack (shared with Peugeot e-208),2019+ eCMP,,15.0.14,HW3.1,dalathegreat/Battery-Emulator Stellantis eCMP wiki,
Opel/Vauxhall Corsa-e/Mokka-e (2019-) (Stellantis e-CMP),SMA Sunny Boy Smart Energy 3.6 / 4.0 / 5.0 / 6.0-50 Hybrid Inverter,in_catalog,yes,protocol_verified,,Stellantis eCMP pack (shared with Peugeot e-208),2019+ eCMP,,15.0.14,HW3.1,dalathegreat/Battery-Emulator Stellantis eCMP wiki,
Opel/Vauxhall Corsa-e/Mokka-e (2019-) (Stellantis e-CMP),SMA Sunny Boy Smart Energy 3.6-6.0,in_catalog,yes,protocol_verified,,Stellantis eCMP pack (shared with Peugeot e-208),2019+ eCMP,,15.0.14,HW3.1,dalathegreat/Battery-Emulator Stellantis eCMP wiki,
Opel/Vauxhall Corsa-e/Mokka-e (2019-) (Stellantis e-CMP),SMA Sunny Boy Storage 2.5,in_catalog,yes,protocol_verified,,Stellantis eCMP pack (shared with Peugeot e-208),2019+ eCMP,,15.0.14,HW3.1,dalathegreat/Battery-Emulator Stellantis eCMP wiki,
Opel/Vauxhall Corsa-e/Mokka-e (2019-) (Stellantis e-CMP),SMA Sunny Boy Storage 2.5 / 3.7 / 5.0 / 6.0,in_catalog,yes,protocol_verified,,Stellantis eCMP pack (shared with Peugeot e-208),2019+ eCMP,,15.0.14,HW3.1,dalathegreat/Battery-Emulator Stellantis eCMP wiki,
Opel/Vauxhall Corsa-e/Mokka-e (2019-) (Stellantis e-CMP),SMA Sunny Tripower Smart 5.0-10.0 SE,in_catalog,yes,protocol_verified,,Stellantis eCMP pack (shared with Peugeot e-208),2019+ eCMP,,15.0.14,HW3.1,dalathegreat/Battery-Emulator Stellantis eCMP wiki,
Opel/Vauxhall Corsa-e/Mokka-e (2019-) (Stellantis e-CMP),SMA Sunny Tripower X,in_catalog,yes,protocol_verified,,Stellantis eCMP pack (shared with Peugeot e-208),2019+ eCMP,,15.0.14,HW3.1,dalathegreat/Battery-Emulator Stellantis eCMP wiki,
Opel/Vauxhall Corsa-e/Mokka-e (2019-) (Stellantis e-CMP),Sofar 5K...20KTL-3PH,in_catalog,yes,protocol_verified,,Stellantis eCMP pack (shared with Peugeot e-208),2019+ eCMP,,15.0.14,HW3.1,dalathegreat/Battery-Emulator Stellantis eCMP wiki,
Opel/Vauxhall Corsa-e/Mokka-e (2019-) (Stellantis e-CMP),Sofar HYD (3-20)KTL-3PH,in_catalog,yes,protocol_verified,,Stellantis eCMP pack (shared with Peugeot e-208),2019+ eCMP,,15.0.14,HW3.1,dalathegreat/Battery-Emulator Stellantis eCMP wiki,
Opel/Vauxhall Corsa-e/Mokka-e (2019-) (Stellantis e-CMP),SolaX X1 Hybrid,in_catalog,yes,protocol_verified,,Stellantis eCMP pack (shared with Peugeot e-208),2019+ eCMP,,15.0.14,HW3.1,dalathegreat/Battery-Emulator Stellantis eCMP wiki,
Opel/Vauxhall Corsa-e/Mokka-e (2019-) (Stellantis e-CMP),SolaX X1 Hybrid G4,in_catalog,yes,protocol_verified,,Stellantis eCMP pack (shared with Peugeot e-208),2019+ eCMP,,15.0.14,HW3.1,dalathegreat/Battery-Emulator Stellantis eCMP wiki,
Opel/Vauxhall Corsa-e/Mokka-e (2019-) (Stellantis e-CMP),SolaX X3 Hybrid,in_catalog,yes,protocol_verified,,Stellantis eCMP pack (shared with Peugeot e-208),2019+ eCMP,,15.0.14,HW3.1,dalathegreat/Battery-Emulator Stellantis eCMP wiki,
Opel/Vauxhall Corsa-e/Mokka-e (2019-) (Stellantis e-CMP),SolaX X3 Hybrid G4,in_catalog,yes,protocol_verified,,Stellantis eCMP pack (shared with Peugeot e-208),2019+ eCMP,,15.0.14,HW3.1,dalathegreat/Battery-Emulator Stellantis eCMP wiki,
Opel/Vauxhall Corsa-e/Mokka-e (2019-) (Stellantis e-CMP),SolaX X3-Ultra Hybrid,in_catalog,yes,protocol_verified,,Stellantis eCMP pack (shared with Peugeot e-208),2019+ eCMP,,15.0.14,HW3.1,dalathegreat/Battery-Emulator Stellantis eCMP wiki,
Opel/Vauxhall Corsa-e/Mokka-e (2019-) (Stellantis e-CMP),Solis RHI-3P(5-10)K-HVES-5G / S6-EH1P10K-H-US-APST,in_catalog,yes,protocol_verified,,Stellantis eCMP pack (shared with Peugeot e-208),2019+ eCMP,,15.0.14,HW3.1,dalathegreat/Battery-Emulator Stellantis eCMP wiki,
Opel/Vauxhall Corsa-e/Mokka-e (2019-) (Stellantis e-CMP),Solis RHI-3P(5-10)K-HVES-5G / S6-EH3P-(5-10.0K)-H-EU,in_catalog,yes,protocol_verified,,Stellantis eCMP pack (shared with Peugeot e-208),2019+ eCMP,,15.0.14,HW3.1,dalathegreat/Battery-Emulator Stellantis eCMP wiki,
Opel/Vauxhall Corsa-e/Mokka-e (2019-) (Stellantis e-CMP),Solis S5-EH1P (3-6) K-L (5-6 kW 1P US),in_catalog,yes,protocol_verified,,Stellantis eCMP pack (shared with Peugeot e-208),2019+ eCMP,,15.0.14,HW3.1,dalathegreat/Battery-Emulator Stellantis eCMP wiki,
Opel/Vauxhall Corsa-e/Mokka-e (2019-) (Stellantis e-CMP),Solis S6-EH3P(8-15)K-H 8-15 kW 3P (5-6 kW 1P US),in_catalog,yes,protocol_verified,,Stellantis eCMP pack (shared with Peugeot e-208),2019+ eCMP,,15.0.14,HW3.1,dalathegreat/Battery-Emulator Stellantis eCMP wiki,
Opel/Vauxhall Corsa-e/Mokka-e (2019-) (Stellantis e-CMP),Solxpow Solxpow X3 12-20kW,in_catalog,yes,protocol_verified,,Stellantis eCMP pack (shared with Peugeot e-208),2019+ eCMP,,15.0.14,HW3.1,dalathegreat/Battery-Emulator Stellantis eCMP wiki,
Opel/Vauxhall Corsa-e/Mokka-e (2019-) (Stellantis e-CMP),Sungrow SH15T/SH20T/SH25T,in_catalog,yes,protocol_verified,,Stellantis eCMP pack (shared with Peugeot e-208),2019+ eCMP,,15.0.14,HW3.1,dalathegreat/Battery-Emulator Stellantis eCMP wiki,
Opel/Vauxhall Corsa-e/Mokka-e (2019-) (Stellantis e-CMP),Sungrow SH3.0/3.6/4.0/5.0/6.0RS,in_catalog,yes,protocol_verified,,Stellantis eCMP pack (shared with Peugeot e-208),2019+ eCMP,,15.0.14,HW3.1,dalathegreat/Battery-Emulator Stellantis eCMP wiki,
Opel/Vauxhall Corsa-e/Mokka-e (2019-) (Stellantis e-CMP),Sungrow SH5.0/6.0/8.0/10RT,in_catalog,yes,protocol_verified,,Stellantis eCMP pack (shared with Peugeot e-208),2019+ eCMP,,15.0.14,HW3.1,dalathegreat/Battery-Emulator Stellantis eCMP wiki,
Peugeot e-208/e-2008 (2020-) (Stellantis e-CMP),Afore AF17K-THA 230V,in_catalog,yes,protocol_verified,,Stellantis 9840xxxx eCMP pack (108s2p LG Chem NMC),2019+ eCMP / 2023+ eCMP2 Smart Car,,15.0.14,HW3.1,dalathegreat/Battery-Emulator Stellantis eCMP wiki,
Peugeot e-208/e-2008 (2020-) (Stellantis e-CMP),Deye SUN-(29.9-50)K-SG01HP3-EU-BM3,in_catalog,yes,protocol_verified,,Stellantis 9840xxxx eCMP pack (108s2p LG Chem NMC),2019+ eCMP / 2023+ eCMP2 Smart Car,,15.0.14,HW3.1,dalathegreat/Battery-Emulator Stellantis eCMP wiki,
Peugeot e-208/e-2008 (2020-) (Stellantis e-CMP),Deye SUN-(5-20)K-SG01HP3-EU-AM2,in_catalog,yes,protocol_verified,,Stellantis 9840xxxx eCMP pack (108s2p LG Chem NMC),2019+ eCMP / 2023+ eCMP2 Smart Car,,15.0.14,HW3.1,dalathegreat/Battery-Emulator Stellantis eCMP wiki,
Peugeot e-208/e-2008 (2020-) (Stellantis e-CMP),Felicity T-REX-50KHP3G01,in_catalog,yes,protocol_verified,,Stellantis 9840xxxx eCMP pack (108s2p LG Chem NMC),2019+ eCMP / 2023+ eCMP2 Smart Car,,15.0.14,HW3.1,dalathegreat/Battery-Emulator Stellantis eCMP wiki,
Peugeot e-208/e-2008 (2020-) (Stellantis e-CMP),Ferroamp EnergyHub,in_catalog,yes,protocol_verified,,Stellantis 9840xxxx eCMP pack (108s2p LG Chem NMC),2019+ eCMP / 2023+ eCMP2 Smart Car,,15.0.14,HW3.1,dalathegreat/Battery-Emulator Stellantis eCMP wiki,
Peugeot e-208/e-2008 (2020-) (Stellantis e-CMP),FoxESS H1/AC1,in_catalog,yes,protocol_verified,,Stellantis 9840xxxx eCMP pack (108s2p LG Chem NMC),2019+ eCMP / 2023+ eCMP2 Smart Car,,15.0.14,HW3.1,dalathegreat/Battery-Emulator Stellantis eCMP wiki,
Peugeot e-208/e-2008 (2020-) (Stellantis e-CMP),FoxESS H3 Pro,in_catalog,yes,protocol_verified,,Stellantis 9840xxxx eCMP pack (108s2p LG Chem NMC),2019+ eCMP / 2023+ eCMP2 Smart Car,,15.0.14,HW3.1,dalathegreat/Battery-Emulator Stellantis eCMP wiki,
Peugeot e-208/e-2008 (2020-) (Stellantis e-CMP),FoxESS H3 Smart,in_catalog,yes,protocol_verified,,Stellantis 9840xxxx eCMP pack (108s2p LG Chem NMC),2019+ eCMP / 2023+ eCMP2 Smart Car,,15.0.14,HW3.1,dalathegreat/Battery-Emulator Stellantis eCMP wiki,
Peugeot e-208/e-2008 (2020-) (Stellantis e-CMP),FoxESS H3/AC3,in_catalog,yes,protocol_verified,,Stellantis 9840xxxx eCMP pack (108s2p LG Chem NMC),2019+ eCMP / 2023+ eCMP2 Smart Car,,15.0.14,HW3.1,dalathegreat/Battery-Emulator Stellantis eCMP wiki,
Peugeot e-208/e-2008 (2020-) (Stellantis e-CMP),Fronius Primo Gen24 Plus,in_catalog,yes,protocol_verified,,Stellantis 9840xxxx eCMP pack (108s2p LG Chem NMC),2019+ eCMP / 2023+ eCMP2 Smart Car,,15.0.14,HW3.1,dalathegreat/Battery-Emulator Stellantis eCMP wiki,
Peugeot e-208/e-2008 (2020-) (Stellantis e-CMP),Fronius Symo Gen24 Plus,in_catalog,yes,protocol_verified,,Stellantis 9840xxxx eCMP pack (108s2p LG Chem NMC),2019+ eCMP / 2023+ eCMP2 Smart Car,,15.0.14,HW3.1,dalathegreat/Battery-Emulator Stellantis eCMP wiki,
Peugeot e-208/e-2008 (2020-) (Stellantis e-CMP),Fronius Symo Hybrid 3.0/4.0/5.0-3-S,in_catalog,yes,protocol_verified,,Stellantis 9840xxxx eCMP pack (108s2p LG Chem NMC),2019+ eCMP / 2023+ eCMP2 Smart Car,,15.0.14,HW3.1,dalathegreat/Battery-Emulator Stellantis eCMP wiki,
Peugeot e-208/e-2008 (2020-) (Stellantis e-CMP),Fronius Verto Plus 15-33kW,in_catalog,yes,protocol_verified,,Stellantis 9840xxxx eCMP pack (108s2p LG Chem NMC),2019+ eCMP / 2023+ eCMP2 Smart Car,,15.0.14,HW3.1,dalathegreat/Battery-Emulator Stellantis eCMP wiki,
Peugeot e-208/e-2008 (2020-) (Stellantis e-CMP),GoodWe A-ES hybrid inverter (America Split Phase),in_catalog,yes,protocol_verified,,Stellantis 9840xxxx eCMP pack (108s2p LG Chem NMC),2019+ eCMP / 2023+ eCMP2 Smart Car,,15.0.14,HW3.1,dalathegreat/Battery-Emulator Stellantis eCMP wiki,
Peugeot e-208/e-2008 (2020-) (Stellantis e-CMP),GoodWe BH AC battery inverter,in_catalog,yes,protocol_verified,,Stellantis 9840xxxx eCMP pack (108s2p LG Chem NMC),2019+ eCMP / 2023+ eCMP2 Smart Car,,15.0.14,HW3.1,dalathegreat/Battery-Emulator Stellantis eCMP wiki,
Peugeot e-208/e-2008 (2020-) (Stellantis e-CMP),GoodWe BT AC battery inverter,in_catalog,yes,protocol_verified,,Stellantis 9840xxxx eCMP pack (108s2p LG Chem NMC),2019+ eCMP / 2023+ eCMP2 Smart Car,,15.0.14,HW3.1,dalathegreat/Battery-Emulator Stellantis eCMP wiki,
Peugeot e-208/e-2008 (2020-) (Stellantis e-CMP),GoodWe EH hybrid solar,in_catalog,yes,protocol_verified,,Stellantis 9840xxxx eCMP pack (108s2p LG Chem NMC),2019+ eCMP / 2023+ eCMP2 Smart Car,,15.0.14,HW3.1,dalathegreat/Battery-Emulator Stellantis eCMP wiki,
Peugeot e-208/e-2008 (2020-) (Stellantis e-CMP),GoodWe EHB high voltage battery,in_catalog,yes,protocol_verified,,Stellantis 9840xxxx eCMP pack (108s2p LG Chem NMC),2019+ eCMP / 2023+ eCMP2 Smart Car,,15.0.14,HW3.1,dalathegreat/Battery-Emulator Stellantis eCMP wiki,
Peugeot e-208/e-2008 (2020-) (Stellantis e-CMP),GoodWe EHB hybrid inverter (South Africa only),in_catalog,yes,protocol_verified,,Stellantis 9840xxxx eCMP pack (108s2p LG Chem NMC),2019+ eCMP / 2023+ eCMP2 Smart Car,,15.0.14,HW3.1,dalathegreat/Battery-Emulator Stellantis eCMP wiki,
Peugeot e-208/e-2008 (2020-) (Stellantis e-CMP),GoodWe ES hybrid solar,in_catalog,yes,protocol_verified,,Stellantis 9840xxxx eCMP pack (108s2p LG Chem NMC),2019+ eCMP / 2023+ eCMP2 Smart Car,,15.0.14,HW3.1,dalathegreat/Battery-Emulator Stellantis eCMP wiki,
Peugeot e-208/e-2008 (2020-) (Stellantis e-CMP),GoodWe ET hybrid solar,in_catalog,yes,protocol_verified,,Stellantis 9840xxxx eCMP pack (108s2p LG Chem NMC),2019+ eCMP / 2023+ eCMP2 Smart Car,,15.0.14,HW3.1,dalathegreat/Battery-Emulator Stellantis eCMP wiki,
Peugeot e-208/e-2008 (2020-) (Stellantis e-CMP),GoodWe SBP battery inverter,in_catalog,yes,protocol_verified,,Stellantis 9840xxxx eCMP pack (108s2p LG Chem NMC),2019+ eCMP / 2023+ eCMP2 Smart Car,,15.0.14,HW3.1,dalathegreat/Battery-Emulator Stellantis eCMP wiki,
Peugeot e-208/e-2008 (2020-) (Stellantis e-CMP),Growatt HV Growatt SPH,in_catalog,yes,protocol_verified,,Stellantis 9840xxxx eCMP pack (108s2p LG Chem NMC),2019+ eCMP / 2023+ eCMP2 Smart Car,,15.0.14,HW3.1,dalathegreat/Battery-Emulator Stellantis eCMP wiki,
Peugeot e-208/e-2008 (2020-) (Stellantis e-CMP),Growatt HV Growatt SPH (TL3-BH-UP) (5-10kW 3P),in_catalog,yes,protocol_verified,,Stellantis 9840xxxx eCMP pack (108s2p LG Chem NMC),2019+ eCMP / 2023+ eCMP2 Smart Car,,15.0.14,HW3.1,dalathegreat/Battery-Emulator Stellantis eCMP wiki,
Peugeot e-208/e-2008 (2020-) (Stellantis e-CMP),Growatt LV Growatt SPH (4.6-10) (TL3-BH) (5-10kW 3P),in_catalog,yes,protocol_verified,,Stellantis 9840xxxx eCMP pack (108s2p LG Chem NMC),2019+ eCMP / 2023+ eCMP2 Smart Car,,15.0.14,HW3.1,dalathegreat/Battery-Emulator Stellantis eCMP wiki,
Peugeot e-208/e-2008 (2020-) (Stellantis e-CMP),Growatt WIT 50-100K-HU,in_catalog,yes,protocol_verified,,Stellantis 9840xxxx eCMP pack (108s2p LG Chem NMC),2019+ eCMP / 2023+ eCMP2 Smart Car,,15.0.14,HW3.1,dalathegreat/Battery-Emulator Stellantis eCMP wiki,
Peugeot e-208/e-2008 (2020-) (Stellantis e-CMP),Growatt WIT 50-100K-HU (TL3-BH-UP) (5-10kW 3P),in_catalog,yes,protocol_verified,,Stellantis 9840xxxx eCMP pack (108s2p LG Chem NMC),2019+ eCMP / 2023+ eCMP2 Smart Car,,15.0.14,HW3.1,dalathegreat/Battery-Emulator Stellantis eCMP wiki,
Peugeot e-208/e-2008 (2020-) (Stellantis e-CMP),Hoymiles HYT/HAT-HV,in_catalog,yes,protocol_verified,,Stellantis 9840xxxx eCMP pack (108s2p LG Chem NMC),2019+ eCMP / 2023+ eCMP2 Smart Car,,15.0.14,HW3.1,dalathegreat/Battery-Emulator Stellantis eCMP wiki,
Peugeot e-208/e-2008 (2020-) (Stellantis e-CMP),Huawei SUN2000-(2-6)KTL-L1 (400V),in_catalog,yes,protocol_verified,,Stellantis 9840xxxx eCMP pack (108s2p LG Chem NMC),2019+ eCMP / 2023+ eCMP2 Smart Car,,15.0.14,HW3.1,dalathegreat/Battery-Emulator Stellantis eCMP wiki,
Peugeot e-208/e-2008 (2020-) (Stellantis e-CMP),Huawei SUN2000-(3-20)K-MB0 (400V),in_catalog,yes,protocol_verified,,Stellantis 9840xxxx eCMP pack (108s2p LG Chem NMC),2019+ eCMP / 2023+ eCMP2 Smart Car,,15.0.14,HW3.1,dalathegreat/Battery-Emulator Stellantis eCMP wiki,
Peugeot e-208/e-2008 (2020-) (Stellantis e-CMP),Kostal Plenticore Plus (3.0-10),in_catalog,yes,protocol_verified,,Stellantis 9840xxxx eCMP pack (108s2p LG Chem NMC),2019+ eCMP / 2023+ eCMP2 Smart Car,,15.0.14,HW3.1,dalathegreat/Battery-Emulator Stellantis eCMP wiki,
Peugeot e-208/e-2008 (2020-) (Stellantis e-CMP),Maple Leaf Northern Fox H1-H3-AC1-KH,in_catalog,yes,protocol_verified,,Stellantis 9840xxxx eCMP pack (108s2p LG Chem NMC),2019+ eCMP / 2023+ eCMP2 Smart Car,,15.0.14,HW3.1,dalathegreat/Battery-Emulator Stellantis eCMP wiki,
Peugeot e-208/e-2008 (2020-) (Stellantis e-CMP),SAJ H2 Hybrid (3-12)K-S2,in_catalog,yes,protocol_verified,,Stellantis 9840xxxx eCMP pack (108s2p LG Chem NMC),2019+ eCMP / 2023+ eCMP2 Smart Car,,15.0.14,HW3.1,dalathegreat/Battery-Emulator Stellantis eCMP wiki,
Peugeot e-208/e-2008 (2020-) (Stellantis e-CMP),SMA Sunny Boy Smart Energy 3.6 / 4.0 / 5.0 / 6.0-50 Hybrid Inverter,in_catalog,yes,protocol_verified,,Stellantis 9840xxxx eCMP pack (108s2p LG Chem NMC),2019+ eCMP / 2023+ eCMP2 Smart Car,,15.0.14,HW3.1,dalathegreat/Battery-Emulator Stellantis eCMP wiki,
Peugeot e-208/e-2008 (2020-) (Stellantis e-CMP),SMA Sunny Boy Smart Energy 3.6-6.0,in_catalog,yes,protocol_verified,,Stellantis 9840xxxx eCMP pack (108s2p LG Chem NMC),2019+ eCMP / 2023+ eCMP2 Smart Car,,15.0.14,HW3.1,dalathegreat/Battery-Emulator Stellantis eCMP wiki,
Peugeot e-208/e-2008 (2020-) (Stellantis e-CMP),SMA Sunny Boy Storage 2.5,in_catalog,yes,protocol_verified,,Stellantis 9840xxxx eCMP pack (108s2p LG Chem NMC),2019+ eCMP / 2023+ eCMP2 Smart Car,,15.0.14,HW3.1,dalathegreat/Battery-Emulator Stellantis eCMP wiki,
Peugeot e-208/e-2008 (2020-) (Stellantis e-CMP),SMA Sunny Boy Storage 2.5 / 3.7 / 5.0 / 6.0,in_catalog,yes,protocol_verified,,Stellantis 9840xxxx eCMP pack (108s2p LG Chem NMC),2019+ eCMP / 2023+ eCMP2 Smart Car,,15.0.14,HW3.1,dalathegreat/Battery-Emulator Stellantis eCMP wiki,
Peugeot e-208/e-2008 (2020-) (Stellantis e-CMP),SMA Sunny Tripower Smart 5.0-10.0 SE,in_catalog,yes,protocol_verified,,Stellantis 9840xxxx eCMP pack (108s2p LG Chem NMC),2019+ eCMP / 2023+ eCMP2 Smart Car,,15.0.14,HW3.1,dalathegreat/Battery-Emulator Stellantis eCMP wiki,
Peugeot e-208/e-2008 (2020-) (Stellantis e-CMP),SMA Sunny Tripower X,in_catalog,yes,protocol_verified,,Stellantis 9840xxxx eCMP pack (108s2p LG Chem NMC),2019+ eCMP / 2023+ eCMP2 Smart Car,,15.0.14,HW3.1,dalathegreat/Battery-Emulator Stellantis eCMP wiki,
Peugeot e-208/e-2008 (2020-) (Stellantis e-CMP),Sofar 5K...20KTL-3PH,in_catalog,yes,protocol_verified,,Stellantis 9840xxxx eCMP pack (108s2p LG Chem NMC),2019+ eCMP / 2023+ eCMP2 Smart Car,,15.0.14,HW3.1,dalathegreat/Battery-Emulator Stellantis eCMP wiki,
Peugeot e-208/e-2008 (2020-) (Stellantis e-CMP),Sofar HYD (3-20)KTL-3PH,in_catalog,yes,protocol_verified,,Stellantis 9840xxxx eCMP pack (108s2p LG Chem NMC),2019+ eCMP / 2023+ eCMP2 Smart Car,,15.0.14,HW3.1,dalathegreat/Battery-Emulator Stellantis eCMP wiki,
Peugeot e-208/e-2008 (2020-) (Stellantis e-CMP),SolaX X1 Hybrid,in_catalog,yes,protocol_verified,,Stellantis 9840xxxx eCMP pack (108s2p LG Chem NMC),2019+ eCMP / 2023+ eCMP2 Smart Car,,15.0.14,HW3.1,dalathegreat/Battery-Emulator Stellantis eCMP wiki,
Peugeot e-208/e-2008 (2020-) (Stellantis e-CMP),SolaX X1 Hybrid G4,in_catalog,yes,protocol_verified,,Stellantis 9840xxxx eCMP pack (108s2p LG Chem NMC),2019+ eCMP / 2023+ eCMP2 Smart Car,,15.0.14,HW3.1,dalathegreat/Battery-Emulator Stellantis eCMP wiki,
Peugeot e-208/e-2008 (2020-) (Stellantis e-CMP),SolaX X3 Hybrid,in_catalog,yes,protocol_verified,,Stellantis 9840xxxx eCMP pack (108s2p LG Chem NMC),2019+ eCMP / 2023+ eCMP2 Smart Car,,15.0.14,HW3.1,dalathegreat/Battery-Emulator Stellantis eCMP wiki,
Peugeot e-208/e-2008 (2020-) (Stellantis e-CMP),SolaX X3 Hybrid G4,in_catalog,yes,protocol_verified,,Stellantis 9840xxxx eCMP pack (108s2p LG Chem NMC),2019+ eCMP / 2023+ eCMP2 Smart Car,,15.0.14,HW3.1,dalathegreat/Battery-Emulator Stellantis eCMP wiki,
Peugeot e-208/e-2008 (2020-) (Stellantis e-CMP),SolaX X3-Ultra Hybrid,in_catalog,yes,protocol_verified,,Stellantis 9840xxxx eCMP pack (108s2p LG Chem NMC),2019+ eCMP / 2023+ eCMP2 Smart Car,,15.0.14,HW3.1,dalathegreat/Battery-Emulator Stellantis eCMP wiki,
Peugeot e-208/e-2008 (2020-) (Stellantis e-CMP),Solis RHI-3P(5-10)K-HVES-5G / S6-EH1P10K-H-US-APST,in_catalog,yes,protocol_verified,,Stellantis 9840xxxx eCMP pack (108s2p LG Chem NMC),2019+ eCMP / 2023+ eCMP2 Smart Car,,15.0.14,HW3.1,dalathegreat/Battery-Emulator Stellantis eCMP wiki,
Peugeot e-208/e-2008 (2020-) (Stellantis e-CMP),Solis RHI-3P(5-10)K-HVES-5G / S6-EH3P-(5-10.0K)-H-EU,in_catalog,yes,protocol_verified,,Stellantis 9840xxxx eCMP pack (108s2p LG Chem NMC),2019+ eCMP / 2023+ eCMP2 Smart Car,,15.0.14,HW3.1,dalathegreat/Battery-Emulator Stellantis eCMP wiki,
Peugeot e-208/e-2008 (2020-) (Stellantis e-CMP),Solis S5-EH1P (3-6) K-L (5-6 kW 1P US),in_catalog,yes,protocol_verified,,Stellantis 9840xxxx eCMP pack (108s2p LG Chem NMC),2019+ eCMP / 2023+ eCMP2 Smart Car,,15.0.14,HW3.1,dalathegreat/Battery-Emulator Stellantis eCMP wiki,
Peugeot e-208/e-2008 (2020-) (Stellantis e-CMP),Solis S6-EH3P(8-15)K-H 8-15 kW 3P (5-6 kW 1P US),in_catalog,yes,protocol_verified,,Stellantis 9840xxxx eCMP pack (108s2p LG Chem NMC),2019+ eCMP / 2023+ eCMP2 Smart Car,,15.0.14,HW3.1,dalathegreat/Battery-Emulator Stellantis eCMP wiki,
Peugeot e-208/e-2008 (2020-) (Stellantis e-CMP),Solxpow Solxpow X3 12-20kW,in_catalog,yes,protocol_verified,,Stellantis 9840xxxx eCMP pack (108s2p LG Chem NMC),2019+ eCMP / 2023+ eCMP2 Smart Car,,15.0.14,HW3.1,dalathegreat/Battery-Emulator Stellantis eCMP wiki,
Peugeot e-208/e-2008 (2020-) (Stellantis e-CMP),Sungrow SH15T/SH20T/SH25T,in_catalog,yes,protocol_verified,,Stellantis 9840xxxx eCMP pack (108s2p LG Chem NMC),2019+ eCMP / 2023+ eCMP2 Smart Car,,15.0.14,HW3.1,dalathegreat/Battery-Emulator Stellantis eCMP wiki,
Peugeot e-208/e-2008 (2020-) (Stellantis e-CMP),Sungrow SH3.0/3.6/4.0/5.0/6.0RS,in_catalog,yes,protocol_verified,,Stellantis 9840xxxx eCMP pack (108s2p LG Chem NMC),2019+ eCMP / 2023+ eCMP2 Smart Car,,15.0.14,HW3.1,dalathegreat/Battery-Emulator Stellantis eCMP wiki,
Peugeot e-208/e-2008 (2020-) (Stellantis e-CMP),Sungrow SH5.0/6.0/8.0/10RT,in_catalog,yes,protocol_verified,,Stellantis 9840xxxx eCMP pack (108s2p LG Chem NMC),2019+ eCMP / 2023+ eCMP2 Smart Car,,15.0.14,HW3.1,dalathegreat/Battery-Emulator Stellantis eCMP wiki,
Peugeot Ion (16 kWh),Afore AF17K-THA 230V,in_catalog,yes,protocol_verified,,PSA Ion pack (shares Mitsubishi i-MiEV),2010-2018,,15.0.14,HW3.1,dalathegreat/Battery-Emulator i-MiEV wiki,
Peugeot Ion (16 kWh),Deye SUN-(29.9-50)K-SG01HP3-EU-BM3,in_catalog,yes,protocol_verified,,PSA Ion pack (shares Mitsubishi i-MiEV),2010-2018,,15.0.14,HW3.1,dalathegreat/Battery-Emulator i-MiEV wiki,
Peugeot Ion (16 kWh),Deye SUN-(5-20)K-SG01HP3-EU-AM2,in_catalog,yes,protocol_verified,,PSA Ion pack (shares Mitsubishi i-MiEV),2010-2018,,15.0.14,HW3.1,dalathegreat/Battery-Emulator i-MiEV wiki,
Peugeot Ion (16 kWh),Felicity T-REX-50KHP3G01,in_catalog,yes,protocol_verified,,PSA Ion pack (shares Mitsubishi i-MiEV),2010-2018,,15.0.14,HW3.1,dalathegreat/Battery-Emulator i-MiEV wiki,
Peugeot Ion (16 kWh),Ferroamp EnergyHub,in_catalog,yes,protocol_verified,,PSA Ion pack (shares Mitsubishi i-MiEV),2010-2018,,15.0.14,HW3.1,dalathegreat/Battery-Emulator i-MiEV wiki,
Peugeot Ion (16 kWh),FoxESS H1/AC1,in_catalog,yes,protocol_verified,,PSA Ion pack (shares Mitsubishi i-MiEV),2010-2018,,15.0.14,HW3.1,dalathegreat/Battery-Emulator i-MiEV wiki,
Peugeot Ion (16 kWh),FoxESS H3 Pro,in_catalog,yes,protocol_verified,,PSA Ion pack (shares Mitsubishi i-MiEV),2010-2018,,15.0.14,HW3.1,dalathegreat/Battery-Emulator i-MiEV wiki,
Peugeot Ion (16 kWh),FoxESS H3 Smart,in_catalog,yes,protocol_verified,,PSA Ion pack (shares Mitsubishi i-MiEV),2010-2018,,15.0.14,HW3.1,dalathegreat/Battery-Emulator i-MiEV wiki,
Peugeot Ion (16 kWh),FoxESS H3/AC3,in_catalog,yes,protocol_verified,,PSA Ion pack (shares Mitsubishi i-MiEV),2010-2018,,15.0.14,HW3.1,dalathegreat/Battery-Emulator i-MiEV wiki,
Peugeot Ion (16 kWh),Fronius Primo Gen24 Plus,in_catalog,yes,protocol_verified,,PSA Ion pack (shares Mitsubishi i-MiEV),2010-2018,,15.0.14,HW3.1,dalathegreat/Battery-Emulator i-MiEV wiki,
Peugeot Ion (16 kWh),Fronius Symo Gen24 Plus,in_catalog,yes,protocol_verified,,PSA Ion pack (shares Mitsubishi i-MiEV),2010-2018,,15.0.14,HW3.1,dalathegreat/Battery-Emulator i-MiEV wiki,
Peugeot Ion (16 kWh),Fronius Symo Hybrid 3.0/4.0/5.0-3-S,in_catalog,yes,protocol_verified,,PSA Ion pack (shares Mitsubishi i-MiEV),2010-2018,,15.0.14,HW3.1,dalathegreat/Battery-Emulator i-MiEV wiki,
Peugeot Ion (16 kWh),Fronius Verto Plus 15-33kW,in_catalog,yes,protocol_verified,,PSA Ion pack (shares Mitsubishi i-MiEV),2010-2018,,15.0.14,HW3.1,dalathegreat/Battery-Emulator i-MiEV wiki,
Peugeot Ion (16 kWh),GoodWe A-ES hybrid inverter (America Split Phase),in_catalog,yes,protocol_verified,,PSA Ion pack (shares Mitsubishi i-MiEV),2010-2018,,15.0.14,HW3.1,dalathegreat/Battery-Emulator i-MiEV wiki,
Peugeot Ion (16 kWh),GoodWe BH AC battery inverter,in_catalog,yes,protocol_verified,,PSA Ion pack (shares Mitsubishi i-MiEV),2010-2018,,15.0.14,HW3.1,dalathegreat/Battery-Emulator i-MiEV wiki,
Peugeot Ion (16 kWh),GoodWe BT AC battery inverter,in_catalog,yes,protocol_verified,,PSA Ion pack (shares Mitsubishi i-MiEV),2010-2018,,15.0.14,HW3.1,dalathegreat/Battery-Emulator i-MiEV wiki,
Peugeot Ion (16 kWh),GoodWe EH hybrid solar,in_catalog,yes,protocol_verified,,PSA Ion pack (shares Mitsubishi i-MiEV),2010-2018,,15.0.14,HW3.1,dalathegreat/Battery-Emulator i-MiEV wiki,
Peugeot Ion (16 kWh),GoodWe EHB high voltage battery,in_catalog,yes,protocol_verified,,PSA Ion pack (shares Mitsubishi i-MiEV),2010-2018,,15.0.14,HW3.1,dalathegreat/Battery-Emulator i-MiEV wiki,
Peugeot Ion (16 kWh),GoodWe EHB hybrid inverter (South Africa only),in_catalog,yes,protocol_verified,,PSA Ion pack (shares Mitsubishi i-MiEV),2010-2018,,15.0.14,HW3.1,dalathegreat/Battery-Emulator i-MiEV wiki,
Peugeot Ion (16 kWh),GoodWe ES hybrid solar,in_catalog,yes,protocol_verified,,PSA Ion pack (shares Mitsubishi i-MiEV),2010-2018,,15.0.14,HW3.1,dalathegreat/Battery-Emulator i-MiEV wiki,
Peugeot Ion (16 kWh),GoodWe ET hybrid solar,in_catalog,yes,protocol_verified,,PSA Ion pack (shares Mitsubishi i-MiEV),2010-2018,,15.0.14,HW3.1,dalathegreat/Battery-Emulator i-MiEV wiki,
Peugeot Ion (16 kWh),GoodWe SBP battery inverter,in_catalog,yes,protocol_verified,,PSA Ion pack (shares Mitsubishi i-MiEV),2010-2018,,15.0.14,HW3.1,dalathegreat/Battery-Emulator i-MiEV wiki,
Peugeot Ion (16 kWh),Growatt HV Growatt SPH,in_catalog,yes,protocol_verified,,PSA Ion pack (shares Mitsubishi i-MiEV),2010-2018,,15.0.14,HW3.1,dalathegreat/Battery-Emulator i-MiEV wiki,
Peugeot Ion (16 kWh),Growatt HV Growatt SPH (TL3-BH-UP) (5-10kW 3P),in_catalog,yes,protocol_verified,,PSA Ion pack (shares Mitsubishi i-MiEV),2010-2018,,15.0.14,HW3.1,dalathegreat/Battery-Emulator i-MiEV wiki,
Peugeot Ion (16 kWh),Growatt LV Growatt SPH (4.6-10) (TL3-BH) (5-10kW 3P),in_catalog,yes,protocol_verified,,PSA Ion pack (shares Mitsubishi i-MiEV),2010-2018,,15.0.14,HW3.1,dalathegreat/Battery-Emulator i-MiEV wiki,
Peugeot Ion (16 kWh),Growatt WIT 50-100K-HU,in_catalog,yes,protocol_verified,,PSA Ion pack (shares Mitsubishi i-MiEV),2010-2018,,15.0.14,HW3.1,dalathegreat/Battery-Emulator i-MiEV wiki,
Peugeot Ion (16 kWh),Growatt WIT 50-100K-HU (TL3-BH-UP) (5-10kW 3P),in_catalog,yes,protocol_verified,,PSA Ion pack (shares Mitsubishi i-MiEV),2010-2018,,15.0.14,HW3.1,dalathegreat/Battery-Emulator i-MiEV wiki,
Peugeot Ion (16 kWh),Hoymiles HYT/HAT-HV,in_catalog,yes,protocol_verified,,PSA Ion pack (shares Mitsubishi i-MiEV),2010-2018,,15.0.14,HW3.1,dalathegreat/Battery-Emulator i-MiEV wiki,
Peugeot Ion (16 kWh),Huawei SUN2000-(2-6)KTL-L1 (400V),in_catalog,yes,protocol_verified,,PSA Ion pack (shares Mitsubishi i-MiEV),2010-2018,,15.0.14,HW3.1,dalathegreat/Battery-Emulator i-MiEV wiki,
Peugeot Ion (16 kWh),Huawei SUN2000-(3-20)K-MB0 (400V),in_catalog,yes,protocol_verified,,PSA Ion pack (shares Mitsubishi i-MiEV),2010-2018,,15.0.14,HW3.1,dalathegreat/Battery-Emulator i-MiEV wiki,
Peugeot Ion (16 kWh),Kostal Plenticore Plus (3.0-10),in_catalog,yes,protocol_verified,,PSA Ion pack (shares Mitsubishi i-MiEV),2010-2018,,15.0.14,HW3.1,dalathegreat/Battery-Emulator i-MiEV wiki,
Peugeot Ion (16 kWh),Maple Leaf Northern Fox H1-H3-AC1-KH,in_catalog,yes,protocol_verified,,PSA Ion pack (shares Mitsubishi i-MiEV),2010-2018,,15.0.14,HW3.1,dalathegreat/Battery-Emulator i-MiEV wiki,
Peugeot Ion (16 kWh),SAJ H2 Hybrid (3-12)K-S2,in_catalog,yes,protocol_verified,,PSA Ion pack (shares Mitsubishi i-MiEV),2010-2018,,15.0.14,HW3.1,dalathegreat/Battery-Emulator i-MiEV wiki,
Peugeot Ion (16 kWh),SMA Sunny Boy Smart Energy 3.6 / 4.0 / 5.0 / 6.0-50 Hybrid Inverter,in_catalog,yes,protocol_verified,,PSA Ion pack (shares Mitsubishi i-MiEV),2010-2018,,15.0.14,HW3.1,dalathegreat/Battery-Emulator i-MiEV wiki,
Peugeot Ion (16 kWh),SMA Sunny Boy Smart Energy 3.6-6.0,in_catalog,yes,protocol_verified,,PSA Ion pack (shares Mitsubishi i-MiEV),2010-2018,,15.0.14,HW3.1,dalathegreat/Battery-Emulator i-MiEV wiki,
Peugeot Ion (16 kWh),SMA Sunny Boy Storage 2.5,in_catalog,yes,protocol_verified,,PSA Ion pack (shares Mitsubishi i-MiEV),2010-2018,,15.0.14,HW3.1,dalathegreat/Battery-Emulator i-MiEV wiki,
Peugeot Ion (16 kWh),SMA Sunny Boy Storage 2.5 / 3.7 / 5.0 / 6.0,in_catalog,yes,protocol_verified,,PSA Ion pack (shares Mitsubishi i-MiEV),2010-2018,,15.0.14,HW3.1,dalathegreat/Battery-Emulator i-MiEV wiki,
Peugeot Ion (16 kWh),SMA Sunny Tripower Smart 5.0-10.0 SE,in_catalog,yes,protocol_verified,,PSA Ion pack (shares Mitsubishi i-MiEV),2010-2018,,15.0.14,HW3.1,dalathegreat/Battery-Emulator i-MiEV wiki,
Peugeot Ion (16 kWh),SMA Sunny Tripower X,in_catalog,yes,protocol_verified,,PSA Ion pack (shares Mitsubishi i-MiEV),2010-2018,,15.0.14,HW3.1,dalathegreat/Battery-Emulator i-MiEV wiki,
Peugeot Ion (16 kWh),Sofar 5K...20KTL-3PH,in_catalog,yes,protocol_verified,,PSA Ion pack (shares Mitsubishi i-MiEV),2010-2018,,15.0.14,HW3.1,dalathegreat/Battery-Emulator i-MiEV wiki,
Peugeot Ion (16 kWh),Sofar HYD (3-20)KTL-3PH,in_catalog,yes,protocol_verified,,PSA Ion pack (shares Mitsubishi i-MiEV),2010-2018,,15.0.14,HW3.1,dalathegreat/Battery-Emulator i-MiEV wiki,
Peugeot Ion (16 kWh),SolaX X1 Hybrid,in_catalog,yes,protocol_verified,,PSA Ion pack (shares Mitsubishi i-MiEV),2010-2018,,15.0.14,HW3.1,dalathegreat/Battery-Emulator i-MiEV wiki,
Peugeot Ion (16 kWh),SolaX X1 Hybrid G4,in_catalog,yes,protocol_verified,,PSA Ion pack (shares Mitsubishi i-MiEV),2010-2018,,15.0.14,HW3.1,dalathegreat/Battery-Emulator i-MiEV wiki,
Peugeot Ion (16 kWh),SolaX X3 Hybrid,in_catalog,yes,protocol_verified,,PSA Ion pack (shares Mitsubishi i-MiEV),2010-2018,,15.0.14,HW3.1,dalathegreat/Battery-Emulator i-MiEV wiki,
Peugeot Ion (16 kWh),SolaX X3 Hybrid G4,in_catalog,yes,protocol_verified,,PSA Ion pack (shares Mitsubishi i-MiEV),2010-2018,,15.0.14,HW3.1,dalathegreat/Battery-Emulator i-MiEV wiki,
Peugeot Ion (16 kWh),SolaX X3-Ultra Hybrid,in_catalog,yes,protocol_verified,,PSA Ion pack (shares Mitsubishi i-MiEV),2010-2018,,15.0.14,HW3.1,dalathegreat/Battery-Emulator i-MiEV wiki,
Peugeot Ion (16 kWh),Solis RHI-3P(5-10)K-HVES-5G / S6-EH1P10K-H-US-APST,in_catalog,yes,protocol_verified,,PSA Ion pack (shares Mitsubishi i-MiEV),2010-2018,,15.0.14,HW3.1,dalathegreat/Battery-Emulator i-MiEV wiki,
Peugeot Ion (16 kWh),Solis RHI-3P(5-10)K-HVES-5G / S6-EH3P-(5-10.0K)-H-EU,in_catalog,yes,protocol_verified,,PSA Ion pack (shares Mitsubishi i-MiEV),2010-2018,,15.0.14,HW3.1,dalathegreat/Battery-Emulator i-MiEV wiki,
Peugeot Ion (16 kWh),Solis S5-EH1P (3-6) K-L (5-6 kW 1P US),in_catalog,yes,protocol_verified,,PSA Ion pack (shares Mitsubishi i-MiEV),2010-2018,,15.0.14,HW3.1,dalathegreat/Battery-Emulator i-MiEV wiki,
Peugeot Ion (16 kWh),Solis S6-EH3P(8-15)K-H 8-15 kW 3P (5-6 kW 1P US),in_catalog,yes,protocol_verified,,PSA Ion pack (shares Mitsubishi i-MiEV),2010-2018,,15.0.14,HW3.1,dalathegreat/Battery-Emulator i-MiEV wiki,
Peugeot Ion (16 kWh),Solxpow Solxpow X3 12-20kW,in_catalog,yes,protocol_verified,,PSA Ion pack (shares Mitsubishi i-MiEV),2010-2018,,15.0.14,HW3.1,dalathegreat/Battery-Emulator i-MiEV wiki,
Peugeot Ion (16 kWh),Sungrow SH15T/SH20T/SH25T,in_catalog,yes,protocol_verified,,PSA Ion pack (shares Mitsubishi i-MiEV),2010-2018,,15.0.14,HW3.1,dalathegreat/Battery-Emulator i-MiEV wiki,
Peugeot Ion (16 kWh),Sungrow SH3.0/3.6/4.0/5.0/6.0RS,in_catalog,yes,protocol_verified,,PSA Ion pack (shares Mitsubishi i-MiEV),2010-2018,,15.0.14,HW3.1,dalathegreat/Battery-Emulator i-MiEV wiki,
Peugeot Ion (16 kWh),Sungrow SH5.0/6.0/8.0/10RT,in_catalog,yes,protocol_verified,,PSA Ion pack (shares Mitsubishi i-MiEV),2010-2018,,15.0.14,HW3.1,dalathegreat/Battery-Emulator i-MiEV wiki,
Polestar 2 (78 kWh),Afore AF17K-THA 230V,in_catalog,yes,protocol_verified,,Polestar 2 pack (78 kWh CMA platform),2020+,,15.0.14,HW3.1,Polestar technical documentation,
Polestar 2 (78 kWh),Deye SUN-(29.9-50)K-SG01HP3-EU-BM3,in_catalog,yes,protocol_verified,,Polestar 2 pack (78 kWh CMA platform),2020+,,15.0.14,HW3.1,Polestar technical documentation,
Polestar 2 (78 kWh),Deye SUN-(5-20)K-SG01HP3-EU-AM2,in_catalog,yes,protocol_verified,,Polestar 2 pack (78 kWh CMA platform),2020+,,15.0.14,HW3.1,Polestar technical documentation,
Polestar 2 (78 kWh),Felicity T-REX-50KHP3G01,in_catalog,yes,protocol_verified,,Polestar 2 pack (78 kWh CMA platform),2020+,,15.0.14,HW3.1,Polestar technical documentation,
Polestar 2 (78 kWh),Ferroamp EnergyHub,in_catalog,yes,protocol_verified,,Polestar 2 pack (78 kWh CMA platform),2020+,,15.0.14,HW3.1,Polestar technical documentation,
Polestar 2 (78 kWh),FoxESS H1/AC1,in_catalog,yes,protocol_verified,,Polestar 2 pack (78 kWh CMA platform),2020+,,15.0.14,HW3.1,Polestar technical documentation,
Polestar 2 (78 kWh),FoxESS H3 Pro,in_catalog,yes,protocol_verified,,Polestar 2 pack (78 kWh CMA platform),2020+,,15.0.14,HW3.1,Polestar technical documentation,
Polestar 2 (78 kWh),FoxESS H3 Smart,in_catalog,yes,protocol_verified,,Polestar 2 pack (78 kWh CMA platform),2020+,,15.0.14,HW3.1,Polestar technical documentation,
Polestar 2 (78 kWh),FoxESS H3/AC3,in_catalog,yes,protocol_verified,,Polestar 2 pack (78 kWh CMA platform),2020+,,15.0.14,HW3.1,Polestar technical documentation,
Polestar 2 (78 kWh),Fronius Primo Gen24 Plus,in_catalog,yes,protocol_verified,,Polestar 2 pack (78 kWh CMA platform),2020+,,15.0.14,HW3.1,Polestar technical documentation,
Polestar 2 (78 kWh),Fronius Symo Gen24 Plus,in_catalog,yes,protocol_verified,,Polestar 2 pack (78 kWh CMA platform),2020+,,15.0.14,HW3.1,Polestar technical documentation,
Polestar 2 (78 kWh),Fronius Symo Hybrid 3.0/4.0/5.0-3-S,in_catalog,yes,protocol_verified,,Polestar 2 pack (78 kWh CMA platform),2020+,,15.0.14,HW3.1,Polestar technical documentation,
Polestar 2 (78 kWh),Fronius Verto Plus 15-33kW,in_catalog,yes,protocol_verified,,Polestar 2 pack (78 kWh CMA platform),2020+,,15.0.14,HW3.1,Polestar technical documentation,
Polestar 2 (78 kWh),GoodWe A-ES hybrid inverter (America Split Phase),in_catalog,yes,protocol_verified,,Polestar 2 pack (78 kWh CMA platform),2020+,,15.0.14,HW3.1,Polestar technical documentation,
Polestar 2 (78 kWh),GoodWe BH AC battery inverter,in_catalog,yes,protocol_verified,,Polestar 2 pack (78 kWh CMA platform),2020+,,15.0.14,HW3.1,Polestar technical documentation,
Polestar 2 (78 kWh),GoodWe BT AC battery inverter,in_catalog,yes,protocol_verified,,Polestar 2 pack (78 kWh CMA platform),2020+,,15.0.14,HW3.1,Polestar technical documentation,
Polestar 2 (78 kWh),GoodWe EH hybrid solar,in_catalog,yes,protocol_verified,,Polestar 2 pack (78 kWh CMA platform),2020+,,15.0.14,HW3.1,Polestar technical documentation,
Polestar 2 (78 kWh),GoodWe EHB high voltage battery,in_catalog,yes,protocol_verified,,Polestar 2 pack (78 kWh CMA platform),2020+,,15.0.14,HW3.1,Polestar technical documentation,
Polestar 2 (78 kWh),GoodWe EHB hybrid inverter (South Africa only),in_catalog,yes,protocol_verified,,Polestar 2 pack (78 kWh CMA platform),2020+,,15.0.14,HW3.1,Polestar technical documentation,
Polestar 2 (78 kWh),GoodWe ES hybrid solar,in_catalog,yes,protocol_verified,,Polestar 2 pack (78 kWh CMA platform),2020+,,15.0.14,HW3.1,Polestar technical documentation,
Polestar 2 (78 kWh),GoodWe ET hybrid solar,in_catalog,yes,protocol_verified,,Polestar 2 pack (78 kWh CMA platform),2020+,,15.0.14,HW3.1,Polestar technical documentation,
Polestar 2 (78 kWh),GoodWe SBP battery inverter,in_catalog,yes,protocol_verified,,Polestar 2 pack (78 kWh CMA platform),2020+,,15.0.14,HW3.1,Polestar technical documentation,
Polestar 2 (78 kWh),Growatt HV Growatt SPH,in_catalog,yes,protocol_verified,,Polestar 2 pack (78 kWh CMA platform),2020+,,15.0.14,HW3.1,Polestar technical documentation,
Polestar 2 (78 kWh),Growatt HV Growatt SPH (TL3-BH-UP) (5-10kW 3P),in_catalog,yes,protocol_verified,,Polestar 2 pack (78 kWh CMA platform),2020+,,15.0.14,HW3.1,Polestar technical documentation,
Polestar 2 (78 kWh),Growatt LV Growatt SPH (4.6-10) (TL3-BH) (5-10kW 3P),in_catalog,yes,protocol_verified,,Polestar 2 pack (78 kWh CMA platform),2020+,,15.0.14,HW3.1,Polestar technical documentation,
Polestar 2 (78 kWh),Growatt WIT 50-100K-HU,in_catalog,yes,protocol_verified,,Polestar 2 pack (78 kWh CMA platform),2020+,,15.0.14,HW3.1,Polestar technical documentation,
Polestar 2 (78 kWh),Growatt WIT 50-100K-HU (TL3-BH-UP) (5-10kW 3P),in_catalog,yes,protocol_verified,,Polestar 2 pack (78 kWh CMA platform),2020+,,15.0.14,HW3.1,Polestar technical documentation,
Polestar 2 (78 kWh),Hoymiles HYT/HAT-HV,in_catalog,yes,protocol_verified,,Polestar 2 pack (78 kWh CMA platform),2020+,,15.0.14,HW3.1,Polestar technical documentation,
Polestar 2 (78 kWh),Huawei SUN2000-(2-6)KTL-L1 (400V),in_catalog,yes,protocol_verified,,Polestar 2 pack (78 kWh CMA platform),2020+,,15.0.14,HW3.1,Polestar technical documentation,
Polestar 2 (78 kWh),Huawei SUN2000-(3-20)K-MB0 (400V),in_catalog,yes,protocol_verified,,Polestar 2 pack (78 kWh CMA platform),2020+,,15.0.14,HW3.1,Polestar technical documentation,
Polestar 2 (78 kWh),Kostal Plenticore Plus (3.0-10),in_catalog,yes,protocol_verified,,Polestar 2 pack (78 kWh CMA platform),2020+,,15.0.14,HW3.1,Polestar technical documentation,
Polestar 2 (78 kWh),Maple Leaf Northern Fox H1-H3-AC1-KH,in_catalog,yes,protocol_verified,,Polestar 2 pack (78 kWh CMA platform),2020+,,15.0.14,HW3.1,Polestar technical documentation,
Polestar 2 (78 kWh),SAJ H2 Hybrid (3-12)K-S2,in_catalog,yes,protocol_verified,,Polestar 2 pack (78 kWh CMA platform),2020+,,15.0.14,HW3.1,Polestar technical documentation,
Polestar 2 (78 kWh),SMA Sunny Boy Smart Energy 3.6 / 4.0 / 5.0 / 6.0-50 Hybrid Inverter,in_catalog,yes,protocol_verified,,Polestar 2 pack (78 kWh CMA platform),2020+,,15.0.14,HW3.1,Polestar technical documentation,
Polestar 2 (78 kWh),SMA Sunny Boy Smart Energy 3.6-6.0,in_catalog,yes,protocol_verified,,Polestar 2 pack (78 kWh CMA platform),2020+,,15.0.14,HW3.1,Polestar technical documentation,
Polestar 2 (78 kWh),SMA Sunny Boy Storage 2.5,in_catalog,yes,protocol_verified,,Polestar 2 pack (78 kWh CMA platform),2020+,,15.0.14,HW3.1,Polestar technical documentation,
Polestar 2 (78 kWh),SMA Sunny Boy Storage 2.5 / 3.7 / 5.0 / 6.0,in_catalog,yes,protocol_verified,,Polestar 2 pack (78 kWh CMA platform),2020+,,15.0.14,HW3.1,Polestar technical documentation,
Polestar 2 (78 kWh),SMA Sunny Tripower Smart 5.0-10.0 SE,in_catalog,yes,protocol_verified,,Polestar 2 pack (78 kWh CMA platform),2020+,,15.0.14,HW3.1,Polestar technical documentation,
Polestar 2 (78 kWh),SMA Sunny Tripower X,in_catalog,yes,protocol_verified,,Polestar 2 pack (78 kWh CMA platform),2020+,,15.0.14,HW3.1,Polestar technical documentation,
Polestar 2 (78 kWh),Sofar 5K...20KTL-3PH,in_catalog,yes,protocol_verified,,Polestar 2 pack (78 kWh CMA platform),2020+,,15.0.14,HW3.1,Polestar technical documentation,
Polestar 2 (78 kWh),Sofar HYD (3-20)KTL-3PH,in_catalog,yes,protocol_verified,,Polestar 2 pack (78 kWh CMA platform),2020+,,15.0.14,HW3.1,Polestar technical documentation,
Polestar 2 (78 kWh),SolaX X1 Hybrid,in_catalog,yes,protocol_verified,,Polestar 2 pack (78 kWh CMA platform),2020+,,15.0.14,HW3.1,Polestar technical documentation,
Polestar 2 (78 kWh),SolaX X1 Hybrid G4,in_catalog,yes,protocol_verified,,Polestar 2 pack (78 kWh CMA platform),2020+,,15.0.14,HW3.1,Polestar technical documentation,
Polestar 2 (78 kWh),SolaX X3 Hybrid,in_catalog,yes,protocol_verified,,Polestar 2 pack (78 kWh CMA platform),2020+,,15.0.14,HW3.1,Polestar technical documentation,
Polestar 2 (78 kWh),SolaX X3 Hybrid G4,in_catalog,yes,protocol_verified,,Polestar 2 pack (78 kWh CMA platform),2020+,,15.0.14,HW3.1,Polestar technical documentation,
Polestar 2 (78 kWh),SolaX X3-Ultra Hybrid,in_catalog,yes,protocol_verified,,Polestar 2 pack (78 kWh CMA platform),2020+,,15.0.14,HW3.1,Polestar technical documentation,
Polestar 2 (78 kWh),Solis RHI-3P(5-10)K-HVES-5G / S6-EH1P10K-H-US-APST,in_catalog,yes,protocol_verified,,Polestar 2 pack (78 kWh CMA platform),2020+,,15.0.14,HW3.1,Polestar technical documentation,
Polestar 2 (78 kWh),Solis RHI-3P(5-10)K-HVES-5G / S6-EH3P-(5-10.0K)-H-EU,in_catalog,yes,protocol_verified,,Polestar 2 pack (78 kWh CMA platform),2020+,,15.0.14,HW3.1,Polestar technical documentation,
Polestar 2 (78 kWh),Solis S5-EH1P (3-6) K-L (5-6 kW 1P US),in_catalog,yes,protocol_verified,,Polestar 2 pack (78 kWh CMA platform),2020+,,15.0.14,HW3.1,Polestar technical documentation,
Polestar 2 (78 kWh),Solis S6-EH3P(8-15)K-H 8-15 kW 3P (5-6 kW 1P US),in_catalog,yes,protocol_verified,,Polestar 2 pack (78 kWh CMA platform),2020+,,15.0.14,HW3.1,Polestar technical documentation,
Polestar 2 (78 kWh),Solxpow Solxpow X3 12-20kW,in_catalog,yes,protocol_verified,,Polestar 2 pack (78 kWh CMA platform),2020+,,15.0.14,HW3.1,Polestar technical documentation,
Polestar 2 (78 kWh),Sungrow SH15T/SH20T/SH25T,in_catalog,yes,protocol_verified,,Polestar 2 pack (78 kWh CMA platform),2020+,,15.0.14,HW3.1,Polestar technical documentation,
Polestar 2 (78 kWh),Sungrow SH3.0/3.6/4.0/5.0/6.0RS,in_catalog,yes,protocol_verified,,Polestar 2 pack (78 kWh CMA platform),2020+,,15.0.14,HW3.1,Polestar technical documentation,
Polestar 2 (78 kWh),Sungrow SH5.0/6.0/8.0/10RT,in_catalog,yes,protocol_verified,,Polestar 2 pack (78 kWh CMA platform),2020+,,15.0.14,HW3.1,Polestar technical documentation,
Porsche Taycan 93 kWh,Afore AF17K-THA 230V,in_catalog,yes,protocol_verified,,"Porsche J1 platform 93.4 kWh pack (800 V native, 396s)",2019+ Taycan / Audi e-tron GT MSB,,15.0.14,HW3.1,batterydesign.net + Porsche technical documentation,
Porsche Taycan 93 kWh,Deye SUN-(29.9-50)K-SG01HP3-EU-BM3,in_catalog,yes,protocol_verified,,"Porsche J1 platform 93.4 kWh pack (800 V native, 396s)",2019+ Taycan / Audi e-tron GT MSB,,15.0.14,HW3.1,batterydesign.net + Porsche technical documentation,
Porsche Taycan 93 kWh,Deye SUN-(5-20)K-SG01HP3-EU-AM2,in_catalog,yes,protocol_verified,,"Porsche J1 platform 93.4 kWh pack (800 V native, 396s)",2019+ Taycan / Audi e-tron GT MSB,,15.0.14,HW3.1,batterydesign.net + Porsche technical documentation,
Porsche Taycan 93 kWh,Felicity T-REX-50KHP3G01,in_catalog,yes,protocol_verified,,"Porsche J1 platform 93.4 kWh pack (800 V native, 396s)",2019+ Taycan / Audi e-tron GT MSB,,15.0.14,HW3.1,batterydesign.net + Porsche technical documentation,
Porsche Taycan 93 kWh,Ferroamp EnergyHub,in_catalog,yes,protocol_verified,,"Porsche J1 platform 93.4 kWh pack (800 V native, 396s)",2019+ Taycan / Audi e-tron GT MSB,,15.0.14,HW3.1,batterydesign.net + Porsche technical documentation,
Porsche Taycan 93 kWh,FoxESS H1/AC1,in_catalog,yes,protocol_verified,,"Porsche J1 platform 93.4 kWh pack (800 V native, 396s)",2019+ Taycan / Audi e-tron GT MSB,,15.0.14,HW3.1,batterydesign.net + Porsche technical documentation,
Porsche Taycan 93 kWh,FoxESS H3 Pro,in_catalog,yes,protocol_verified,,"Porsche J1 platform 93.4 kWh pack (800 V native, 396s)",2019+ Taycan / Audi e-tron GT MSB,,15.0.14,HW3.1,batterydesign.net + Porsche technical documentation,
Porsche Taycan 93 kWh,FoxESS H3 Smart,in_catalog,yes,protocol_verified,,"Porsche J1 platform 93.4 kWh pack (800 V native, 396s)",2019+ Taycan / Audi e-tron GT MSB,,15.0.14,HW3.1,batterydesign.net + Porsche technical documentation,
Porsche Taycan 93 kWh,FoxESS H3/AC3,in_catalog,yes,protocol_verified,,"Porsche J1 platform 93.4 kWh pack (800 V native, 396s)",2019+ Taycan / Audi e-tron GT MSB,,15.0.14,HW3.1,batterydesign.net + Porsche technical documentation,
Porsche Taycan 93 kWh,Fronius Primo Gen24 Plus,in_catalog,yes,protocol_verified,,"Porsche J1 platform 93.4 kWh pack (800 V native, 396s)",2019+ Taycan / Audi e-tron GT MSB,,15.0.14,HW3.1,batterydesign.net + Porsche technical documentation,
Porsche Taycan 93 kWh,Fronius Symo Gen24 Plus,in_catalog,yes,protocol_verified,,"Porsche J1 platform 93.4 kWh pack (800 V native, 396s)",2019+ Taycan / Audi e-tron GT MSB,,15.0.14,HW3.1,batterydesign.net + Porsche technical documentation,
Porsche Taycan 93 kWh,Fronius Symo Hybrid 3.0/4.0/5.0-3-S,in_catalog,yes,protocol_verified,,"Porsche J1 platform 93.4 kWh pack (800 V native, 396s)",2019+ Taycan / Audi e-tron GT MSB,,15.0.14,HW3.1,batterydesign.net + Porsche technical documentation,
Porsche Taycan 93 kWh,Fronius Verto Plus 15-33kW,in_catalog,yes,protocol_verified,,"Porsche J1 platform 93.4 kWh pack (800 V native, 396s)",2019+ Taycan / Audi e-tron GT MSB,,15.0.14,HW3.1,batterydesign.net + Porsche technical documentation,
Porsche Taycan 93 kWh,GoodWe A-ES hybrid inverter (America Split Phase),in_catalog,yes,protocol_verified,,"Porsche J1 platform 93.4 kWh pack (800 V native, 396s)",2019+ Taycan / Audi e-tron GT MSB,,15.0.14,HW3.1,batterydesign.net + Porsche technical documentation,
Porsche Taycan 93 kWh,GoodWe BH AC battery inverter,in_catalog,yes,protocol_verified,,"Porsche J1 platform 93.4 kWh pack (800 V native, 396s)",2019+ Taycan / Audi e-tron GT MSB,,15.0.14,HW3.1,batterydesign.net + Porsche technical documentation,
Porsche Taycan 93 kWh,GoodWe BT AC battery inverter,in_catalog,yes,protocol_verified,,"Porsche J1 platform 93.4 kWh pack (800 V native, 396s)",2019+ Taycan / Audi e-tron GT MSB,,15.0.14,HW3.1,batterydesign.net + Porsche technical documentation,
Porsche Taycan 93 kWh,GoodWe EH hybrid solar,in_catalog,yes,protocol_verified,,"Porsche J1 platform 93.4 kWh pack (800 V native, 396s)",2019+ Taycan / Audi e-tron GT MSB,,15.0.14,HW3.1,batterydesign.net + Porsche technical documentation,
Porsche Taycan 93 kWh,GoodWe EHB high voltage battery,in_catalog,yes,protocol_verified,,"Porsche J1 platform 93.4 kWh pack (800 V native, 396s)",2019+ Taycan / Audi e-tron GT MSB,,15.0.14,HW3.1,batterydesign.net + Porsche technical documentation,
Porsche Taycan 93 kWh,GoodWe EHB hybrid inverter (South Africa only),in_catalog,yes,protocol_verified,,"Porsche J1 platform 93.4 kWh pack (800 V native, 396s)",2019+ Taycan / Audi e-tron GT MSB,,15.0.14,HW3.1,batterydesign.net + Porsche technical documentation,
Porsche Taycan 93 kWh,GoodWe ES hybrid solar,in_catalog,yes,protocol_verified,,"Porsche J1 platform 93.4 kWh pack (800 V native, 396s)",2019+ Taycan / Audi e-tron GT MSB,,15.0.14,HW3.1,batterydesign.net + Porsche technical documentation,
Porsche Taycan 93 kWh,GoodWe ET hybrid solar,in_catalog,yes,protocol_verified,,"Porsche J1 platform 93.4 kWh pack (800 V native, 396s)",2019+ Taycan / Audi e-tron GT MSB,,15.0.14,HW3.1,batterydesign.net + Porsche technical documentation,
Porsche Taycan 93 kWh,GoodWe SBP battery inverter,in_catalog,yes,protocol_verified,,"Porsche J1 platform 93.4 kWh pack (800 V native, 396s)",2019+ Taycan / Audi e-tron GT MSB,,15.0.14,HW3.1,batterydesign.net + Porsche technical documentation,
Porsche Taycan 93 kWh,Growatt HV Growatt SPH,in_catalog,yes,protocol_verified,,"Porsche J1 platform 93.4 kWh pack (800 V native, 396s)",2019+ Taycan / Audi e-tron GT MSB,,15.0.14,HW3.1,batterydesign.net + Porsche technical documentation,
Porsche Taycan 93 kWh,Growatt HV Growatt SPH (TL3-BH-UP) (5-10kW 3P),in_catalog,yes,protocol_verified,,"Porsche J1 platform 93.4 kWh pack (800 V native, 396s)",2019+ Taycan / Audi e-tron GT MSB,,15.0.14,HW3.1,batterydesign.net + Porsche technical documentation,
Porsche Taycan 93 kWh,Growatt LV Growatt SPH (4.6-10) (TL3-BH) (5-10kW 3P),in_catalog,yes,protocol_verified,,"Porsche J1 platform 93.4 kWh pack (800 V native, 396s)",2019+ Taycan / Audi e-tron GT MSB,,15.0.14,HW3.1,batterydesign.net + Porsche technical documentation,
Porsche Taycan 93 kWh,Growatt WIT 50-100K-HU,in_catalog,yes,protocol_verified,,"Porsche J1 platform 93.4 kWh pack (800 V native, 396s)",2019+ Taycan / Audi e-tron GT MSB,,15.0.14,HW3.1,batterydesign.net + Porsche technical documentation,
Porsche Taycan 93 kWh,Growatt WIT 50-100K-HU (TL3-BH-UP) (5-10kW 3P),in_catalog,yes,protocol_verified,,"Porsche J1 platform 93.4 kWh pack (800 V native, 396s)",2019+ Taycan / Audi e-tron GT MSB,,15.0.14,HW3.1,batterydesign.net + Porsche technical documentation,
Porsche Taycan 93 kWh,Hoymiles HYT/HAT-HV,in_catalog,yes,protocol_verified,,"Porsche J1 platform 93.4 kWh pack (800 V native, 396s)",2019+ Taycan / Audi e-tron GT MSB,,15.0.14,HW3.1,batterydesign.net + Porsche technical documentation,
Porsche Taycan 93 kWh,Huawei SUN2000-(2-6)KTL-L1 (400V),in_catalog,yes,protocol_verified,,"Porsche J1 platform 93.4 kWh pack (800 V native, 396s)",2019+ Taycan / Audi e-tron GT MSB,,15.0.14,HW3.1,batterydesign.net + Porsche technical documentation,
Porsche Taycan 93 kWh,Huawei SUN2000-(3-20)K-MB0 (400V),in_catalog,yes,protocol_verified,,"Porsche J1 platform 93.4 kWh pack (800 V native, 396s)",2019+ Taycan / Audi e-tron GT MSB,,15.0.14,HW3.1,batterydesign.net + Porsche technical documentation,
Porsche Taycan 93 kWh,Kostal Plenticore Plus (3.0-10),in_catalog,yes,protocol_verified,,"Porsche J1 platform 93.4 kWh pack (800 V native, 396s)",2019+ Taycan / Audi e-tron GT MSB,,15.0.14,HW3.1,batterydesign.net + Porsche technical documentation,
Porsche Taycan 93 kWh,Maple Leaf Northern Fox H1-H3-AC1-KH,in_catalog,yes,protocol_verified,,"Porsche J1 platform 93.4 kWh pack (800 V native, 396s)",2019+ Taycan / Audi e-tron GT MSB,,15.0.14,HW3.1,batterydesign.net + Porsche technical documentation,
Porsche Taycan 93 kWh,SAJ H2 Hybrid (3-12)K-S2,in_catalog,yes,protocol_verified,,"Porsche J1 platform 93.4 kWh pack (800 V native, 396s)",2019+ Taycan / Audi e-tron GT MSB,,15.0.14,HW3.1,batterydesign.net + Porsche technical documentation,
Porsche Taycan 93 kWh,SMA Sunny Boy Smart Energy 3.6 / 4.0 / 5.0 / 6.0-50 Hybrid Inverter,in_catalog,yes,protocol_verified,,"Porsche J1 platform 93.4 kWh pack (800 V native, 396s)",2019+ Taycan / Audi e-tron GT MSB,,15.0.14,HW3.1,batterydesign.net + Porsche technical documentation,
Porsche Taycan 93 kWh,SMA Sunny Boy Smart Energy 3.6-6.0,in_catalog,yes,protocol_verified,,"Porsche J1 platform 93.4 kWh pack (800 V native, 396s)",2019+ Taycan / Audi e-tron GT MSB,,15.0.14,HW3.1,batterydesign.net + Porsche technical documentation,
Porsche Taycan 93 kWh,SMA Sunny Boy Storage 2.5,in_catalog,yes,protocol_verified,,"Porsche J1 platform 93.4 kWh pack (800 V native, 396s)",2019+ Taycan / Audi e-tron GT MSB,,15.0.14,HW3.1,batterydesign.net + Porsche technical documentation,
Porsche Taycan 93 kWh,SMA Sunny Boy Storage 2.5 / 3.7 / 5.0 / 6.0,in_catalog,yes,protocol_verified,,"Porsche J1 platform 93.4 kWh pack (800 V native, 396s)",2019+ Taycan / Audi e-tron GT MSB,,15.0.14,HW3.1,batterydesign.net + Porsche technical documentation,
Porsche Taycan 93 kWh,SMA Sunny Tripower Smart 5.0-10.0 SE,in_catalog,yes,protocol_verified,,"Porsche J1 platform 93.4 kWh pack (800 V native, 396s)",2019+ Taycan / Audi e-tron GT MSB,,15.0.14,HW3.1,batterydesign.net + Porsche technical documentation,
Porsche Taycan 93 kWh,SMA Sunny Tripower X,in_catalog,yes,protocol_verified,,"Porsche J1 platform 93.4 kWh pack (800 V native, 396s)",2019+ Taycan / Audi e-tron GT MSB,,15.0.14,HW3.1,batterydesign.net + Porsche technical documentation,
Porsche Taycan 93 kWh,Sofar 5K...20KTL-3PH,in_catalog,yes,protocol_verified,,"Porsche J1 platform 93.4 kWh pack (800 V native, 396s)",2019+ Taycan / Audi e-tron GT MSB,,15.0.14,HW3.1,batterydesign.net + Porsche technical documentation,
Porsche Taycan 93 kWh,Sofar HYD (3-20)KTL-3PH,in_catalog,yes,protocol_verified,,"Porsche J1 platform 93.4 kWh pack (800 V native, 396s)",2019+ Taycan / Audi e-tron GT MSB,,15.0.14,HW3.1,batterydesign.net + Porsche technical documentation,
Porsche Taycan 93 kWh,SolaX X1 Hybrid,in_catalog,yes,protocol_verified,,"Porsche J1 platform 93.4 kWh pack (800 V native, 396s)",2019+ Taycan / Audi e-tron GT MSB,,15.0.14,HW3.1,batterydesign.net + Porsche technical documentation,
Porsche Taycan 93 kWh,SolaX X1 Hybrid G4,in_catalog,yes,protocol_verified,,"Porsche J1 platform 93.4 kWh pack (800 V native, 396s)",2019+ Taycan / Audi e-tron GT MSB,,15.0.14,HW3.1,batterydesign.net + Porsche technical documentation,
Porsche Taycan 93 kWh,SolaX X3 Hybrid,in_catalog,yes,protocol_verified,,"Porsche J1 platform 93.4 kWh pack (800 V native, 396s)",2019+ Taycan / Audi e-tron GT MSB,,15.0.14,HW3.1,batterydesign.net + Porsche technical documentation,
Porsche Taycan 93 kWh,SolaX X3 Hybrid G4,in_catalog,yes,protocol_verified,,"Porsche J1 platform 93.4 kWh pack (800 V native, 396s)",2019+ Taycan / Audi e-tron GT MSB,,15.0.14,HW3.1,batterydesign.net + Porsche technical documentation,
Porsche Taycan 93 kWh,SolaX X3-Ultra Hybrid,in_catalog,yes,protocol_verified,,"Porsche J1 platform 93.4 kWh pack (800 V native, 396s)",2019+ Taycan / Audi e-tron GT MSB,,15.0.14,HW3.1,batterydesign.net + Porsche technical documentation,
Porsche Taycan 93 kWh,Solis RHI-3P(5-10)K-HVES-5G / S6-EH1P10K-H-US-APST,in_catalog,yes,protocol_verified,,"Porsche J1 platform 93.4 kWh pack (800 V native, 396s)",2019+ Taycan / Audi e-tron GT MSB,,15.0.14,HW3.1,batterydesign.net + Porsche technical documentation,
Porsche Taycan 93 kWh,Solis RHI-3P(5-10)K-HVES-5G / S6-EH3P-(5-10.0K)-H-EU,in_catalog,yes,protocol_verified,,"Porsche J1 platform 93.4 kWh pack (800 V native, 396s)",2019+ Taycan / Audi e-tron GT MSB,,15.0.14,HW3.1,batterydesign.net + Porsche technical documentation,
Porsche Taycan 93 kWh,Solis S5-EH1P (3-6) K-L (5-6 kW 1P US),in_catalog,yes,protocol_verified,,"Porsche J1 platform 93.4 kWh pack (800 V native, 396s)",2019+ Taycan / Audi e-tron GT MSB,,15.0.14,HW3.1,batterydesign.net + Porsche technical documentation,
Porsche Taycan 93 kWh,Solis S6-EH3P(8-15)K-H 8-15 kW 3P (5-6 kW 1P US),in_catalog,yes,protocol_verified,,"Porsche J1 platform 93.4 kWh pack (800 V native, 396s)",2019+ Taycan / Audi e-tron GT MSB,,15.0.14,HW3.1,batterydesign.net + Porsche technical documentation,
Porsche Taycan 93 kWh,Solxpow Solxpow X3 12-20kW,in_catalog,yes,protocol_verified,,"Porsche J1 platform 93.4 kWh pack (800 V native, 396s)",2019+ Taycan / Audi e-tron GT MSB,,15.0.14,HW3.1,batterydesign.net + Porsche technical documentation,
Porsche Taycan 93 kWh,Sungrow SH15T/SH20T/SH25T,in_catalog,yes,protocol_verified,,"Porsche J1 platform 93.4 kWh pack (800 V native, 396s)",2019+ Taycan / Audi e-tron GT MSB,,15.0.14,HW3.1,batterydesign.net + Porsche technical documentation,
Porsche Taycan 93 kWh,Sungrow SH3.0/3.6/4.0/5.0/6.0RS,in_catalog,yes,protocol_verified,,"Porsche J1 platform 93.4 kWh pack (800 V native, 396s)",2019+ Taycan / Audi e-tron GT MSB,,15.0.14,HW3.1,batterydesign.net + Porsche technical documentation,
Porsche Taycan 93 kWh,Sungrow SH5.0/6.0/8.0/10RT,in_catalog,yes,protocol_verified,,"Porsche J1 platform 93.4 kWh pack (800 V native, 396s)",2019+ Taycan / Audi e-tron GT MSB,,15.0.14,HW3.1,batterydesign.net + Porsche technical documentation,
Renault Fluence ZE (22/36 kWh),Afore AF17K-THA 230V,in_catalog,yes,protocol_verified,,Renault Fluence Z.E. pack (22 kWh AESC),2011-2014,,15.0.14,HW3.1,Renault technical documentation,
Renault Fluence ZE (22/36 kWh),Deye SUN-(29.9-50)K-SG01HP3-EU-BM3,in_catalog,yes,protocol_verified,,Renault Fluence Z.E. pack (22 kWh AESC),2011-2014,,15.0.14,HW3.1,Renault technical documentation,
Renault Fluence ZE (22/36 kWh),Deye SUN-(5-20)K-SG01HP3-EU-AM2,in_catalog,yes,protocol_verified,,Renault Fluence Z.E. pack (22 kWh AESC),2011-2014,,15.0.14,HW3.1,Renault technical documentation,
Renault Fluence ZE (22/36 kWh),Felicity T-REX-50KHP3G01,in_catalog,yes,protocol_verified,,Renault Fluence Z.E. pack (22 kWh AESC),2011-2014,,15.0.14,HW3.1,Renault technical documentation,
Renault Fluence ZE (22/36 kWh),Ferroamp EnergyHub,in_catalog,yes,protocol_verified,,Renault Fluence Z.E. pack (22 kWh AESC),2011-2014,,15.0.14,HW3.1,Renault technical documentation,
Renault Fluence ZE (22/36 kWh),FoxESS H1/AC1,in_catalog,yes,protocol_verified,,Renault Fluence Z.E. pack (22 kWh AESC),2011-2014,,15.0.14,HW3.1,Renault technical documentation,
Renault Fluence ZE (22/36 kWh),FoxESS H3 Pro,in_catalog,yes,protocol_verified,,Renault Fluence Z.E. pack (22 kWh AESC),2011-2014,,15.0.14,HW3.1,Renault technical documentation,
Renault Fluence ZE (22/36 kWh),FoxESS H3 Smart,in_catalog,yes,protocol_verified,,Renault Fluence Z.E. pack (22 kWh AESC),2011-2014,,15.0.14,HW3.1,Renault technical documentation,
Renault Fluence ZE (22/36 kWh),FoxESS H3/AC3,in_catalog,yes,protocol_verified,,Renault Fluence Z.E. pack (22 kWh AESC),2011-2014,,15.0.14,HW3.1,Renault technical documentation,
Renault Fluence ZE (22/36 kWh),Fronius Primo Gen24 Plus,in_catalog,yes,protocol_verified,,Renault Fluence Z.E. pack (22 kWh AESC),2011-2014,,15.0.14,HW3.1,Renault technical documentation,
Renault Fluence ZE (22/36 kWh),Fronius Symo Gen24 Plus,in_catalog,yes,protocol_verified,,Renault Fluence Z.E. pack (22 kWh AESC),2011-2014,,15.0.14,HW3.1,Renault technical documentation,
Renault Fluence ZE (22/36 kWh),Fronius Symo Hybrid 3.0/4.0/5.0-3-S,in_catalog,yes,protocol_verified,,Renault Fluence Z.E. pack (22 kWh AESC),2011-2014,,15.0.14,HW3.1,Renault technical documentation,
Renault Fluence ZE (22/36 kWh),Fronius Verto Plus 15-33kW,in_catalog,yes,protocol_verified,,Renault Fluence Z.E. pack (22 kWh AESC),2011-2014,,15.0.14,HW3.1,Renault technical documentation,
Renault Fluence ZE (22/36 kWh),GoodWe A-ES hybrid inverter (America Split Phase),in_catalog,yes,protocol_verified,,Renault Fluence Z.E. pack (22 kWh AESC),2011-2014,,15.0.14,HW3.1,Renault technical documentation,
Renault Fluence ZE (22/36 kWh),GoodWe BH AC battery inverter,in_catalog,yes,protocol_verified,,Renault Fluence Z.E. pack (22 kWh AESC),2011-2014,,15.0.14,HW3.1,Renault technical documentation,
Renault Fluence ZE (22/36 kWh),GoodWe BT AC battery inverter,in_catalog,yes,protocol_verified,,Renault Fluence Z.E. pack (22 kWh AESC),2011-2014,,15.0.14,HW3.1,Renault technical documentation,
Renault Fluence ZE (22/36 kWh),GoodWe EH hybrid solar,in_catalog,yes,protocol_verified,,Renault Fluence Z.E. pack (22 kWh AESC),2011-2014,,15.0.14,HW3.1,Renault technical documentation,
Renault Fluence ZE (22/36 kWh),GoodWe EHB high voltage battery,in_catalog,yes,protocol_verified,,Renault Fluence Z.E. pack (22 kWh AESC),2011-2014,,15.0.14,HW3.1,Renault technical documentation,
Renault Fluence ZE (22/36 kWh),GoodWe EHB hybrid inverter (South Africa only),in_catalog,yes,protocol_verified,,Renault Fluence Z.E. pack (22 kWh AESC),2011-2014,,15.0.14,HW3.1,Renault technical documentation,
Renault Fluence ZE (22/36 kWh),GoodWe ES hybrid solar,in_catalog,yes,protocol_verified,,Renault Fluence Z.E. pack (22 kWh AESC),2011-2014,,15.0.14,HW3.1,Renault technical documentation,
Renault Fluence ZE (22/36 kWh),GoodWe ET hybrid solar,in_catalog,yes,protocol_verified,,Renault Fluence Z.E. pack (22 kWh AESC),2011-2014,,15.0.14,HW3.1,Renault technical documentation,
Renault Fluence ZE (22/36 kWh),GoodWe SBP battery inverter,in_catalog,yes,protocol_verified,,Renault Fluence Z.E. pack (22 kWh AESC),2011-2014,,15.0.14,HW3.1,Renault technical documentation,
Renault Fluence ZE (22/36 kWh),Growatt HV Growatt SPH,in_catalog,yes,protocol_verified,,Renault Fluence Z.E. pack (22 kWh AESC),2011-2014,,15.0.14,HW3.1,Renault technical documentation,
Renault Fluence ZE (22/36 kWh),Growatt HV Growatt SPH (TL3-BH-UP) (5-10kW 3P),in_catalog,yes,protocol_verified,,Renault Fluence Z.E. pack (22 kWh AESC),2011-2014,,15.0.14,HW3.1,Renault technical documentation,
Renault Fluence ZE (22/36 kWh),Growatt LV Growatt SPH (4.6-10) (TL3-BH) (5-10kW 3P),in_catalog,yes,protocol_verified,,Renault Fluence Z.E. pack (22 kWh AESC),2011-2014,,15.0.14,HW3.1,Renault technical documentation,
Renault Fluence ZE (22/36 kWh),Growatt WIT 50-100K-HU,in_catalog,yes,protocol_verified,,Renault Fluence Z.E. pack (22 kWh AESC),2011-2014,,15.0.14,HW3.1,Renault technical documentation,
Renault Fluence ZE (22/36 kWh),Growatt WIT 50-100K-HU (TL3-BH-UP) (5-10kW 3P),in_catalog,yes,protocol_verified,,Renault Fluence Z.E. pack (22 kWh AESC),2011-2014,,15.0.14,HW3.1,Renault technical documentation,
Renault Fluence ZE (22/36 kWh),Hoymiles HYT/HAT-HV,in_catalog,yes,protocol_verified,,Renault Fluence Z.E. pack (22 kWh AESC),2011-2014,,15.0.14,HW3.1,Renault technical documentation,
Renault Fluence ZE (22/36 kWh),Huawei SUN2000-(2-6)KTL-L1 (400V),in_catalog,yes,protocol_verified,,Renault Fluence Z.E. pack (22 kWh AESC),2011-2014,,15.0.14,HW3.1,Renault technical documentation,
Renault Fluence ZE (22/36 kWh),Huawei SUN2000-(3-20)K-MB0 (400V),in_catalog,yes,protocol_verified,,Renault Fluence Z.E. pack (22 kWh AESC),2011-2014,,15.0.14,HW3.1,Renault technical documentation,
Renault Fluence ZE (22/36 kWh),Kostal Plenticore Plus (3.0-10),in_catalog,yes,protocol_verified,,Renault Fluence Z.E. pack (22 kWh AESC),2011-2014,,15.0.14,HW3.1,Renault technical documentation,
Renault Fluence ZE (22/36 kWh),Maple Leaf Northern Fox H1-H3-AC1-KH,in_catalog,yes,protocol_verified,,Renault Fluence Z.E. pack (22 kWh AESC),2011-2014,,15.0.14,HW3.1,Renault technical documentation,
Renault Fluence ZE (22/36 kWh),SAJ H2 Hybrid (3-12)K-S2,in_catalog,yes,protocol_verified,,Renault Fluence Z.E. pack (22 kWh AESC),2011-2014,,15.0.14,HW3.1,Renault technical documentation,
Renault Fluence ZE (22/36 kWh),SMA Sunny Boy Smart Energy 3.6 / 4.0 / 5.0 / 6.0-50 Hybrid Inverter,in_catalog,yes,protocol_verified,,Renault Fluence Z.E. pack (22 kWh AESC),2011-2014,,15.0.14,HW3.1,Renault technical documentation,
Renault Fluence ZE (22/36 kWh),SMA Sunny Boy Smart Energy 3.6-6.0,in_catalog,yes,protocol_verified,,Renault Fluence Z.E. pack (22 kWh AESC),2011-2014,,15.0.14,HW3.1,Renault technical documentation,
Renault Fluence ZE (22/36 kWh),SMA Sunny Boy Storage 2.5,in_catalog,yes,protocol_verified,,Renault Fluence Z.E. pack (22 kWh AESC),2011-2014,,15.0.14,HW3.1,Renault technical documentation,
Renault Fluence ZE (22/36 kWh),SMA Sunny Boy Storage 2.5 / 3.7 / 5.0 / 6.0,in_catalog,yes,protocol_verified,,Renault Fluence Z.E. pack (22 kWh AESC),2011-2014,,15.0.14,HW3.1,Renault technical documentation,
Renault Fluence ZE (22/36 kWh),SMA Sunny Tripower Smart 5.0-10.0 SE,in_catalog,yes,protocol_verified,,Renault Fluence Z.E. pack (22 kWh AESC),2011-2014,,15.0.14,HW3.1,Renault technical documentation,
Renault Fluence ZE (22/36 kWh),SMA Sunny Tripower X,in_catalog,yes,protocol_verified,,Renault Fluence Z.E. pack (22 kWh AESC),2011-2014,,15.0.14,HW3.1,Renault technical documentation,
Renault Fluence ZE (22/36 kWh),Sofar 5K...20KTL-3PH,in_catalog,yes,protocol_verified,,Renault Fluence Z.E. pack (22 kWh AESC),2011-2014,,15.0.14,HW3.1,Renault technical documentation,
Renault Fluence ZE (22/36 kWh),Sofar HYD (3-20)KTL-3PH,in_catalog,yes,protocol_verified,,Renault Fluence Z.E. pack (22 kWh AESC),2011-2014,,15.0.14,HW3.1,Renault technical documentation,
Renault Fluence ZE (22/36 kWh),SolaX X1 Hybrid,in_catalog,yes,protocol_verified,,Renault Fluence Z.E. pack (22 kWh AESC),2011-2014,,15.0.14,HW3.1,Renault technical documentation,
Renault Fluence ZE (22/36 kWh),SolaX X1 Hybrid G4,in_catalog,yes,protocol_verified,,Renault Fluence Z.E. pack (22 kWh AESC),2011-2014,,15.0.14,HW3.1,Renault technical documentation,
Renault Fluence ZE (22/36 kWh),SolaX X3 Hybrid,in_catalog,yes,protocol_verified,,Renault Fluence Z.E. pack (22 kWh AESC),2011-2014,,15.0.14,HW3.1,Renault technical documentation,
Renault Fluence ZE (22/36 kWh),SolaX X3 Hybrid G4,in_catalog,yes,protocol_verified,,Renault Fluence Z.E. pack (22 kWh AESC),2011-2014,,15.0.14,HW3.1,Renault technical documentation,
Renault Fluence ZE (22/36 kWh),SolaX X3-Ultra Hybrid,in_catalog,yes,protocol_verified,,Renault Fluence Z.E. pack (22 kWh AESC),2011-2014,,15.0.14,HW3.1,Renault technical documentation,
Renault Fluence ZE (22/36 kWh),Solis RHI-3P(5-10)K-HVES-5G / S6-EH1P10K-H-US-APST,in_catalog,yes,protocol_verified,,Renault Fluence Z.E. pack (22 kWh AESC),2011-2014,,15.0.14,HW3.1,Renault technical documentation,
Renault Fluence ZE (22/36 kWh),Solis RHI-3P(5-10)K-HVES-5G / S6-EH3P-(5-10.0K)-H-EU,in_catalog,yes,protocol_verified,,Renault Fluence Z.E. pack (22 kWh AESC),2011-2014,,15.0.14,HW3.1,Renault technical documentation,
Renault Fluence ZE (22/36 kWh),Solis S5-EH1P (3-6) K-L (5-6 kW 1P US),in_catalog,yes,protocol_verified,,Renault Fluence Z.E. pack (22 kWh AESC),2011-2014,,15.0.14,HW3.1,Renault technical documentation,
Renault Fluence ZE (22/36 kWh),Solis S6-EH3P(8-15)K-H 8-15 kW 3P (5-6 kW 1P US),in_catalog,yes,protocol_verified,,Renault Fluence Z.E. pack (22 kWh AESC),2011-2014,,15.0.14,HW3.1,Renault technical documentation,
Renault Fluence ZE (22/36 kWh),Solxpow Solxpow X3 12-20kW,in_catalog,yes,protocol_verified,,Renault Fluence Z.E. pack (22 kWh AESC),2011-2014,,15.0.14,HW3.1,Renault technical documentation,
Renault Fluence ZE (22/36 kWh),Sungrow SH15T/SH20T/SH25T,in_catalog,yes,protocol_verified,,Renault Fluence Z.E. pack (22 kWh AESC),2011-2014,,15.0.14,HW3.1,Renault technical documentation,
Renault Fluence ZE (22/36 kWh),Sungrow SH3.0/3.6/4.0/5.0/6.0RS,in_catalog,yes,protocol_verified,,Renault Fluence Z.E. pack (22 kWh AESC),2011-2014,,15.0.14,HW3.1,Renault technical documentation,
Renault Fluence ZE (22/36 kWh),Sungrow SH5.0/6.0/8.0/10RT,in_catalog,yes,protocol_verified,,Renault Fluence Z.E. pack (22 kWh AESC),2011-2014,,15.0.14,HW3.1,Renault technical documentation,
Renault K‑ZE (27 kWh),Afore AF17K-THA 230V,in_catalog,yes,protocol_verified,,"Renault K-ZE pack (27 kWh, shares Dacia Spring)",2019+ (China market),,15.0.14,HW3.1,Renault technical documentation,
Renault K‑ZE (27 kWh),Deye SUN-(29.9-50)K-SG01HP3-EU-BM3,in_catalog,yes,protocol_verified,,"Renault K-ZE pack (27 kWh, shares Dacia Spring)",2019+ (China market),,15.0.14,HW3.1,Renault technical documentation,
Renault K‑ZE (27 kWh),Deye SUN-(5-20)K-SG01HP3-EU-AM2,in_catalog,yes,protocol_verified,,"Renault K-ZE pack (27 kWh, shares Dacia Spring)",2019+ (China market),,15.0.14,HW3.1,Renault technical documentation,
Renault K‑ZE (27 kWh),Felicity T-REX-50KHP3G01,in_catalog,yes,protocol_verified,,"Renault K-ZE pack (27 kWh, shares Dacia Spring)",2019+ (China market),,15.0.14,HW3.1,Renault technical documentation,
Renault K‑ZE (27 kWh),Ferroamp EnergyHub,in_catalog,yes,protocol_verified,,"Renault K-ZE pack (27 kWh, shares Dacia Spring)",2019+ (China market),,15.0.14,HW3.1,Renault technical documentation,
Renault K‑ZE (27 kWh),FoxESS H1/AC1,in_catalog,yes,protocol_verified,,"Renault K-ZE pack (27 kWh, shares Dacia Spring)",2019+ (China market),,15.0.14,HW3.1,Renault technical documentation,
Renault K‑ZE (27 kWh),FoxESS H3 Pro,in_catalog,yes,protocol_verified,,"Renault K-ZE pack (27 kWh, shares Dacia Spring)",2019+ (China market),,15.0.14,HW3.1,Renault technical documentation,
Renault K‑ZE (27 kWh),FoxESS H3 Smart,in_catalog,yes,protocol_verified,,"Renault K-ZE pack (27 kWh, shares Dacia Spring)",2019+ (China market),,15.0.14,HW3.1,Renault technical documentation,
Renault K‑ZE (27 kWh),FoxESS H3/AC3,in_catalog,yes,protocol_verified,,"Renault K-ZE pack (27 kWh, shares Dacia Spring)",2019+ (China market),,15.0.14,HW3.1,Renault technical documentation,
Renault K‑ZE (27 kWh),Fronius Primo Gen24 Plus,in_catalog,yes,protocol_verified,,"Renault K-ZE pack (27 kWh, shares Dacia Spring)",2019+ (China market),,15.0.14,HW3.1,Renault technical documentation,
Renault K‑ZE (27 kWh),Fronius Symo Gen24 Plus,in_catalog,yes,protocol_verified,,"Renault K-ZE pack (27 kWh, shares Dacia Spring)",2019+ (China market),,15.0.14,HW3.1,Renault technical documentation,
Renault K‑ZE (27 kWh),Fronius Symo Hybrid 3.0/4.0/5.0-3-S,in_catalog,yes,protocol_verified,,"Renault K-ZE pack (27 kWh, shares Dacia Spring)",2019+ (China market),,15.0.14,HW3.1,Renault technical documentation,
Renault K‑ZE (27 kWh),Fronius Verto Plus 15-33kW,in_catalog,yes,protocol_verified,,"Renault K-ZE pack (27 kWh, shares Dacia Spring)",2019+ (China market),,15.0.14,HW3.1,Renault technical documentation,
Renault K‑ZE (27 kWh),GoodWe A-ES hybrid inverter (America Split Phase),in_catalog,yes,protocol_verified,,"Renault K-ZE pack (27 kWh, shares Dacia Spring)",2019+ (China market),,15.0.14,HW3.1,Renault technical documentation,
Renault K‑ZE (27 kWh),GoodWe BH AC battery inverter,in_catalog,yes,protocol_verified,,"Renault K-ZE pack (27 kWh, shares Dacia Spring)",2019+ (China market),,15.0.14,HW3.1,Renault technical documentation,
Renault K‑ZE (27 kWh),GoodWe BT AC battery inverter,in_catalog,yes,protocol_verified,,"Renault K-ZE pack (27 kWh, shares Dacia Spring)",2019+ (China market),,15.0.14,HW3.1,Renault technical documentation,
Renault K‑ZE (27 kWh),GoodWe EH hybrid solar,in_catalog,yes,protocol_verified,,"Renault K-ZE pack (27 kWh, shares Dacia Spring)",2019+ (China market),,15.0.14,HW3.1,Renault technical documentation,
Renault K‑ZE (27 kWh),GoodWe EHB high voltage battery,in_catalog,yes,protocol_verified,,"Renault K-ZE pack (27 kWh, shares Dacia Spring)",2019+ (China market),,15.0.14,HW3.1,Renault technical documentation,
Renault K‑ZE (27 kWh),GoodWe EHB hybrid inverter (South Africa only),in_catalog,yes,protocol_verified,,"Renault K-ZE pack (27 kWh, shares Dacia Spring)",2019+ (China market),,15.0.14,HW3.1,Renault technical documentation,
Renault K‑ZE (27 kWh),GoodWe ES hybrid solar,in_catalog,yes,protocol_verified,,"Renault K-ZE pack (27 kWh, shares Dacia Spring)",2019+ (China market),,15.0.14,HW3.1,Renault technical documentation,
Renault K‑ZE (27 kWh),GoodWe ET hybrid solar,in_catalog,yes,protocol_verified,,"Renault K-ZE pack (27 kWh, shares Dacia Spring)",2019+ (China market),,15.0.14,HW3.1,Renault technical documentation,
Renault K‑ZE (27 kWh),GoodWe SBP battery inverter,in_catalog,yes,protocol_verified,,"Renault K-ZE pack (27 kWh, shares Dacia Spring)",2019+ (China market),,15.0.14,HW3.1,Renault technical documentation,
Renault K‑ZE (27 kWh),Growatt HV Growatt SPH,in_catalog,yes,protocol_verified,,"Renault K-ZE pack (27 kWh, shares Dacia Spring)",2019+ (China market),,15.0.14,HW3.1,Renault technical documentation,
Renault K‑ZE (27 kWh),Growatt HV Growatt SPH (TL3-BH-UP) (5-10kW 3P),in_catalog,yes,protocol_verified,,"Renault K-ZE pack (27 kWh, shares Dacia Spring)",2019+ (China market),,15.0.14,HW3.1,Renault technical documentation,
Renault K‑ZE (27 kWh),Growatt LV Growatt SPH (4.6-10) (TL3-BH) (5-10kW 3P),in_catalog,yes,protocol_verified,,"Renault K-ZE pack (27 kWh, shares Dacia Spring)",2019+ (China market),,15.0.14,HW3.1,Renault technical documentation,
Renault K‑ZE (27 kWh),Growatt WIT 50-100K-HU,in_catalog,yes,protocol_verified,,"Renault K-ZE pack (27 kWh, shares Dacia Spring)",2019+ (China market),,15.0.14,HW3.1,Renault technical documentation,
Renault K‑ZE (27 kWh),Growatt WIT 50-100K-HU (TL3-BH-UP) (5-10kW 3P),in_catalog,yes,protocol_verified,,"Renault K-ZE pack (27 kWh, shares Dacia Spring)",2019+ (China market),,15.0.14,HW3.1,Renault technical documentation,
Renault K‑ZE (27 kWh),Hoymiles HYT/HAT-HV,in_catalog,yes,protocol_verified,,"Renault K-ZE pack (27 kWh, shares Dacia Spring)",2019+ (China market),,15.0.14,HW3.1,Renault technical documentation,
Renault K‑ZE (27 kWh),Huawei SUN2000-(2-6)KTL-L1 (400V),in_catalog,yes,protocol_verified,,"Renault K-ZE pack (27 kWh, shares Dacia Spring)",2019+ (China market),,15.0.14,HW3.1,Renault technical documentation,
Renault K‑ZE (27 kWh),Huawei SUN2000-(3-20)K-MB0 (400V),in_catalog,yes,protocol_verified,,"Renault K-ZE pack (27 kWh, shares Dacia Spring)",2019+ (China market),,15.0.14,HW3.1,Renault technical documentation,
Renault K‑ZE (27 kWh),Kostal Plenticore Plus (3.0-10),in_catalog,yes,protocol_verified,,"Renault K-ZE pack (27 kWh, shares Dacia Spring)",2019+ (China market),,15.0.14,HW3.1,Renault technical documentation,
Renault K‑ZE (27 kWh),Maple Leaf Northern Fox H1-H3-AC1-KH,in_catalog,yes,protocol_verified,,"Renault K-ZE pack (27 kWh, shares Dacia Spring)",2019+ (China market),,15.0.14,HW3.1,Renault technical documentation,
Renault K‑ZE (27 kWh),SAJ H2 Hybrid (3-12)K-S2,in_catalog,yes,protocol_verified,,"Renault K-ZE pack (27 kWh, shares Dacia Spring)",2019+ (China market),,15.0.14,HW3.1,Renault technical documentation,
Renault K‑ZE (27 kWh),SMA Sunny Boy Smart Energy 3.6 / 4.0 / 5.0 / 6.0-50 Hybrid Inverter,in_catalog,yes,protocol_verified,,"Renault K-ZE pack (27 kWh, shares Dacia Spring)",2019+ (China market),,15.0.14,HW3.1,Renault technical documentation,
Renault K‑ZE (27 kWh),SMA Sunny Boy Smart Energy 3.6-6.0,in_catalog,yes,protocol_verified,,"Renault K-ZE pack (27 kWh, shares Dacia Spring)",2019+ (China market),,15.0.14,HW3.1,Renault technical documentation,
Renault K‑ZE (27 kWh),SMA Sunny Boy Storage 2.5,in_catalog,yes,protocol_verified,,"Renault K-ZE pack (27 kWh, shares Dacia Spring)",2019+ (China market),,15.0.14,HW3.1,Renault technical documentation,
Renault K‑ZE (27 kWh),SMA Sunny Boy Storage 2.5 / 3.7 / 5.0 / 6.0,in_catalog,yes,protocol_verified,,"Renault K-ZE pack (27 kWh, shares Dacia Spring)",2019+ (China market),,15.0.14,HW3.1,Renault technical documentation,
Renault K‑ZE (27 kWh),SMA Sunny Tripower Smart 5.0-10.0 SE,in_catalog,yes,protocol_verified,,"Renault K-ZE pack (27 kWh, shares Dacia Spring)",2019+ (China market),,15.0.14,HW3.1,Renault technical documentation,
Renault K‑ZE (27 kWh),SMA Sunny Tripower X,in_catalog,yes,protocol_verified,,"Renault K-ZE pack (27 kWh, shares Dacia Spring)",2019+ (China market),,15.0.14,HW3.1,Renault technical documentation,
Renault K‑ZE (27 kWh),Sofar 5K...20KTL-3PH,in_catalog,yes,protocol_verified,,"Renault K-ZE pack (27 kWh, shares Dacia Spring)",2019+ (China market),,15.0.14,HW3.1,Renault technical documentation,
Renault K‑ZE (27 kWh),Sofar HYD (3-20)KTL-3PH,in_catalog,yes,protocol_verified,,"Renault K-ZE pack (27 kWh, shares Dacia Spring)",2019+ (China market),,15.0.14,HW3.1,Renault technical documentation,
Renault K‑ZE (27 kWh),SolaX X1 Hybrid,in_catalog,yes,protocol_verified,,"Renault K-ZE pack (27 kWh, shares Dacia Spring)",2019+ (China market),,15.0.14,HW3.1,Renault technical documentation,
Renault K‑ZE (27 kWh),SolaX X1 Hybrid G4,in_catalog,yes,protocol_verified,,"Renault K-ZE pack (27 kWh, shares Dacia Spring)",2019+ (China market),,15.0.14,HW3.1,Renault technical documentation,
Renault K‑ZE (27 kWh),SolaX X3 Hybrid,in_catalog,yes,protocol_verified,,"Renault K-ZE pack (27 kWh, shares Dacia Spring)",2019+ (China market),,15.0.14,HW3.1,Renault technical documentation,
Renault K‑ZE (27 kWh),SolaX X3 Hybrid G4,in_catalog,yes,protocol_verified,,"Renault K-ZE pack (27 kWh, shares Dacia Spring)",2019+ (China market),,15.0.14,HW3.1,Renault technical documentation,
Renault K‑ZE (27 kWh),SolaX X3-Ultra Hybrid,in_catalog,yes,protocol_verified,,"Renault K-ZE pack (27 kWh, shares Dacia Spring)",2019+ (China market),,15.0.14,HW3.1,Renault technical documentation,
Renault K‑ZE (27 kWh),Solis RHI-3P(5-10)K-HVES-5G / S6-EH1P10K-H-US-APST,in_catalog,yes,protocol_verified,,"Renault K-ZE pack (27 kWh, shares Dacia Spring)",2019+ (China market),,15.0.14,HW3.1,Renault technical documentation,
Renault K‑ZE (27 kWh),Solis RHI-3P(5-10)K-HVES-5G / S6-EH3P-(5-10.0K)-H-EU,in_catalog,yes,protocol_verified,,"Renault K-ZE pack (27 kWh, shares Dacia Spring)",2019+ (China market),,15.0.14,HW3.1,Renault technical documentation,
Renault K‑ZE (27 kWh),Solis S5-EH1P (3-6) K-L (5-6 kW 1P US),in_catalog,yes,protocol_verified,,"Renault K-ZE pack (27 kWh, shares Dacia Spring)",2019+ (China market),,15.0.14,HW3.1,Renault technical documentation,
Renault K‑ZE (27 kWh),Solis S6-EH3P(8-15)K-H 8-15 kW 3P (5-6 kW 1P US),in_catalog,yes,protocol_verified,,"Renault K-ZE pack (27 kWh, shares Dacia Spring)",2019+ (China market),,15.0.14,HW3.1,Renault technical documentation,
Renault K‑ZE (27 kWh),Solxpow Solxpow X3 12-20kW,in_catalog,yes,protocol_verified,,"Renault K-ZE pack (27 kWh, shares Dacia Spring)",2019+ (China market),,15.0.14,HW3.1,Renault technical documentation,
Renault K‑ZE (27 kWh),Sungrow SH15T/SH20T/SH25T,in_catalog,yes,protocol_verified,,"Renault K-ZE pack (27 kWh, shares Dacia Spring)",2019+ (China market),,15.0.14,HW3.1,Renault technical documentation,
Renault K‑ZE (27 kWh),Sungrow SH3.0/3.6/4.0/5.0/6.0RS,in_catalog,yes,protocol_verified,,"Renault K-ZE pack (27 kWh, shares Dacia Spring)",2019+ (China market),,15.0.14,HW3.1,Renault technical documentation,
Renault K‑ZE (27 kWh),Sungrow SH5.0/6.0/8.0/10RT,in_catalog,yes,protocol_verified,,"Renault K-ZE pack (27 kWh, shares Dacia Spring)",2019+ (China market),,15.0.14,HW3.1,Renault technical documentation,
Renault Kangoo (22/33 kWh),Afore AF17K-THA 230V,in_catalog,yes,protocol_verified,,Renault Kangoo Z.E. pack (22 kWh / 33 kWh),2011+ / 2017+,,15.0.14,HW3.1,Renault technical documentation,
Renault Kangoo (22/33 kWh),Deye SUN-(29.9-50)K-SG01HP3-EU-BM3,in_catalog,yes,protocol_verified,,Renault Kangoo Z.E. pack (22 kWh / 33 kWh),2011+ / 2017+,,15.0.14,HW3.1,Renault technical documentation,
Renault Kangoo (22/33 kWh),Deye SUN-(5-20)K-SG01HP3-EU-AM2,in_catalog,yes,protocol_verified,,Renault Kangoo Z.E. pack (22 kWh / 33 kWh),2011+ / 2017+,,15.0.14,HW3.1,Renault technical documentation,
Renault Kangoo (22/33 kWh),Felicity T-REX-50KHP3G01,in_catalog,yes,protocol_verified,,Renault Kangoo Z.E. pack (22 kWh / 33 kWh),2011+ / 2017+,,15.0.14,HW3.1,Renault technical documentation,
Renault Kangoo (22/33 kWh),Ferroamp EnergyHub,in_catalog,yes,protocol_verified,,Renault Kangoo Z.E. pack (22 kWh / 33 kWh),2011+ / 2017+,,15.0.14,HW3.1,Renault technical documentation,
Renault Kangoo (22/33 kWh),FoxESS H1/AC1,in_catalog,yes,protocol_verified,,Renault Kangoo Z.E. pack (22 kWh / 33 kWh),2011+ / 2017+,,15.0.14,HW3.1,Renault technical documentation,
Renault Kangoo (22/33 kWh),FoxESS H3 Pro,in_catalog,yes,protocol_verified,,Renault Kangoo Z.E. pack (22 kWh / 33 kWh),2011+ / 2017+,,15.0.14,HW3.1,Renault technical documentation,
Renault Kangoo (22/33 kWh),FoxESS H3 Smart,in_catalog,yes,protocol_verified,,Renault Kangoo Z.E. pack (22 kWh / 33 kWh),2011+ / 2017+,,15.0.14,HW3.1,Renault technical documentation,
Renault Kangoo (22/33 kWh),FoxESS H3/AC3,in_catalog,yes,protocol_verified,,Renault Kangoo Z.E. pack (22 kWh / 33 kWh),2011+ / 2017+,,15.0.14,HW3.1,Renault technical documentation,
Renault Kangoo (22/33 kWh),Fronius Primo Gen24 Plus,in_catalog,yes,protocol_verified,,Renault Kangoo Z.E. pack (22 kWh / 33 kWh),2011+ / 2017+,,15.0.14,HW3.1,Renault technical documentation,
Renault Kangoo (22/33 kWh),Fronius Symo Gen24 Plus,in_catalog,yes,protocol_verified,,Renault Kangoo Z.E. pack (22 kWh / 33 kWh),2011+ / 2017+,,15.0.14,HW3.1,Renault technical documentation,
Renault Kangoo (22/33 kWh),Fronius Symo Hybrid 3.0/4.0/5.0-3-S,in_catalog,yes,protocol_verified,,Renault Kangoo Z.E. pack (22 kWh / 33 kWh),2011+ / 2017+,,15.0.14,HW3.1,Renault technical documentation,
Renault Kangoo (22/33 kWh),Fronius Verto Plus 15-33kW,in_catalog,yes,protocol_verified,,Renault Kangoo Z.E. pack (22 kWh / 33 kWh),2011+ / 2017+,,15.0.14,HW3.1,Renault technical documentation,
Renault Kangoo (22/33 kWh),GoodWe A-ES hybrid inverter (America Split Phase),in_catalog,yes,protocol_verified,,Renault Kangoo Z.E. pack (22 kWh / 33 kWh),2011+ / 2017+,,15.0.14,HW3.1,Renault technical documentation,
Renault Kangoo (22/33 kWh),GoodWe BH AC battery inverter,in_catalog,yes,protocol_verified,,Renault Kangoo Z.E. pack (22 kWh / 33 kWh),2011+ / 2017+,,15.0.14,HW3.1,Renault technical documentation,
Renault Kangoo (22/33 kWh),GoodWe BT AC battery inverter,in_catalog,yes,protocol_verified,,Renault Kangoo Z.E. pack (22 kWh / 33 kWh),2011+ / 2017+,,15.0.14,HW3.1,Renault technical documentation,
Renault Kangoo (22/33 kWh),GoodWe EH hybrid solar,in_catalog,yes,protocol_verified,,Renault Kangoo Z.E. pack (22 kWh / 33 kWh),2011+ / 2017+,,15.0.14,HW3.1,Renault technical documentation,
Renault Kangoo (22/33 kWh),GoodWe EHB high voltage battery,in_catalog,yes,protocol_verified,,Renault Kangoo Z.E. pack (22 kWh / 33 kWh),2011+ / 2017+,,15.0.14,HW3.1,Renault technical documentation,
Renault Kangoo (22/33 kWh),GoodWe EHB hybrid inverter (South Africa only),in_catalog,yes,protocol_verified,,Renault Kangoo Z.E. pack (22 kWh / 33 kWh),2011+ / 2017+,,15.0.14,HW3.1,Renault technical documentation,
Renault Kangoo (22/33 kWh),GoodWe ES hybrid solar,in_catalog,yes,protocol_verified,,Renault Kangoo Z.E. pack (22 kWh / 33 kWh),2011+ / 2017+,,15.0.14,HW3.1,Renault technical documentation,
Renault Kangoo (22/33 kWh),GoodWe ET hybrid solar,in_catalog,yes,protocol_verified,,Renault Kangoo Z.E. pack (22 kWh / 33 kWh),2011+ / 2017+,,15.0.14,HW3.1,Renault technical documentation,
Renault Kangoo (22/33 kWh),GoodWe SBP battery inverter,in_catalog,yes,protocol_verified,,Renault Kangoo Z.E. pack (22 kWh / 33 kWh),2011+ / 2017+,,15.0.14,HW3.1,Renault technical documentation,
Renault Kangoo (22/33 kWh),Growatt HV Growatt SPH,in_catalog,yes,protocol_verified,,Renault Kangoo Z.E. pack (22 kWh / 33 kWh),2011+ / 2017+,,15.0.14,HW3.1,Renault technical documentation,
Renault Kangoo (22/33 kWh),Growatt HV Growatt SPH (TL3-BH-UP) (5-10kW 3P),in_catalog,yes,protocol_verified,,Renault Kangoo Z.E. pack (22 kWh / 33 kWh),2011+ / 2017+,,15.0.14,HW3.1,Renault technical documentation,
Renault Kangoo (22/33 kWh),Growatt LV Growatt SPH (4.6-10) (TL3-BH) (5-10kW 3P),in_catalog,yes,protocol_verified,,Renault Kangoo Z.E. pack (22 kWh / 33 kWh),2011+ / 2017+,,15.0.14,HW3.1,Renault technical documentation,
Renault Kangoo (22/33 kWh),Growatt WIT 50-100K-HU,in_catalog,yes,protocol_verified,,Renault Kangoo Z.E. pack (22 kWh / 33 kWh),2011+ / 2017+,,15.0.14,HW3.1,Renault technical documentation,
Renault Kangoo (22/33 kWh),Growatt WIT 50-100K-HU (TL3-BH-UP) (5-10kW 3P),in_catalog,yes,protocol_verified,,Renault Kangoo Z.E. pack (22 kWh / 33 kWh),2011+ / 2017+,,15.0.14,HW3.1,Renault technical documentation,
Renault Kangoo (22/33 kWh),Hoymiles HYT/HAT-HV,in_catalog,yes,protocol_verified,,Renault Kangoo Z.E. pack (22 kWh / 33 kWh),2011+ / 2017+,,15.0.14,HW3.1,Renault technical documentation,
Renault Kangoo (22/33 kWh),Huawei SUN2000-(2-6)KTL-L1 (400V),in_catalog,yes,protocol_verified,,Renault Kangoo Z.E. pack (22 kWh / 33 kWh),2011+ / 2017+,,15.0.14,HW3.1,Renault technical documentation,
Renault Kangoo (22/33 kWh),Huawei SUN2000-(3-20)K-MB0 (400V),in_catalog,yes,protocol_verified,,Renault Kangoo Z.E. pack (22 kWh / 33 kWh),2011+ / 2017+,,15.0.14,HW3.1,Renault technical documentation,
Renault Kangoo (22/33 kWh),Kostal Plenticore Plus (3.0-10),in_catalog,yes,protocol_verified,,Renault Kangoo Z.E. pack (22 kWh / 33 kWh),2011+ / 2017+,,15.0.14,HW3.1,Renault technical documentation,
Renault Kangoo (22/33 kWh),Maple Leaf Northern Fox H1-H3-AC1-KH,in_catalog,yes,protocol_verified,,Renault Kangoo Z.E. pack (22 kWh / 33 kWh),2011+ / 2017+,,15.0.14,HW3.1,Renault technical documentation,
Renault Kangoo (22/33 kWh),SAJ H2 Hybrid (3-12)K-S2,in_catalog,yes,protocol_verified,,Renault Kangoo Z.E. pack (22 kWh / 33 kWh),2011+ / 2017+,,15.0.14,HW3.1,Renault technical documentation,
Renault Kangoo (22/33 kWh),SMA Sunny Boy Smart Energy 3.6 / 4.0 / 5.0 / 6.0-50 Hybrid Inverter,in_catalog,yes,protocol_verified,,Renault Kangoo Z.E. pack (22 kWh / 33 kWh),2011+ / 2017+,,15.0.14,HW3.1,Renault technical documentation,
Renault Kangoo (22/33 kWh),SMA Sunny Boy Smart Energy 3.6-6.0,in_catalog,yes,protocol_verified,,Renault Kangoo Z.E. pack (22 kWh / 33 kWh),2011+ / 2017+,,15.0.14,HW3.1,Renault technical documentation,
Renault Kangoo (22/33 kWh),SMA Sunny Boy Storage 2.5,in_catalog,yes,protocol_verified,,Renault Kangoo Z.E. pack (22 kWh / 33 kWh),2011+ / 2017+,,15.0.14,HW3.1,Renault technical documentation,
Renault Kangoo (22/33 kWh),SMA Sunny Boy Storage 2.5 / 3.7 / 5.0 / 6.0,in_catalog,yes,protocol_verified,,Renault Kangoo Z.E. pack (22 kWh / 33 kWh),2011+ / 2017+,,15.0.14,HW3.1,Renault technical documentation,
Renault Kangoo (22/33 kWh),SMA Sunny Tripower Smart 5.0-10.0 SE,in_catalog,yes,protocol_verified,,Renault Kangoo Z.E. pack (22 kWh / 33 kWh),2011+ / 2017+,,15.0.14,HW3.1,Renault technical documentation,
Renault Kangoo (22/33 kWh),SMA Sunny Tripower X,in_catalog,yes,protocol_verified,,Renault Kangoo Z.E. pack (22 kWh / 33 kWh),2011+ / 2017+,,15.0.14,HW3.1,Renault technical documentation,
Renault Kangoo (22/33 kWh),Sofar 5K...20KTL-3PH,in_catalog,yes,protocol_verified,,Renault Kangoo Z.E. pack (22 kWh / 33 kWh),2011+ / 2017+,,15.0.14,HW3.1,Renault technical documentation,
Renault Kangoo (22/33 kWh),Sofar HYD (3-20)KTL-3PH,in_catalog,yes,protocol_verified,,Renault Kangoo Z.E. pack (22 kWh / 33 kWh),2011+ / 2017+,,15.0.14,HW3.1,Renault technical documentation,
Renault Kangoo (22/33 kWh),SolaX X1 Hybrid,in_catalog,yes,protocol_verified,,Renault Kangoo Z.E. pack (22 kWh / 33 kWh),2011+ / 2017+,,15.0.14,HW3.1,Renault technical documentation,
Renault Kangoo (22/33 kWh),SolaX X1 Hybrid G4,in_catalog,yes,protocol_verified,,Renault Kangoo Z.E. pack (22 kWh / 33 kWh),2011+ / 2017+,,15.0.14,HW3.1,Renault technical documentation,
Renault Kangoo (22/33 kWh),SolaX X1 Hybrid G4,in_catalog,yes,protocol_verified,,Renault Kangoo Z.E. pack (22 kWh / 33 kWh),2011+ / 2017+,,15.0.14,HW3.1,Renault technical documentation,
Renault Kangoo (22/33 kWh),SolaX X3 Hybrid,in_catalog,yes,protocol_verified,,Renault Kangoo Z.E. pack (22 kWh / 33 kWh),2011+ / 2017+,,15.0.14,HW3.1,Renault technical documentation,
Renault Kangoo (22/33 kWh),SolaX X3 Hybrid G4,in_catalog,yes,protocol_verified,,Renault Kangoo Z.E. pack (22 kWh / 33 kWh),2011+ / 2017+,,15.0.14,HW3.1,Renault technical documentation,
Renault Kangoo (22/33 kWh),SolaX X3-Ultra Hybrid,in_catalog,yes,protocol_verified,,Renault Kangoo Z.E. pack (22 kWh / 33 kWh),2011+ / 2017+,,15.0.14,HW3.1,Renault technical documentation,
Renault Kangoo (22/33 kWh),Solis RHI-3P(5-10)K-HVES-5G / S6-EH1P10K-H-US-APST,in_catalog,yes,protocol_verified,,Renault Kangoo Z.E. pack (22 kWh / 33 kWh),2011+ / 2017+,,15.0.14,HW3.1,Renault technical documentation,
Renault Kangoo (22/33 kWh),Solis RHI-3P(5-10)K-HVES-5G / S6-EH3P-(5-10.0K)-H-EU,in_catalog,yes,protocol_verified,,Renault Kangoo Z.E. pack (22 kWh / 33 kWh),2011+ / 2017+,,15.0.14,HW3.1,Renault technical documentation,
Renault Kangoo (22/33 kWh),Solis S5-EH1P (3-6) K-L (5-6 kW 1P US),in_catalog,yes,protocol_verified,,Renault Kangoo Z.E. pack (22 kWh / 33 kWh),2011+ / 2017+,,15.0.14,HW3.1,Renault technical documentation,
Renault Kangoo (22/33 kWh),Solis S6-EH3P(8-15)K-H 8-15 kW 3P (5-6 kW 1P US),in_catalog,yes,protocol_verified,,Renault Kangoo Z.E. pack (22 kWh / 33 kWh),2011+ / 2017+,,15.0.14,HW3.1,Renault technical documentation,
Renault Kangoo (22/33 kWh),Solxpow Solxpow X3 12-20kW,in_catalog,yes,protocol_verified,,Renault Kangoo Z.E. pack (22 kWh / 33 kWh),2011+ / 2017+,,15.0.14,HW3.1,Renault technical documentation,
Renault Kangoo (22/33 kWh),Sungrow SH15T/SH20T/SH25T,in_catalog,yes,protocol_verified,,Renault Kangoo Z.E. pack (22 kWh / 33 kWh),2011+ / 2017+,,15.0.14,HW3.1,Renault technical documentation,
Renault Kangoo (22/33 kWh),Sungrow SH3.0/3.6/4.0/5.0/6.0RS,in_catalog,yes,protocol_verified,,Renault Kangoo Z.E. pack (22 kWh / 33 kWh),2011+ / 2017+,,15.0.14,HW3.1,Renault technical documentation,
Renault Kangoo (22/33 kWh),Sungrow SH5.0/6.0/8.0/10RT,in_catalog,yes,protocol_verified,,Renault Kangoo Z.E. pack (22 kWh / 33 kWh),2011+ / 2017+,,15.0.14,HW3.1,Renault technical documentation,
Renault Twizy (6.1 kWh),Afore AF17K-THA 230V,in_catalog,yes,protocol_verified,,Renault Twizy pack (6.1 kWh LiFePO4),2012+,,15.0.14,HW3.1,Renault technical documentation,
Renault Twizy (6.1 kWh),Deye SUN-(29.9-50)K-SG01HP3-EU-BM3,in_catalog,yes,protocol_verified,,Renault Twizy pack (6.1 kWh LiFePO4),2012+,,15.0.14,HW3.1,Renault technical documentation,
Renault Twizy (6.1 kWh),Deye SUN-(5-20)K-SG01HP3-EU-AM2,in_catalog,yes,protocol_verified,,Renault Twizy pack (6.1 kWh LiFePO4),2012+,,15.0.14,HW3.1,Renault technical documentation,
Renault Twizy (6.1 kWh),Felicity T-REX-50KHP3G01,in_catalog,yes,protocol_verified,,Renault Twizy pack (6.1 kWh LiFePO4),2012+,,15.0.14,HW3.1,Renault technical documentation,
Renault Twizy (6.1 kWh),Ferroamp EnergyHub,in_catalog,yes,protocol_verified,,Renault Twizy pack (6.1 kWh LiFePO4),2012+,,15.0.14,HW3.1,Renault technical documentation,
Renault Twizy (6.1 kWh),FoxESS H1/AC1,in_catalog,yes,protocol_verified,,Renault Twizy pack (6.1 kWh LiFePO4),2012+,,15.0.14,HW3.1,Renault technical documentation,
Renault Twizy (6.1 kWh),FoxESS H3 Pro,in_catalog,yes,protocol_verified,,Renault Twizy pack (6.1 kWh LiFePO4),2012+,,15.0.14,HW3.1,Renault technical documentation,
Renault Twizy (6.1 kWh),FoxESS H3 Smart,in_catalog,yes,protocol_verified,,Renault Twizy pack (6.1 kWh LiFePO4),2012+,,15.0.14,HW3.1,Renault technical documentation,
Renault Twizy (6.1 kWh),FoxESS H3/AC3,in_catalog,yes,protocol_verified,,Renault Twizy pack (6.1 kWh LiFePO4),2012+,,15.0.14,HW3.1,Renault technical documentation,
Renault Twizy (6.1 kWh),Fronius Primo Gen24 Plus,in_catalog,yes,protocol_verified,,Renault Twizy pack (6.1 kWh LiFePO4),2012+,,15.0.14,HW3.1,Renault technical documentation,
Renault Twizy (6.1 kWh),Fronius Symo Gen24 Plus,in_catalog,yes,protocol_verified,,Renault Twizy pack (6.1 kWh LiFePO4),2012+,,15.0.14,HW3.1,Renault technical documentation,
Renault Twizy (6.1 kWh),Fronius Symo Hybrid 3.0/4.0/5.0-3-S,in_catalog,yes,protocol_verified,,Renault Twizy pack (6.1 kWh LiFePO4),2012+,,15.0.14,HW3.1,Renault technical documentation,
Renault Twizy (6.1 kWh),Fronius Verto Plus 15-33kW,in_catalog,yes,protocol_verified,,Renault Twizy pack (6.1 kWh LiFePO4),2012+,,15.0.14,HW3.1,Renault technical documentation,
Renault Twizy (6.1 kWh),GoodWe A-ES hybrid inverter (America Split Phase),in_catalog,yes,protocol_verified,,Renault Twizy pack (6.1 kWh LiFePO4),2012+,,15.0.14,HW3.1,Renault technical documentation,
Renault Twizy (6.1 kWh),GoodWe BH AC battery inverter,in_catalog,yes,protocol_verified,,Renault Twizy pack (6.1 kWh LiFePO4),2012+,,15.0.14,HW3.1,Renault technical documentation,
Renault Twizy (6.1 kWh),GoodWe BT AC battery inverter,in_catalog,yes,protocol_verified,,Renault Twizy pack (6.1 kWh LiFePO4),2012+,,15.0.14,HW3.1,Renault technical documentation,
Renault Twizy (6.1 kWh),GoodWe EH hybrid solar,in_catalog,yes,protocol_verified,,Renault Twizy pack (6.1 kWh LiFePO4),2012+,,15.0.14,HW3.1,Renault technical documentation,
Renault Twizy (6.1 kWh),GoodWe EHB high voltage battery,in_catalog,yes,protocol_verified,,Renault Twizy pack (6.1 kWh LiFePO4),2012+,,15.0.14,HW3.1,Renault technical documentation,
Renault Twizy (6.1 kWh),GoodWe EHB hybrid inverter (South Africa only),in_catalog,yes,protocol_verified,,Renault Twizy pack (6.1 kWh LiFePO4),2012+,,15.0.14,HW3.1,Renault technical documentation,
Renault Twizy (6.1 kWh),GoodWe ES hybrid solar,in_catalog,yes,protocol_verified,,Renault Twizy pack (6.1 kWh LiFePO4),2012+,,15.0.14,HW3.1,Renault technical documentation,
Renault Twizy (6.1 kWh),GoodWe ET hybrid solar,in_catalog,yes,protocol_verified,,Renault Twizy pack (6.1 kWh LiFePO4),2012+,,15.0.14,HW3.1,Renault technical documentation,
Renault Twizy (6.1 kWh),GoodWe SBP battery inverter,in_catalog,yes,protocol_verified,,Renault Twizy pack (6.1 kWh LiFePO4),2012+,,15.0.14,HW3.1,Renault technical documentation,
Renault Twizy (6.1 kWh),Growatt HV Growatt SPH,in_catalog,yes,protocol_verified,,Renault Twizy pack (6.1 kWh LiFePO4),2012+,,15.0.14,HW3.1,Renault technical documentation,
Renault Twizy (6.1 kWh),Growatt HV Growatt SPH (TL3-BH-UP) (5-10kW 3P),in_catalog,yes,protocol_verified,,Renault Twizy pack (6.1 kWh LiFePO4),2012+,,15.0.14,HW3.1,Renault technical documentation,
Renault Twizy (6.1 kWh),Growatt LV Growatt SPH (4.6-10) (TL3-BH) (5-10kW 3P),in_catalog,yes,protocol_verified,,Renault Twizy pack (6.1 kWh LiFePO4),2012+,,15.0.14,HW3.1,Renault technical documentation,
Renault Twizy (6.1 kWh),Growatt WIT 50-100K-HU,in_catalog,yes,protocol_verified,,Renault Twizy pack (6.1 kWh LiFePO4),2012+,,15.0.14,HW3.1,Renault technical documentation,
Renault Twizy (6.1 kWh),Growatt WIT 50-100K-HU (TL3-BH-UP) (5-10kW 3P),in_catalog,yes,protocol_verified,,Renault Twizy pack (6.1 kWh LiFePO4),2012+,,15.0.14,HW3.1,Renault technical documentation,
Renault Twizy (6.1 kWh),Hoymiles HYT/HAT-HV,in_catalog,yes,protocol_verified,,Renault Twizy pack (6.1 kWh LiFePO4),2012+,,15.0.14,HW3.1,Renault technical documentation,
Renault Twizy (6.1 kWh),Huawei SUN2000-(2-6)KTL-L1 (400V),in_catalog,yes,protocol_verified,,Renault Twizy pack (6.1 kWh LiFePO4),2012+,,15.0.14,HW3.1,Renault technical documentation,
Renault Twizy (6.1 kWh),Huawei SUN2000-(3-20)K-MB0 (400V),in_catalog,yes,protocol_verified,,Renault Twizy pack (6.1 kWh LiFePO4),2012+,,15.0.14,HW3.1,Renault technical documentation,
Renault Twizy (6.1 kWh),Kostal Plenticore Plus (3.0-10),in_catalog,yes,protocol_verified,,Renault Twizy pack (6.1 kWh LiFePO4),2012+,,15.0.14,HW3.1,Renault technical documentation,
Renault Twizy (6.1 kWh),Maple Leaf Northern Fox H1-H3-AC1-KH,in_catalog,yes,protocol_verified,,Renault Twizy pack (6.1 kWh LiFePO4),2012+,,15.0.14,HW3.1,Renault technical documentation,
Renault Twizy (6.1 kWh),SAJ H2 Hybrid (3-12)K-S2,in_catalog,yes,protocol_verified,,Renault Twizy pack (6.1 kWh LiFePO4),2012+,,15.0.14,HW3.1,Renault technical documentation,
Renault Twizy (6.1 kWh),SMA Sunny Boy Smart Energy 3.6 / 4.0 / 5.0 / 6.0-50 Hybrid Inverter,in_catalog,yes,protocol_verified,,Renault Twizy pack (6.1 kWh LiFePO4),2012+,,15.0.14,HW3.1,Renault technical documentation,
Renault Twizy (6.1 kWh),SMA Sunny Boy Smart Energy 3.6-6.0,in_catalog,yes,protocol_verified,,Renault Twizy pack (6.1 kWh LiFePO4),2012+,,15.0.14,HW3.1,Renault technical documentation,
Renault Twizy (6.1 kWh),SMA Sunny Boy Storage 2.5,in_catalog,yes,protocol_verified,,Renault Twizy pack (6.1 kWh LiFePO4),2012+,,15.0.14,HW3.1,Renault technical documentation,
Renault Twizy (6.1 kWh),SMA Sunny Boy Storage 2.5 / 3.7 / 5.0 / 6.0,in_catalog,yes,protocol_verified,,Renault Twizy pack (6.1 kWh LiFePO4),2012+,,15.0.14,HW3.1,Renault technical documentation,
Renault Twizy (6.1 kWh),SMA Sunny Tripower Smart 5.0-10.0 SE,in_catalog,yes,protocol_verified,,Renault Twizy pack (6.1 kWh LiFePO4),2012+,,15.0.14,HW3.1,Renault technical documentation,
Renault Twizy (6.1 kWh),SMA Sunny Tripower X,in_catalog,yes,protocol_verified,,Renault Twizy pack (6.1 kWh LiFePO4),2012+,,15.0.14,HW3.1,Renault technical documentation,
Renault Twizy (6.1 kWh),Sofar 5K...20KTL-3PH,in_catalog,yes,protocol_verified,,Renault Twizy pack (6.1 kWh LiFePO4),2012+,,15.0.14,HW3.1,Renault technical documentation,
Renault Twizy (6.1 kWh),Sofar HYD (3-20)KTL-3PH,in_catalog,yes,protocol_verified,,Renault Twizy pack (6.1 kWh LiFePO4),2012+,,15.0.14,HW3.1,Renault technical documentation,
Renault Twizy (6.1 kWh),SolaX X1 Hybrid,in_catalog,yes,protocol_verified,,Renault Twizy pack (6.1 kWh LiFePO4),2012+,,15.0.14,HW3.1,Renault technical documentation,
Renault Twizy (6.1 kWh),SolaX X1 Hybrid G4,in_catalog,yes,protocol_verified,,Renault Twizy pack (6.1 kWh LiFePO4),2012+,,15.0.14,HW3.1,Renault technical documentation,
Renault Twizy (6.1 kWh),SolaX X3 Hybrid,in_catalog,yes,protocol_verified,,Renault Twizy pack (6.1 kWh LiFePO4),2012+,,15.0.14,HW3.1,Renault technical documentation,
Renault Twizy (6.1 kWh),SolaX X3 Hybrid G4,in_catalog,yes,protocol_verified,,Renault Twizy pack (6.1 kWh LiFePO4),2012+,,15.0.14,HW3.1,Renault technical documentation,
Renault Twizy (6.1 kWh),SolaX X3-Ultra Hybrid,in_catalog,yes,protocol_verified,,Renault Twizy pack (6.1 kWh LiFePO4),2012+,,15.0.14,HW3.1,Renault technical documentation,
Renault Twizy (6.1 kWh),Solis RHI-3P(5-10)K-HVES-5G / S6-EH1P10K-H-US-APST,in_catalog,yes,protocol_verified,,Renault Twizy pack (6.1 kWh LiFePO4),2012+,,15.0.14,HW3.1,Renault technical documentation,
Renault Twizy (6.1 kWh),Solis RHI-3P(5-10)K-HVES-5G / S6-EH3P-(5-10.0K)-H-EU,in_catalog,yes,protocol_verified,,Renault Twizy pack (6.1 kWh LiFePO4),2012+,,15.0.14,HW3.1,Renault technical documentation,
Renault Twizy (6.1 kWh),Solis S5-EH1P (3-6) K-L (5-6 kW 1P US),in_catalog,yes,protocol_verified,,Renault Twizy pack (6.1 kWh LiFePO4),2012+,,15.0.14,HW3.1,Renault technical documentation,
Renault Twizy (6.1 kWh),Solis S6-EH3P(8-15)K-H 8-15 kW 3P (5-6 kW 1P US),in_catalog,yes,protocol_verified,,Renault Twizy pack (6.1 kWh LiFePO4),2012+,,15.0.14,HW3.1,Renault technical documentation,
Renault Twizy (6.1 kWh),Solxpow Solxpow X3 12-20kW,in_catalog,yes,protocol_verified,,Renault Twizy pack (6.1 kWh LiFePO4),2012+,,15.0.14,HW3.1,Renault technical documentation,
Renault Twizy (6.1 kWh),Sungrow SH15T/SH20T/SH25T,in_catalog,yes,protocol_verified,,Renault Twizy pack (6.1 kWh LiFePO4),2012+,,15.0.14,HW3.1,Renault technical documentation,
Renault Twizy (6.1 kWh),Sungrow SH3.0/3.6/4.0/5.0/6.0RS,in_catalog,yes,protocol_verified,,Renault Twizy pack (6.1 kWh LiFePO4),2012+,,15.0.14,HW3.1,Renault technical documentation,
Renault Twizy (6.1 kWh),Sungrow SH5.0/6.0/8.0/10RT,in_catalog,yes,protocol_verified,,Renault Twizy pack (6.1 kWh LiFePO4),2012+,,15.0.14,HW3.1,Renault technical documentation,
Renault Zoe Gen1 (22/41 kWh),Afore AF17K-THA 230V,in_catalog,yes,protocol_verified,,"Renault 295B0-xxx (Q210/R240 22 kWh, R90/Q90 ZE40 41 kWh)",2013-2019,,15.0.14,HW3.1,openinverter.org/wiki/Renault_Zoe_Battery_Pack + pushevs.com,
Renault Zoe Gen1 (22/41 kWh),Deye SUN-(29.9-50)K-SG01HP3-EU-BM3,in_catalog,yes,protocol_verified,,"Renault 295B0-xxx (Q210/R240 22 kWh, R90/Q90 ZE40 41 kWh)",2013-2019,,15.0.14,HW3.1,openinverter.org/wiki/Renault_Zoe_Battery_Pack + pushevs.com,
Renault Zoe Gen1 (22/41 kWh),Deye SUN-(5-20)K-SG01HP3-EU-AM2,in_catalog,yes,protocol_verified,,"Renault 295B0-xxx (Q210/R240 22 kWh, R90/Q90 ZE40 41 kWh)",2013-2019,,15.0.14,HW3.1,openinverter.org/wiki/Renault_Zoe_Battery_Pack + pushevs.com,
Renault Zoe Gen1 (22/41 kWh),Felicity T-REX-50KHP3G01,in_catalog,yes,protocol_verified,,"Renault 295B0-xxx (Q210/R240 22 kWh, R90/Q90 ZE40 41 kWh)",2013-2019,,15.0.14,HW3.1,openinverter.org/wiki/Renault_Zoe_Battery_Pack + pushevs.com,
Renault Zoe Gen1 (22/41 kWh),Ferroamp EnergyHub,in_catalog,yes,protocol_verified,,"Renault 295B0-xxx (Q210/R240 22 kWh, R90/Q90 ZE40 41 kWh)",2013-2019,,15.0.14,HW3.1,openinverter.org/wiki/Renault_Zoe_Battery_Pack + pushevs.com,
Renault Zoe Gen1 (22/41 kWh),FoxESS H1/AC1,in_catalog,yes,protocol_verified,,"Renault 295B0-xxx (Q210/R240 22 kWh, R90/Q90 ZE40 41 kWh)",2013-2019,,15.0.14,HW3.1,openinverter.org/wiki/Renault_Zoe_Battery_Pack + pushevs.com,
Renault Zoe Gen1 (22/41 kWh),FoxESS H3 Pro,in_catalog,yes,protocol_verified,,"Renault 295B0-xxx (Q210/R240 22 kWh, R90/Q90 ZE40 41 kWh)",2013-2019,,15.0.14,HW3.1,openinverter.org/wiki/Renault_Zoe_Battery_Pack + pushevs.com,
Renault Zoe Gen1 (22/41 kWh),FoxESS H3 Smart,in_catalog,yes,protocol_verified,,"Renault 295B0-xxx (Q210/R240 22 kWh, R90/Q90 ZE40 41 kWh)",2013-2019,,15.0.14,HW3.1,openinverter.org/wiki/Renault_Zoe_Battery_Pack + pushevs.com,
Renault Zoe Gen1 (22/41 kWh),FoxESS H3/AC3,in_catalog,yes,protocol_verified,,"Renault 295B0-xxx (Q210/R240 22 kWh, R90/Q90 ZE40 41 kWh)",2013-2019,,15.0.14,HW3.1,openinverter.org/wiki/Renault_Zoe_Battery_Pack + pushevs.com,
Renault Zoe Gen1 (22/41 kWh),Fronius Primo Gen24 Plus,in_catalog,yes,protocol_verified,,"Renault 295B0-xxx (Q210/R240 22 kWh, R90/Q90 ZE40 41 kWh)",2013-2019,,15.0.14,HW3.1,openinverter.org/wiki/Renault_Zoe_Battery_Pack + pushevs.com,
Renault Zoe Gen1 (22/41 kWh),Fronius Symo Gen24 Plus,in_catalog,yes,protocol_verified,,"Renault 295B0-xxx (Q210/R240 22 kWh, R90/Q90 ZE40 41 kWh)",2013-2019,,15.0.14,HW3.1,openinverter.org/wiki/Renault_Zoe_Battery_Pack + pushevs.com,
Renault Zoe Gen1 (22/41 kWh),Fronius Symo Hybrid 3.0/4.0/5.0-3-S,in_catalog,yes,protocol_verified,,"Renault 295B0-xxx (Q210/R240 22 kWh, R90/Q90 ZE40 41 kWh)",2013-2019,,15.0.14,HW3.1,openinverter.org/wiki/Renault_Zoe_Battery_Pack + pushevs.com,
Renault Zoe Gen1 (22/41 kWh),Fronius Verto Plus 15-33kW,in_catalog,yes,protocol_verified,,"Renault 295B0-xxx (Q210/R240 22 kWh, R90/Q90 ZE40 41 kWh)",2013-2019,,15.0.14,HW3.1,openinverter.org/wiki/Renault_Zoe_Battery_Pack + pushevs.com,
Renault Zoe Gen1 (22/41 kWh),GoodWe A-ES hybrid inverter (America Split Phase),in_catalog,yes,protocol_verified,,"Renault 295B0-xxx (Q210/R240 22 kWh, R90/Q90 ZE40 41 kWh)",2013-2019,,15.0.14,HW3.1,openinverter.org/wiki/Renault_Zoe_Battery_Pack + pushevs.com,
Renault Zoe Gen1 (22/41 kWh),GoodWe BH AC battery inverter,in_catalog,yes,protocol_verified,,"Renault 295B0-xxx (Q210/R240 22 kWh, R90/Q90 ZE40 41 kWh)",2013-2019,,15.0.14,HW3.1,openinverter.org/wiki/Renault_Zoe_Battery_Pack + pushevs.com,
Renault Zoe Gen1 (22/41 kWh),GoodWe BT AC battery inverter,in_catalog,yes,protocol_verified,,"Renault 295B0-xxx (Q210/R240 22 kWh, R90/Q90 ZE40 41 kWh)",2013-2019,,15.0.14,HW3.1,openinverter.org/wiki/Renault_Zoe_Battery_Pack + pushevs.com,
Renault Zoe Gen1 (22/41 kWh),GoodWe EH hybrid solar,in_catalog,yes,protocol_verified,,"Renault 295B0-xxx (Q210/R240 22 kWh, R90/Q90 ZE40 41 kWh)",2013-2019,,15.0.14,HW3.1,openinverter.org/wiki/Renault_Zoe_Battery_Pack + pushevs.com,
Renault Zoe Gen1 (22/41 kWh),GoodWe EHB high voltage battery,in_catalog,yes,protocol_verified,,"Renault 295B0-xxx (Q210/R240 22 kWh, R90/Q90 ZE40 41 kWh)",2013-2019,,15.0.14,HW3.1,openinverter.org/wiki/Renault_Zoe_Battery_Pack + pushevs.com,
Renault Zoe Gen1 (22/41 kWh),GoodWe EHB hybrid inverter (South Africa only),in_catalog,yes,protocol_verified,,"Renault 295B0-xxx (Q210/R240 22 kWh, R90/Q90 ZE40 41 kWh)",2013-2019,,15.0.14,HW3.1,openinverter.org/wiki/Renault_Zoe_Battery_Pack + pushevs.com,
Renault Zoe Gen1 (22/41 kWh),GoodWe ES hybrid solar,in_catalog,yes,protocol_verified,,"Renault 295B0-xxx (Q210/R240 22 kWh, R90/Q90 ZE40 41 kWh)",2013-2019,,15.0.14,HW3.1,openinverter.org/wiki/Renault_Zoe_Battery_Pack + pushevs.com,
Renault Zoe Gen1 (22/41 kWh),GoodWe ET hybrid solar,in_catalog,yes,protocol_verified,,"Renault 295B0-xxx (Q210/R240 22 kWh, R90/Q90 ZE40 41 kWh)",2013-2019,,15.0.14,HW3.1,openinverter.org/wiki/Renault_Zoe_Battery_Pack + pushevs.com,
Renault Zoe Gen1 (22/41 kWh),GoodWe SBP battery inverter,in_catalog,yes,protocol_verified,,"Renault 295B0-xxx (Q210/R240 22 kWh, R90/Q90 ZE40 41 kWh)",2013-2019,,15.0.14,HW3.1,openinverter.org/wiki/Renault_Zoe_Battery_Pack + pushevs.com,
Renault Zoe Gen1 (22/41 kWh),Growatt HV Growatt SPH,in_catalog,yes,protocol_verified,,"Renault 295B0-xxx (Q210/R240 22 kWh, R90/Q90 ZE40 41 kWh)",2013-2019,,15.0.14,HW3.1,openinverter.org/wiki/Renault_Zoe_Battery_Pack + pushevs.com,
Renault Zoe Gen1 (22/41 kWh),Growatt HV Growatt SPH (TL3-BH-UP) (5-10kW 3P),in_catalog,yes,protocol_verified,,"Renault 295B0-xxx (Q210/R240 22 kWh, R90/Q90 ZE40 41 kWh)",2013-2019,,15.0.14,HW3.1,openinverter.org/wiki/Renault_Zoe_Battery_Pack + pushevs.com,
Renault Zoe Gen1 (22/41 kWh),Growatt LV Growatt SPH (4.6-10) (TL3-BH) (5-10kW 3P),in_catalog,yes,protocol_verified,,"Renault 295B0-xxx (Q210/R240 22 kWh, R90/Q90 ZE40 41 kWh)",2013-2019,,15.0.14,HW3.1,openinverter.org/wiki/Renault_Zoe_Battery_Pack + pushevs.com,
Renault Zoe Gen1 (22/41 kWh),Growatt WIT 50-100K-HU,in_catalog,yes,protocol_verified,,"Renault 295B0-xxx (Q210/R240 22 kWh, R90/Q90 ZE40 41 kWh)",2013-2019,,15.0.14,HW3.1,openinverter.org/wiki/Renault_Zoe_Battery_Pack + pushevs.com,
Renault Zoe Gen1 (22/41 kWh),Growatt WIT 50-100K-HU (TL3-BH-UP) (5-10kW 3P),in_catalog,yes,protocol_verified,,"Renault 295B0-xxx (Q210/R240 22 kWh, R90/Q90 ZE40 41 kWh)",2013-2019,,15.0.14,HW3.1,openinverter.org/wiki/Renault_Zoe_Battery_Pack + pushevs.com,
Renault Zoe Gen1 (22/41 kWh),Hoymiles HYT/HAT-HV,in_catalog,yes,protocol_verified,,"Renault 295B0-xxx (Q210/R240 22 kWh, R90/Q90 ZE40 41 kWh)",2013-2019,,15.0.14,HW3.1,openinverter.org/wiki/Renault_Zoe_Battery_Pack + pushevs.com,
Renault Zoe Gen1 (22/41 kWh),Huawei SUN2000-(2-6)KTL-L1 (400V),in_catalog,yes,protocol_verified,,"Renault 295B0-xxx (Q210/R240 22 kWh, R90/Q90 ZE40 41 kWh)",2013-2019,,15.0.14,HW3.1,openinverter.org/wiki/Renault_Zoe_Battery_Pack + pushevs.com,
Renault Zoe Gen1 (22/41 kWh),Huawei SUN2000-(3-20)K-MB0 (400V),in_catalog,yes,protocol_verified,,"Renault 295B0-xxx (Q210/R240 22 kWh, R90/Q90 ZE40 41 kWh)",2013-2019,,15.0.14,HW3.1,openinverter.org/wiki/Renault_Zoe_Battery_Pack + pushevs.com,
Renault Zoe Gen1 (22/41 kWh),Kostal Plenticore Plus (3.0-10),in_catalog,yes,protocol_verified,,"Renault 295B0-xxx (Q210/R240 22 kWh, R90/Q90 ZE40 41 kWh)",2013-2019,,15.0.14,HW3.1,openinverter.org/wiki/Renault_Zoe_Battery_Pack + pushevs.com,
Renault Zoe Gen1 (22/41 kWh),Maple Leaf Northern Fox H1-H3-AC1-KH,in_catalog,yes,protocol_verified,,"Renault 295B0-xxx (Q210/R240 22 kWh, R90/Q90 ZE40 41 kWh)",2013-2019,,15.0.14,HW3.1,openinverter.org/wiki/Renault_Zoe_Battery_Pack + pushevs.com,
Renault Zoe Gen1 (22/41 kWh),SAJ H2 Hybrid (3-12)K-S2,in_catalog,yes,protocol_verified,,"Renault 295B0-xxx (Q210/R240 22 kWh, R90/Q90 ZE40 41 kWh)",2013-2019,,15.0.14,HW3.1,openinverter.org/wiki/Renault_Zoe_Battery_Pack + pushevs.com,
Renault Zoe Gen1 (22/41 kWh),SMA Sunny Boy Smart Energy 3.6 / 4.0 / 5.0 / 6.0-50 Hybrid Inverter,in_catalog,yes,protocol_verified,,"Renault 295B0-xxx (Q210/R240 22 kWh, R90/Q90 ZE40 41 kWh)",2013-2019,,15.0.14,HW3.1,openinverter.org/wiki/Renault_Zoe_Battery_Pack + pushevs.com,
Renault Zoe Gen1 (22/41 kWh),SMA Sunny Boy Smart Energy 3.6-6.0,in_catalog,yes,protocol_verified,,"Renault 295B0-xxx (Q210/R240 22 kWh, R90/Q90 ZE40 41 kWh)",2013-2019,,15.0.14,HW3.1,openinverter.org/wiki/Renault_Zoe_Battery_Pack + pushevs.com,
Renault Zoe Gen1 (22/41 kWh),SMA Sunny Boy Storage 2.5,in_catalog,yes,protocol_verified,,"Renault 295B0-xxx (Q210/R240 22 kWh, R90/Q90 ZE40 41 kWh)",2013-2019,,15.0.14,HW3.1,openinverter.org/wiki/Renault_Zoe_Battery_Pack + pushevs.com,
Renault Zoe Gen1 (22/41 kWh),SMA Sunny Boy Storage 2.5 / 3.7 / 5.0 / 6.0,in_catalog,yes,protocol_verified,,"Renault 295B0-xxx (Q210/R240 22 kWh, R90/Q90 ZE40 41 kWh)",2013-2019,,15.0.14,HW3.1,openinverter.org/wiki/Renault_Zoe_Battery_Pack + pushevs.com,
Renault Zoe Gen1 (22/41 kWh),SMA Sunny Tripower Smart 5.0-10.0 SE,in_catalog,yes,protocol_verified,,"Renault 295B0-xxx (Q210/R240 22 kWh, R90/Q90 ZE40 41 kWh)",2013-2019,,15.0.14,HW3.1,openinverter.org/wiki/Renault_Zoe_Battery_Pack + pushevs.com,
Renault Zoe Gen1 (22/41 kWh),SMA Sunny Tripower X,in_catalog,yes,protocol_verified,,"Renault 295B0-xxx (Q210/R240 22 kWh, R90/Q90 ZE40 41 kWh)",2013-2019,,15.0.14,HW3.1,openinverter.org/wiki/Renault_Zoe_Battery_Pack + pushevs.com,
Renault Zoe Gen1 (22/41 kWh),Sofar 5K...20KTL-3PH,in_catalog,yes,protocol_verified,,"Renault 295B0-xxx (Q210/R240 22 kWh, R90/Q90 ZE40 41 kWh)",2013-2019,,15.0.14,HW3.1,openinverter.org/wiki/Renault_Zoe_Battery_Pack + pushevs.com,
Renault Zoe Gen1 (22/41 kWh),Sofar HYD (3-20)KTL-3PH,in_catalog,yes,protocol_verified,,"Renault 295B0-xxx (Q210/R240 22 kWh, R90/Q90 ZE40 41 kWh)",2013-2019,,15.0.14,HW3.1,openinverter.org/wiki/Renault_Zoe_Battery_Pack + pushevs.com,
Renault Zoe Gen1 (22/41 kWh),SolaX X1 Hybrid,in_catalog,yes,protocol_verified,,"Renault 295B0-xxx (Q210/R240 22 kWh, R90/Q90 ZE40 41 kWh)",2013-2019,,15.0.14,HW3.1,openinverter.org/wiki/Renault_Zoe_Battery_Pack + pushevs.com,
Renault Zoe Gen1 (22/41 kWh),SolaX X1 Hybrid G4,in_catalog,yes,protocol_verified,,"Renault 295B0-xxx (Q210/R240 22 kWh, R90/Q90 ZE40 41 kWh)",2013-2019,,15.0.14,HW3.1,openinverter.org/wiki/Renault_Zoe_Battery_Pack + pushevs.com,
Renault Zoe Gen1 (22/41 kWh),SolaX X3 Hybrid,in_catalog,yes,protocol_verified,,"Renault 295B0-xxx (Q210/R240 22 kWh, R90/Q90 ZE40 41 kWh)",2013-2019,,15.0.14,HW3.1,openinverter.org/wiki/Renault_Zoe_Battery_Pack + pushevs.com,
Renault Zoe Gen1 (22/41 kWh),SolaX X3 Hybrid G4,in_catalog,yes,protocol_verified,,"Renault 295B0-xxx (Q210/R240 22 kWh, R90/Q90 ZE40 41 kWh)",2013-2019,,15.0.14,HW3.1,openinverter.org/wiki/Renault_Zoe_Battery_Pack + pushevs.com,
Renault Zoe Gen1 (22/41 kWh),SolaX X3-Ultra Hybrid,in_catalog,yes,protocol_verified,,"Renault 295B0-xxx (Q210/R240 22 kWh, R90/Q90 ZE40 41 kWh)",2013-2019,,15.0.14,HW3.1,openinverter.org/wiki/Renault_Zoe_Battery_Pack + pushevs.com,
Renault Zoe Gen1 (22/41 kWh),Solis RHI-3P(5-10)K-HVES-5G / S6-EH1P10K-H-US-APST,in_catalog,yes,protocol_verified,,"Renault 295B0-xxx (Q210/R240 22 kWh, R90/Q90 ZE40 41 kWh)",2013-2019,,15.0.14,HW3.1,openinverter.org/wiki/Renault_Zoe_Battery_Pack + pushevs.com,
Renault Zoe Gen1 (22/41 kWh),Solis RHI-3P(5-10)K-HVES-5G / S6-EH3P-(5-10.0K)-H-EU,in_catalog,yes,protocol_verified,,"Renault 295B0-xxx (Q210/R240 22 kWh, R90/Q90 ZE40 41 kWh)",2013-2019,,15.0.14,HW3.1,openinverter.org/wiki/Renault_Zoe_Battery_Pack + pushevs.com,
Renault Zoe Gen1 (22/41 kWh),Solis S5-EH1P (3-6) K-L (5-6 kW 1P US),in_catalog,yes,protocol_verified,,"Renault 295B0-xxx (Q210/R240 22 kWh, R90/Q90 ZE40 41 kWh)",2013-2019,,15.0.14,HW3.1,openinverter.org/wiki/Renault_Zoe_Battery_Pack + pushevs.com,
Renault Zoe Gen1 (22/41 kWh),Solis S6-EH3P(8-15)K-H 8-15 kW 3P (5-6 kW 1P US),in_catalog,yes,protocol_verified,,"Renault 295B0-xxx (Q210/R240 22 kWh, R90/Q90 ZE40 41 kWh)",2013-2019,,15.0.14,HW3.1,openinverter.org/wiki/Renault_Zoe_Battery_Pack + pushevs.com,
Renault Zoe Gen1 (22/41 kWh),Solxpow Solxpow X3 12-20kW,in_catalog,yes,protocol_verified,,"Renault 295B0-xxx (Q210/R240 22 kWh, R90/Q90 ZE40 41 kWh)",2013-2019,,15.0.14,HW3.1,openinverter.org/wiki/Renault_Zoe_Battery_Pack + pushevs.com,
Renault Zoe Gen1 (22/41 kWh),Sungrow SH15T/SH20T/SH25T,in_catalog,yes,protocol_verified,,"Renault 295B0-xxx (Q210/R240 22 kWh, R90/Q90 ZE40 41 kWh)",2013-2019,,15.0.14,HW3.1,openinverter.org/wiki/Renault_Zoe_Battery_Pack + pushevs.com,
Renault Zoe Gen1 (22/41 kWh),Sungrow SH3.0/3.6/4.0/5.0/6.0RS,in_catalog,yes,protocol_verified,,"Renault 295B0-xxx (Q210/R240 22 kWh, R90/Q90 ZE40 41 kWh)",2013-2019,,15.0.14,HW3.1,openinverter.org/wiki/Renault_Zoe_Battery_Pack + pushevs.com,
Renault Zoe Gen1 (22/41 kWh),Sungrow SH5.0/6.0/8.0/10RT,in_catalog,yes,protocol_verified,,"Renault 295B0-xxx (Q210/R240 22 kWh, R90/Q90 ZE40 41 kWh)",2013-2019,,15.0.14,HW3.1,openinverter.org/wiki/Renault_Zoe_Battery_Pack + pushevs.com,
Renault Zoe Gen2 (52 kWh),Afore AF17K-THA 230V,in_catalog,yes,protocol_verified,,"Renault ZE50 pack (LG Chem LGX E78 pouch, 192 cells 96s2p)",2019+ Gen2,,15.0.14,HW3.1,pushevs.com Zoe Gen2 teardown + openinverter,
Renault Zoe Gen2 (52 kWh),Deye SUN-(29.9-50)K-SG01HP3-EU-BM3,in_catalog,yes,protocol_verified,,"Renault ZE50 pack (LG Chem LGX E78 pouch, 192 cells 96s2p)",2019+ Gen2,,15.0.14,HW3.1,pushevs.com Zoe Gen2 teardown + openinverter,
Renault Zoe Gen2 (52 kWh),Deye SUN-(5-20)K-SG01HP3-EU-AM2,in_catalog,yes,protocol_verified,,"Renault ZE50 pack (LG Chem LGX E78 pouch, 192 cells 96s2p)",2019+ Gen2,,15.0.14,HW3.1,pushevs.com Zoe Gen2 teardown + openinverter,
Renault Zoe Gen2 (52 kWh),Felicity T-REX-50KHP3G01,in_catalog,yes,protocol_verified,,"Renault ZE50 pack (LG Chem LGX E78 pouch, 192 cells 96s2p)",2019+ Gen2,,15.0.14,HW3.1,pushevs.com Zoe Gen2 teardown + openinverter,
Renault Zoe Gen2 (52 kWh),Ferroamp EnergyHub,in_catalog,yes,protocol_verified,,"Renault ZE50 pack (LG Chem LGX E78 pouch, 192 cells 96s2p)",2019+ Gen2,,15.0.14,HW3.1,pushevs.com Zoe Gen2 teardown + openinverter,
Renault Zoe Gen2 (52 kWh),FoxESS H1/AC1,in_catalog,yes,protocol_verified,,"Renault ZE50 pack (LG Chem LGX E78 pouch, 192 cells 96s2p)",2019+ Gen2,,15.0.14,HW3.1,pushevs.com Zoe Gen2 teardown + openinverter,
Renault Zoe Gen2 (52 kWh),FoxESS H3 Pro,in_catalog,yes,protocol_verified,,"Renault ZE50 pack (LG Chem LGX E78 pouch, 192 cells 96s2p)",2019+ Gen2,,15.0.14,HW3.1,pushevs.com Zoe Gen2 teardown + openinverter,
Renault Zoe Gen2 (52 kWh),FoxESS H3 Smart,in_catalog,yes,protocol_verified,,"Renault ZE50 pack (LG Chem LGX E78 pouch, 192 cells 96s2p)",2019+ Gen2,,15.0.14,HW3.1,pushevs.com Zoe Gen2 teardown + openinverter,
Renault Zoe Gen2 (52 kWh),FoxESS H3/AC3,in_catalog,yes,protocol_verified,,"Renault ZE50 pack (LG Chem LGX E78 pouch, 192 cells 96s2p)",2019+ Gen2,,15.0.14,HW3.1,pushevs.com Zoe Gen2 teardown + openinverter,
Renault Zoe Gen2 (52 kWh),Fronius Primo Gen24 Plus,in_catalog,yes,protocol_verified,,"Renault ZE50 pack (LG Chem LGX E78 pouch, 192 cells 96s2p)",2019+ Gen2,,15.0.14,HW3.1,pushevs.com Zoe Gen2 teardown + openinverter,
Renault Zoe Gen2 (52 kWh),Fronius Symo Gen24 Plus,in_catalog,yes,protocol_verified,,"Renault ZE50 pack (LG Chem LGX E78 pouch, 192 cells 96s2p)",2019+ Gen2,,15.0.14,HW3.1,pushevs.com Zoe Gen2 teardown + openinverter,
Renault Zoe Gen2 (52 kWh),Fronius Symo Hybrid 3.0/4.0/5.0-3-S,in_catalog,yes,protocol_verified,,"Renault ZE50 pack (LG Chem LGX E78 pouch, 192 cells 96s2p)",2019+ Gen2,,15.0.14,HW3.1,pushevs.com Zoe Gen2 teardown + openinverter,
Renault Zoe Gen2 (52 kWh),Fronius Verto Plus 15-33kW,in_catalog,yes,protocol_verified,,"Renault ZE50 pack (LG Chem LGX E78 pouch, 192 cells 96s2p)",2019+ Gen2,,15.0.14,HW3.1,pushevs.com Zoe Gen2 teardown + openinverter,
Renault Zoe Gen2 (52 kWh),GoodWe A-ES hybrid inverter (America Split Phase),in_catalog,yes,protocol_verified,,"Renault ZE50 pack (LG Chem LGX E78 pouch, 192 cells 96s2p)",2019+ Gen2,,15.0.14,HW3.1,pushevs.com Zoe Gen2 teardown + openinverter,
Renault Zoe Gen2 (52 kWh),GoodWe BH AC battery inverter,in_catalog,yes,protocol_verified,,"Renault ZE50 pack (LG Chem LGX E78 pouch, 192 cells 96s2p)",2019+ Gen2,,15.0.14,HW3.1,pushevs.com Zoe Gen2 teardown + openinverter,
Renault Zoe Gen2 (52 kWh),GoodWe BT AC battery inverter,in_catalog,yes,protocol_verified,,"Renault ZE50 pack (LG Chem LGX E78 pouch, 192 cells 96s2p)",2019+ Gen2,,15.0.14,HW3.1,pushevs.com Zoe Gen2 teardown + openinverter,
Renault Zoe Gen2 (52 kWh),GoodWe EH hybrid solar,in_catalog,yes,protocol_verified,,"Renault ZE50 pack (LG Chem LGX E78 pouch, 192 cells 96s2p)",2019+ Gen2,,15.0.14,HW3.1,pushevs.com Zoe Gen2 teardown + openinverter,
Renault Zoe Gen2 (52 kWh),GoodWe EHB high voltage battery,in_catalog,yes,protocol_verified,,"Renault ZE50 pack (LG Chem LGX E78 pouch, 192 cells 96s2p)",2019+ Gen2,,15.0.14,HW3.1,pushevs.com Zoe Gen2 teardown + openinverter,
Renault Zoe Gen2 (52 kWh),GoodWe EHB hybrid inverter (South Africa only),in_catalog,yes,protocol_verified,,"Renault ZE50 pack (LG Chem LGX E78 pouch, 192 cells 96s2p)",2019+ Gen2,,15.0.14,HW3.1,pushevs.com Zoe Gen2 teardown + openinverter,
Renault Zoe Gen2 (52 kWh),GoodWe ES hybrid solar,in_catalog,yes,protocol_verified,,"Renault ZE50 pack (LG Chem LGX E78 pouch, 192 cells 96s2p)",2019+ Gen2,,15.0.14,HW3.1,pushevs.com Zoe Gen2 teardown + openinverter,
Renault Zoe Gen2 (52 kWh),GoodWe ET hybrid solar,in_catalog,yes,protocol_verified,,"Renault ZE50 pack (LG Chem LGX E78 pouch, 192 cells 96s2p)",2019+ Gen2,,15.0.14,HW3.1,pushevs.com Zoe Gen2 teardown + openinverter,
Renault Zoe Gen2 (52 kWh),GoodWe SBP battery inverter,in_catalog,yes,protocol_verified,,"Renault ZE50 pack (LG Chem LGX E78 pouch, 192 cells 96s2p)",2019+ Gen2,,15.0.14,HW3.1,pushevs.com Zoe Gen2 teardown + openinverter,
Renault Zoe Gen2 (52 kWh),Growatt HV Growatt SPH,in_catalog,yes,protocol_verified,,"Renault ZE50 pack (LG Chem LGX E78 pouch, 192 cells 96s2p)",2019+ Gen2,,15.0.14,HW3.1,pushevs.com Zoe Gen2 teardown + openinverter,
Renault Zoe Gen2 (52 kWh),Growatt HV Growatt SPH (TL3-BH-UP) (5-10kW 3P),in_catalog,yes,protocol_verified,,"Renault ZE50 pack (LG Chem LGX E78 pouch, 192 cells 96s2p)",2019+ Gen2,,15.0.14,HW3.1,pushevs.com Zoe Gen2 teardown + openinverter,
Renault Zoe Gen2 (52 kWh),Growatt LV Growatt SPH (4.6-10) (TL3-BH) (5-10kW 3P),in_catalog,yes,protocol_verified,,"Renault ZE50 pack (LG Chem LGX E78 pouch, 192 cells 96s2p)",2019+ Gen2,,15.0.14,HW3.1,pushevs.com Zoe Gen2 teardown + openinverter,
Renault Zoe Gen2 (52 kWh),Growatt WIT 50-100K-HU,in_catalog,yes,protocol_verified,,"Renault ZE50 pack (LG Chem LGX E78 pouch, 192 cells 96s2p)",2019+ Gen2,,15.0.14,HW3.1,pushevs.com Zoe Gen2 teardown + openinverter,
Renault Zoe Gen2 (52 kWh),Growatt WIT 50-100K-HU (TL3-BH-UP) (5-10kW 3P),in_catalog,yes,protocol_verified,,"Renault ZE50 pack (LG Chem LGX E78 pouch, 192 cells 96s2p)",2019+ Gen2,,15.0.14,HW3.1,pushevs.com Zoe Gen2 teardown + openinverter,
Renault Zoe Gen2 (52 kWh),Hoymiles HYT/HAT-HV,in_catalog,yes,protocol_verified,,"Renault ZE50 pack (LG Chem LGX E78 pouch, 192 cells 96s2p)",2019+ Gen2,,15.0.14,HW3.1,pushevs.com Zoe Gen2 teardown + openinverter,
Renault Zoe Gen2 (52 kWh),Huawei SUN2000-(2-6)KTL-L1 (400V),in_catalog,yes,protocol_verified,,"Renault ZE50 pack (LG Chem LGX E78 pouch, 192 cells 96s2p)",2019+ Gen2,,15.0.14,HW3.1,pushevs.com Zoe Gen2 teardown + openinverter,
Renault Zoe Gen2 (52 kWh),Huawei SUN2000-(3-20)K-MB0 (400V),in_catalog,yes,protocol_verified,,"Renault ZE50 pack (LG Chem LGX E78 pouch, 192 cells 96s2p)",2019+ Gen2,,15.0.14,HW3.1,pushevs.com Zoe Gen2 teardown + openinverter,
Renault Zoe Gen2 (52 kWh),Kostal Plenticore Plus (3.0-10),in_catalog,yes,protocol_verified,,"Renault ZE50 pack (LG Chem LGX E78 pouch, 192 cells 96s2p)",2019+ Gen2,,15.0.14,HW3.1,pushevs.com Zoe Gen2 teardown + openinverter,
Renault Zoe Gen2 (52 kWh),Maple Leaf Northern Fox H1-H3-AC1-KH,in_catalog,yes,protocol_verified,,"Renault ZE50 pack (LG Chem LGX E78 pouch, 192 cells 96s2p)",2019+ Gen2,,15.0.14,HW3.1,pushevs.com Zoe Gen2 teardown + openinverter,
Renault Zoe Gen2 (52 kWh),SAJ H2 Hybrid (3-12)K-S2,in_catalog,yes,protocol_verified,,"Renault ZE50 pack (LG Chem LGX E78 pouch, 192 cells 96s2p)",2019+ Gen2,,15.0.14,HW3.1,pushevs.com Zoe Gen2 teardown + openinverter,
Renault Zoe Gen2 (52 kWh),SMA Sunny Boy Smart Energy 3.6 / 4.0 / 5.0 / 6.0-50 Hybrid Inverter,in_catalog,yes,protocol_verified,,"Renault ZE50 pack (LG Chem LGX E78 pouch, 192 cells 96s2p)",2019+ Gen2,,15.0.14,HW3.1,pushevs.com Zoe Gen2 teardown + openinverter,
Renault Zoe Gen2 (52 kWh),SMA Sunny Boy Smart Energy 3.6-6.0,in_catalog,yes,protocol_verified,,"Renault ZE50 pack (LG Chem LGX E78 pouch, 192 cells 96s2p)",2019+ Gen2,,15.0.14,HW3.1,pushevs.com Zoe Gen2 teardown + openinverter,
Renault Zoe Gen2 (52 kWh),SMA Sunny Boy Storage 2.5,in_catalog,yes,protocol_verified,,"Renault ZE50 pack (LG Chem LGX E78 pouch, 192 cells 96s2p)",2019+ Gen2,,15.0.14,HW3.1,pushevs.com Zoe Gen2 teardown + openinverter,
Renault Zoe Gen2 (52 kWh),SMA Sunny Boy Storage 2.5 / 3.7 / 5.0 / 6.0,in_catalog,yes,protocol_verified,,"Renault ZE50 pack (LG Chem LGX E78 pouch, 192 cells 96s2p)",2019+ Gen2,,15.0.14,HW3.1,pushevs.com Zoe Gen2 teardown + openinverter,
Renault Zoe Gen2 (52 kWh),SMA Sunny Tripower Smart 5.0-10.0 SE,in_catalog,yes,protocol_verified,,"Renault ZE50 pack (LG Chem LGX E78 pouch, 192 cells 96s2p)",2019+ Gen2,,15.0.14,HW3.1,pushevs.com Zoe Gen2 teardown + openinverter,
Renault Zoe Gen2 (52 kWh),SMA Sunny Tripower X,in_catalog,yes,protocol_verified,,"Renault ZE50 pack (LG Chem LGX E78 pouch, 192 cells 96s2p)",2019+ Gen2,,15.0.14,HW3.1,pushevs.com Zoe Gen2 teardown + openinverter,
Renault Zoe Gen2 (52 kWh),Sofar 5K...20KTL-3PH,in_catalog,yes,protocol_verified,,"Renault ZE50 pack (LG Chem LGX E78 pouch, 192 cells 96s2p)",2019+ Gen2,,15.0.14,HW3.1,pushevs.com Zoe Gen2 teardown + openinverter,
Renault Zoe Gen2 (52 kWh),Sofar HYD (3-20)KTL-3PH,in_catalog,yes,protocol_verified,,"Renault ZE50 pack (LG Chem LGX E78 pouch, 192 cells 96s2p)",2019+ Gen2,,15.0.14,HW3.1,pushevs.com Zoe Gen2 teardown + openinverter,
Renault Zoe Gen2 (52 kWh),SolaX X1 Hybrid,in_catalog,yes,protocol_verified,,"Renault ZE50 pack (LG Chem LGX E78 pouch, 192 cells 96s2p)",2019+ Gen2,,15.0.14,HW3.1,pushevs.com Zoe Gen2 teardown + openinverter,
Renault Zoe Gen2 (52 kWh),SolaX X1 Hybrid G4,in_catalog,yes,protocol_verified,,"Renault ZE50 pack (LG Chem LGX E78 pouch, 192 cells 96s2p)",2019+ Gen2,,15.0.14,HW3.1,pushevs.com Zoe Gen2 teardown + openinverter,
Renault Zoe Gen2 (52 kWh),SolaX X3 Hybrid,in_catalog,yes,protocol_verified,,"Renault ZE50 pack (LG Chem LGX E78 pouch, 192 cells 96s2p)",2019+ Gen2,,15.0.14,HW3.1,pushevs.com Zoe Gen2 teardown + openinverter,
Renault Zoe Gen2 (52 kWh),SolaX X3 Hybrid G4,in_catalog,yes,protocol_verified,,"Renault ZE50 pack (LG Chem LGX E78 pouch, 192 cells 96s2p)",2019+ Gen2,,15.0.14,HW3.1,pushevs.com Zoe Gen2 teardown + openinverter,
Renault Zoe Gen2 (52 kWh),SolaX X3-Ultra Hybrid,in_catalog,yes,protocol_verified,,"Renault ZE50 pack (LG Chem LGX E78 pouch, 192 cells 96s2p)",2019+ Gen2,,15.0.14,HW3.1,pushevs.com Zoe Gen2 teardown + openinverter,
Renault Zoe Gen2 (52 kWh),Solis RHI-3P(5-10)K-HVES-5G / S6-EH1P10K-H-US-APST,in_catalog,yes,protocol_verified,,"Renault ZE50 pack (LG Chem LGX E78 pouch, 192 cells 96s2p)",2019+ Gen2,,15.0.14,HW3.1,pushevs.com Zoe Gen2 teardown + openinverter,
Renault Zoe Gen2 (52 kWh),Solis RHI-3P(5-10)K-HVES-5G / S6-EH3P-(5-10.0K)-H-EU,in_catalog,yes,protocol_verified,,"Renault ZE50 pack (LG Chem LGX E78 pouch, 192 cells 96s2p)",2019+ Gen2,,15.0.14,HW3.1,pushevs.com Zoe Gen2 teardown + openinverter,
Renault Zoe Gen2 (52 kWh),Solis S5-EH1P (3-6) K-L (5-6 kW 1P US),in_catalog,yes,protocol_verified,,"Renault ZE50 pack (LG Chem LGX E78 pouch, 192 cells 96s2p)",2019+ Gen2,,15.0.14,HW3.1,pushevs.com Zoe Gen2 teardown + openinverter,
Renault Zoe Gen2 (52 kWh),Solis S6-EH3P(8-15)K-H 8-15 kW 3P (5-6 kW 1P US),in_catalog,yes,protocol_verified,,"Renault ZE50 pack (LG Chem LGX E78 pouch, 192 cells 96s2p)",2019+ Gen2,,15.0.14,HW3.1,pushevs.com Zoe Gen2 teardown + openinverter,
Renault Zoe Gen2 (52 kWh),Solxpow Solxpow X3 12-20kW,in_catalog,yes,protocol_verified,,"Renault ZE50 pack (LG Chem LGX E78 pouch, 192 cells 96s2p)",2019+ Gen2,,15.0.14,HW3.1,pushevs.com Zoe Gen2 teardown + openinverter,
Renault Zoe Gen2 (52 kWh),Sungrow SH15T/SH20T/SH25T,in_catalog,yes,protocol_verified,,"Renault ZE50 pack (LG Chem LGX E78 pouch, 192 cells 96s2p)",2019+ Gen2,,15.0.14,HW3.1,pushevs.com Zoe Gen2 teardown + openinverter,
Renault Zoe Gen2 (52 kWh),Sungrow SH3.0/3.6/4.0/5.0/6.0RS,in_catalog,yes,protocol_verified,,"Renault ZE50 pack (LG Chem LGX E78 pouch, 192 cells 96s2p)",2019+ Gen2,,15.0.14,HW3.1,pushevs.com Zoe Gen2 teardown + openinverter,
Renault Zoe Gen2 (52 kWh),Sungrow SH5.0/6.0/8.0/10RT,in_catalog,yes,protocol_verified,,"Renault ZE50 pack (LG Chem LGX E78 pouch, 192 cells 96s2p)",2019+ Gen2,,15.0.14,HW3.1,pushevs.com Zoe Gen2 teardown + openinverter,
Rivian R1T (135 kWh),Afore AF17K-THA 230V,in_catalog,yes,protocol_verified,,Rivian R1T pack (135 kWh Samsung SDI 21700 NCA),2021+,,15.0.14,HW3.1,Rivian technical documentation + dalathegreat/Battery-Emulator Rivian wiki,
Rivian R1T (135 kWh),Deye SUN-(29.9-50)K-SG01HP3-EU-BM3,in_catalog,yes,protocol_verified,,Rivian R1T pack (135 kWh Samsung SDI 21700 NCA),2021+,,15.0.14,HW3.1,Rivian technical documentation + dalathegreat/Battery-Emulator Rivian wiki,
Rivian R1T (135 kWh),Deye SUN-(5-20)K-SG01HP3-EU-AM2,in_catalog,yes,protocol_verified,,Rivian R1T pack (135 kWh Samsung SDI 21700 NCA),2021+,,15.0.14,HW3.1,Rivian technical documentation + dalathegreat/Battery-Emulator Rivian wiki,
Rivian R1T (135 kWh),Felicity T-REX-50KHP3G01,in_catalog,yes,protocol_verified,,Rivian R1T pack (135 kWh Samsung SDI 21700 NCA),2021+,,15.0.14,HW3.1,Rivian technical documentation + dalathegreat/Battery-Emulator Rivian wiki,
Rivian R1T (135 kWh),Ferroamp EnergyHub,in_catalog,yes,protocol_verified,,Rivian R1T pack (135 kWh Samsung SDI 21700 NCA),2021+,,15.0.14,HW3.1,Rivian technical documentation + dalathegreat/Battery-Emulator Rivian wiki,
Rivian R1T (135 kWh),FoxESS H1/AC1,in_catalog,yes,protocol_verified,,Rivian R1T pack (135 kWh Samsung SDI 21700 NCA),2021+,,15.0.14,HW3.1,Rivian technical documentation + dalathegreat/Battery-Emulator Rivian wiki,
Rivian R1T (135 kWh),FoxESS H3 Pro,in_catalog,yes,protocol_verified,,Rivian R1T pack (135 kWh Samsung SDI 21700 NCA),2021+,,15.0.14,HW3.1,Rivian technical documentation + dalathegreat/Battery-Emulator Rivian wiki,
Rivian R1T (135 kWh),FoxESS H3 Smart,in_catalog,yes,protocol_verified,,Rivian R1T pack (135 kWh Samsung SDI 21700 NCA),2021+,,15.0.14,HW3.1,Rivian technical documentation + dalathegreat/Battery-Emulator Rivian wiki,
Rivian R1T (135 kWh),FoxESS H3/AC3,in_catalog,yes,protocol_verified,,Rivian R1T pack (135 kWh Samsung SDI 21700 NCA),2021+,,15.0.14,HW3.1,Rivian technical documentation + dalathegreat/Battery-Emulator Rivian wiki,
Rivian R1T (135 kWh),Fronius Primo Gen24 Plus,in_catalog,yes,protocol_verified,,Rivian R1T pack (135 kWh Samsung SDI 21700 NCA),2021+,,15.0.14,HW3.1,Rivian technical documentation + dalathegreat/Battery-Emulator Rivian wiki,
Rivian R1T (135 kWh),Fronius Symo Gen24 Plus,in_catalog,yes,protocol_verified,,Rivian R1T pack (135 kWh Samsung SDI 21700 NCA),2021+,,15.0.14,HW3.1,Rivian technical documentation + dalathegreat/Battery-Emulator Rivian wiki,
Rivian R1T (135 kWh),Fronius Symo Hybrid 3.0/4.0/5.0-3-S,in_catalog,yes,protocol_verified,,Rivian R1T pack (135 kWh Samsung SDI 21700 NCA),2021+,,15.0.14,HW3.1,Rivian technical documentation + dalathegreat/Battery-Emulator Rivian wiki,
Rivian R1T (135 kWh),Fronius Verto Plus 15-33kW,in_catalog,yes,protocol_verified,,Rivian R1T pack (135 kWh Samsung SDI 21700 NCA),2021+,,15.0.14,HW3.1,Rivian technical documentation + dalathegreat/Battery-Emulator Rivian wiki,
Rivian R1T (135 kWh),GoodWe A-ES hybrid inverter (America Split Phase),in_catalog,yes,protocol_verified,,Rivian R1T pack (135 kWh Samsung SDI 21700 NCA),2021+,,15.0.14,HW3.1,Rivian technical documentation + dalathegreat/Battery-Emulator Rivian wiki,
Rivian R1T (135 kWh),GoodWe BH AC battery inverter,in_catalog,yes,protocol_verified,,Rivian R1T pack (135 kWh Samsung SDI 21700 NCA),2021+,,15.0.14,HW3.1,Rivian technical documentation + dalathegreat/Battery-Emulator Rivian wiki,
Rivian R1T (135 kWh),GoodWe BT AC battery inverter,in_catalog,yes,protocol_verified,,Rivian R1T pack (135 kWh Samsung SDI 21700 NCA),2021+,,15.0.14,HW3.1,Rivian technical documentation + dalathegreat/Battery-Emulator Rivian wiki,
Rivian R1T (135 kWh),GoodWe EH hybrid solar,in_catalog,yes,protocol_verified,,Rivian R1T pack (135 kWh Samsung SDI 21700 NCA),2021+,,15.0.14,HW3.1,Rivian technical documentation + dalathegreat/Battery-Emulator Rivian wiki,
Rivian R1T (135 kWh),GoodWe EHB high voltage battery,in_catalog,yes,protocol_verified,,Rivian R1T pack (135 kWh Samsung SDI 21700 NCA),2021+,,15.0.14,HW3.1,Rivian technical documentation + dalathegreat/Battery-Emulator Rivian wiki,
Rivian R1T (135 kWh),GoodWe EHB hybrid inverter (South Africa only),in_catalog,yes,protocol_verified,,Rivian R1T pack (135 kWh Samsung SDI 21700 NCA),2021+,,15.0.14,HW3.1,Rivian technical documentation + dalathegreat/Battery-Emulator Rivian wiki,
Rivian R1T (135 kWh),GoodWe ES hybrid solar,in_catalog,yes,protocol_verified,,Rivian R1T pack (135 kWh Samsung SDI 21700 NCA),2021+,,15.0.14,HW3.1,Rivian technical documentation + dalathegreat/Battery-Emulator Rivian wiki,
Rivian R1T (135 kWh),GoodWe ET hybrid solar,in_catalog,yes,protocol_verified,,Rivian R1T pack (135 kWh Samsung SDI 21700 NCA),2021+,,15.0.14,HW3.1,Rivian technical documentation + dalathegreat/Battery-Emulator Rivian wiki,
Rivian R1T (135 kWh),GoodWe SBP battery inverter,in_catalog,yes,protocol_verified,,Rivian R1T pack (135 kWh Samsung SDI 21700 NCA),2021+,,15.0.14,HW3.1,Rivian technical documentation + dalathegreat/Battery-Emulator Rivian wiki,
Rivian R1T (135 kWh),Growatt HV Growatt SPH,in_catalog,yes,protocol_verified,,Rivian R1T pack (135 kWh Samsung SDI 21700 NCA),2021+,,15.0.14,HW3.1,Rivian technical documentation + dalathegreat/Battery-Emulator Rivian wiki,
Rivian R1T (135 kWh),Growatt HV Growatt SPH (TL3-BH-UP) (5-10kW 3P),in_catalog,yes,protocol_verified,,Rivian R1T pack (135 kWh Samsung SDI 21700 NCA),2021+,,15.0.14,HW3.1,Rivian technical documentation + dalathegreat/Battery-Emulator Rivian wiki,
Rivian R1T (135 kWh),Growatt LV Growatt SPH (4.6-10) (TL3-BH) (5-10kW 3P),in_catalog,yes,protocol_verified,,Rivian R1T pack (135 kWh Samsung SDI 21700 NCA),2021+,,15.0.14,HW3.1,Rivian technical documentation + dalathegreat/Battery-Emulator Rivian wiki,
Rivian R1T (135 kWh),Growatt WIT 50-100K-HU,in_catalog,yes,protocol_verified,,Rivian R1T pack (135 kWh Samsung SDI 21700 NCA),2021+,,15.0.14,HW3.1,Rivian technical documentation + dalathegreat/Battery-Emulator Rivian wiki,
Rivian R1T (135 kWh),Growatt WIT 50-100K-HU (TL3-BH-UP) (5-10kW 3P),in_catalog,yes,protocol_verified,,Rivian R1T pack (135 kWh Samsung SDI 21700 NCA),2021+,,15.0.14,HW3.1,Rivian technical documentation + dalathegreat/Battery-Emulator Rivian wiki,
Rivian R1T (135 kWh),Hoymiles HYT/HAT-HV,in_catalog,yes,protocol_verified,,Rivian R1T pack (135 kWh Samsung SDI 21700 NCA),2021+,,15.0.14,HW3.1,Rivian technical documentation + dalathegreat/Battery-Emulator Rivian wiki,
Rivian R1T (135 kWh),Huawei SUN2000-(2-6)KTL-L1 (400V),in_catalog,yes,protocol_verified,,Rivian R1T pack (135 kWh Samsung SDI 21700 NCA),2021+,,15.0.14,HW3.1,Rivian technical documentation + dalathegreat/Battery-Emulator Rivian wiki,
Rivian R1T (135 kWh),Huawei SUN2000-(3-20)K-MB0 (400V),in_catalog,yes,protocol_verified,,Rivian R1T pack (135 kWh Samsung SDI 21700 NCA),2021+,,15.0.14,HW3.1,Rivian technical documentation + dalathegreat/Battery-Emulator Rivian wiki,
Rivian R1T (135 kWh),Kostal Plenticore Plus (3.0-10),in_catalog,yes,protocol_verified,,Rivian R1T pack (135 kWh Samsung SDI 21700 NCA),2021+,,15.0.14,HW3.1,Rivian technical documentation + dalathegreat/Battery-Emulator Rivian wiki,
Rivian R1T (135 kWh),Maple Leaf Northern Fox H1-H3-AC1-KH,in_catalog,yes,protocol_verified,,Rivian R1T pack (135 kWh Samsung SDI 21700 NCA),2021+,,15.0.14,HW3.1,Rivian technical documentation + dalathegreat/Battery-Emulator Rivian wiki,
Rivian R1T (135 kWh),SAJ H2 Hybrid (3-12)K-S2,in_catalog,yes,protocol_verified,,Rivian R1T pack (135 kWh Samsung SDI 21700 NCA),2021+,,15.0.14,HW3.1,Rivian technical documentation + dalathegreat/Battery-Emulator Rivian wiki,
Rivian R1T (135 kWh),SMA Sunny Boy Smart Energy 3.6 / 4.0 / 5.0 / 6.0-50 Hybrid Inverter,in_catalog,yes,protocol_verified,,Rivian R1T pack (135 kWh Samsung SDI 21700 NCA),2021+,,15.0.14,HW3.1,Rivian technical documentation + dalathegreat/Battery-Emulator Rivian wiki,
Rivian R1T (135 kWh),SMA Sunny Boy Smart Energy 3.6-6.0,in_catalog,yes,protocol_verified,,Rivian R1T pack (135 kWh Samsung SDI 21700 NCA),2021+,,15.0.14,HW3.1,Rivian technical documentation + dalathegreat/Battery-Emulator Rivian wiki,
Rivian R1T (135 kWh),SMA Sunny Boy Storage 2.5,in_catalog,yes,protocol_verified,,Rivian R1T pack (135 kWh Samsung SDI 21700 NCA),2021+,,15.0.14,HW3.1,Rivian technical documentation + dalathegreat/Battery-Emulator Rivian wiki,
Rivian R1T (135 kWh),SMA Sunny Boy Storage 2.5 / 3.7 / 5.0 / 6.0,in_catalog,yes,protocol_verified,,Rivian R1T pack (135 kWh Samsung SDI 21700 NCA),2021+,,15.0.14,HW3.1,Rivian technical documentation + dalathegreat/Battery-Emulator Rivian wiki,
Rivian R1T (135 kWh),SMA Sunny Tripower Smart 5.0-10.0 SE,in_catalog,yes,protocol_verified,,Rivian R1T pack (135 kWh Samsung SDI 21700 NCA),2021+,,15.0.14,HW3.1,Rivian technical documentation + dalathegreat/Battery-Emulator Rivian wiki,
Rivian R1T (135 kWh),SMA Sunny Tripower X,in_catalog,yes,protocol_verified,,Rivian R1T pack (135 kWh Samsung SDI 21700 NCA),2021+,,15.0.14,HW3.1,Rivian technical documentation + dalathegreat/Battery-Emulator Rivian wiki,
Rivian R1T (135 kWh),Sofar 5K...20KTL-3PH,in_catalog,yes,protocol_verified,,Rivian R1T pack (135 kWh Samsung SDI 21700 NCA),2021+,,15.0.14,HW3.1,Rivian technical documentation + dalathegreat/Battery-Emulator Rivian wiki,
Rivian R1T (135 kWh),Sofar HYD (3-20)KTL-3PH,in_catalog,yes,protocol_verified,,Rivian R1T pack (135 kWh Samsung SDI 21700 NCA),2021+,,15.0.14,HW3.1,Rivian technical documentation + dalathegreat/Battery-Emulator Rivian wiki,
Rivian R1T (135 kWh),SolaX X1 Hybrid,in_catalog,yes,protocol_verified,,Rivian R1T pack (135 kWh Samsung SDI 21700 NCA),2021+,,15.0.14,HW3.1,Rivian technical documentation + dalathegreat/Battery-Emulator Rivian wiki,
Rivian R1T (135 kWh),SolaX X1 Hybrid G4,in_catalog,yes,protocol_verified,,Rivian R1T pack (135 kWh Samsung SDI 21700 NCA),2021+,,15.0.14,HW3.1,Rivian technical documentation + dalathegreat/Battery-Emulator Rivian wiki,
Rivian R1T (135 kWh),SolaX X3 Hybrid,in_catalog,yes,protocol_verified,,Rivian R1T pack (135 kWh Samsung SDI 21700 NCA),2021+,,15.0.14,HW3.1,Rivian technical documentation + dalathegreat/Battery-Emulator Rivian wiki,
Rivian R1T (135 kWh),SolaX X3 Hybrid G4,in_catalog,yes,protocol_verified,,Rivian R1T pack (135 kWh Samsung SDI 21700 NCA),2021+,,15.0.14,HW3.1,Rivian technical documentation + dalathegreat/Battery-Emulator Rivian wiki,
Rivian R1T (135 kWh),SolaX X3-Ultra Hybrid,in_catalog,yes,protocol_verified,,Rivian R1T pack (135 kWh Samsung SDI 21700 NCA),2021+,,15.0.14,HW3.1,Rivian technical documentation + dalathegreat/Battery-Emulator Rivian wiki,
Rivian R1T (135 kWh),Solis RHI-3P(5-10)K-HVES-5G / S6-EH1P10K-H-US-APST,in_catalog,yes,protocol_verified,,Rivian R1T pack (135 kWh Samsung SDI 21700 NCA),2021+,,15.0.14,HW3.1,Rivian technical documentation + dalathegreat/Battery-Emulator Rivian wiki,
Rivian R1T (135 kWh),Solis RHI-3P(5-10)K-HVES-5G / S6-EH3P-(5-10.0K)-H-EU,in_catalog,yes,protocol_verified,,Rivian R1T pack (135 kWh Samsung SDI 21700 NCA),2021+,,15.0.14,HW3.1,Rivian technical documentation + dalathegreat/Battery-Emulator Rivian wiki,
Rivian R1T (135 kWh),Solis S5-EH1P (3-6) K-L (5-6 kW 1P US),in_catalog,yes,protocol_verified,,Rivian R1T pack (135 kWh Samsung SDI 21700 NCA),2021+,,15.0.14,HW3.1,Rivian technical documentation + dalathegreat/Battery-Emulator Rivian wiki,
Rivian R1T (135 kWh),Solis S6-EH3P(8-15)K-H 8-15 kW 3P (5-6 kW 1P US),in_catalog,yes,protocol_verified,,Rivian R1T pack (135 kWh Samsung SDI 21700 NCA),2021+,,15.0.14,HW3.1,Rivian technical documentation + dalathegreat/Battery-Emulator Rivian wiki,
Rivian R1T (135 kWh),Solxpow Solxpow X3 12-20kW,in_catalog,yes,protocol_verified,,Rivian R1T pack (135 kWh Samsung SDI 21700 NCA),2021+,,15.0.14,HW3.1,Rivian technical documentation + dalathegreat/Battery-Emulator Rivian wiki,
Rivian R1T (135 kWh),Sungrow SH15T/SH20T/SH25T,in_catalog,yes,protocol_verified,,Rivian R1T pack (135 kWh Samsung SDI 21700 NCA),2021+,,15.0.14,HW3.1,Rivian technical documentation + dalathegreat/Battery-Emulator Rivian wiki,
Rivian R1T (135 kWh),Sungrow SH3.0/3.6/4.0/5.0/6.0RS,in_catalog,yes,protocol_verified,,Rivian R1T pack (135 kWh Samsung SDI 21700 NCA),2021+,,15.0.14,HW3.1,Rivian technical documentation + dalathegreat/Battery-Emulator Rivian wiki,
Rivian R1T (135 kWh),Sungrow SH5.0/6.0/8.0/10RT,in_catalog,yes,protocol_verified,,Rivian R1T pack (135 kWh Samsung SDI 21700 NCA),2021+,,15.0.14,HW3.1,Rivian technical documentation + dalathegreat/Battery-Emulator Rivian wiki,
Tesla Model 3 & Y (all sizes) (All),Afore AF17K-THA 230V,in_catalog,yes,protocol_verified,,Tesla 1088593-00-A (LR NCA 75 kWh 96s46p) / 1096005-00-A (LFP 60 kWh 106s1p),"2018+ NCA, 2021+ LFP, 2024+ Highland refresh",,15.0.14,HW3.1,dalathegreat/Battery-Emulator TESLA-BATTERY.cpp,
Tesla Model 3 & Y (all sizes) (All),Deye SUN-(29.9-50)K-SG01HP3-EU-BM3,in_catalog,yes,protocol_verified,,Tesla 1088593-00-A (LR NCA 75 kWh 96s46p) / 1096005-00-A (LFP 60 kWh 106s1p),"2018+ NCA, 2021+ LFP, 2024+ Highland refresh",,15.0.14,HW3.1,dalathegreat/Battery-Emulator TESLA-BATTERY.cpp,
Tesla Model 3 & Y (all sizes) (All),Deye SUN-(5-20)K-SG01HP3-EU-AM2,in_catalog,yes,protocol_verified,,Tesla 1088593-00-A (LR NCA 75 kWh 96s46p) / 1096005-00-A (LFP 60 kWh 106s1p),"2018+ NCA, 2021+ LFP, 2024+ Highland refresh",,15.0.14,HW3.1,dalathegreat/Battery-Emulator TESLA-BATTERY.cpp,
Tesla Model 3 & Y (all sizes) (All),Felicity T-REX-50KHP3G01,in_catalog,yes,protocol_verified,,Tesla 1088593-00-A (LR NCA 75 kWh 96s46p) / 1096005-00-A (LFP 60 kWh 106s1p),"2018+ NCA, 2021+ LFP, 2024+ Highland refresh",,15.0.14,HW3.1,dalathegreat/Battery-Emulator TESLA-BATTERY.cpp,
Tesla Model 3 & Y (all sizes) (All),Ferroamp EnergyHub,in_catalog,yes,protocol_verified,,Tesla 1088593-00-A (LR NCA 75 kWh 96s46p) / 1096005-00-A (LFP 60 kWh 106s1p),"2018+ NCA, 2021+ LFP, 2024+ Highland refresh",,15.0.14,HW3.1,dalathegreat/Battery-Emulator TESLA-BATTERY.cpp,
Tesla Model 3 & Y (all sizes) (All),FoxESS H1/AC1,in_catalog,yes,protocol_verified,,Tesla 1088593-00-A (LR NCA 75 kWh 96s46p) / 1096005-00-A (LFP 60 kWh 106s1p),"2018+ NCA, 2021+ LFP, 2024+ Highland refresh",,15.0.14,HW3.1,dalathegreat/Battery-Emulator TESLA-BATTERY.cpp,
Tesla Model 3 & Y (all sizes) (All),FoxESS H3 Pro,in_catalog,yes,protocol_verified,,Tesla 1088593-00-A (LR NCA 75 kWh 96s46p) / 1096005-00-A (LFP 60 kWh 106s1p),"2018+ NCA, 2021+ LFP, 2024+ Highland refresh",,15.0.14,HW3.1,dalathegreat/Battery-Emulator TESLA-BATTERY.cpp,
Tesla Model 3 & Y (all sizes) (All),FoxESS H3 Smart,in_catalog,yes,protocol_verified,,Tesla 1088593-00-A (LR NCA 75 kWh 96s46p) / 1096005-00-A (LFP 60 kWh 106s1p),"2018+ NCA, 2021+ LFP, 2024+ Highland refresh",,15.0.14,HW3.1,dalathegreat/Battery-Emulator TESLA-BATTERY.cpp,
Tesla Model 3 & Y (all sizes) (All),FoxESS H3/AC3,in_catalog,yes,protocol_verified,,Tesla 1088593-00-A (LR NCA 75 kWh 96s46p) / 1096005-00-A (LFP 60 kWh 106s1p),"2018+ NCA, 2021+ LFP, 2024+ Highland refresh",,15.0.14,HW3.1,dalathegreat/Battery-Emulator TESLA-BATTERY.cpp,
Tesla Model 3 & Y (all sizes) (All),Fronius Primo Gen24 Plus,in_catalog,yes,protocol_verified,,Tesla 1088593-00-A (LR NCA 75 kWh 96s46p) / 1096005-00-A (LFP 60 kWh 106s1p),"2018+ NCA, 2021+ LFP, 2024+ Highland refresh",,15.0.14,HW3.1,dalathegreat/Battery-Emulator TESLA-BATTERY.cpp,
Tesla Model 3 & Y (all sizes) (All),Fronius Symo Gen24 Plus,in_catalog,yes,protocol_verified,,Tesla 1088593-00-A (LR NCA 75 kWh 96s46p) / 1096005-00-A (LFP 60 kWh 106s1p),"2018+ NCA, 2021+ LFP, 2024+ Highland refresh",,15.0.14,HW3.1,dalathegreat/Battery-Emulator TESLA-BATTERY.cpp,
Tesla Model 3 & Y (all sizes) (All),Fronius Symo Gen24 Plus,in_catalog,yes,protocol_verified,,Tesla 1088593-00-A (LR NCA 75 kWh 96s46p) / 1096005-00-A (LFP 60 kWh 106s1p),"2018+ NCA, 2021+ LFP, 2024+ Highland refresh",,15.0.14,HW3.1,dalathegreat/Battery-Emulator TESLA-BATTERY.cpp,
Tesla Model 3 & Y (all sizes) (All),Fronius Symo Hybrid 3.0/4.0/5.0-3-S,in_catalog,yes,protocol_verified,,Tesla 1088593-00-A (LR NCA 75 kWh 96s46p) / 1096005-00-A (LFP 60 kWh 106s1p),"2018+ NCA, 2021+ LFP, 2024+ Highland refresh",,15.0.14,HW3.1,dalathegreat/Battery-Emulator TESLA-BATTERY.cpp,
Tesla Model 3 & Y (all sizes) (All),Fronius Verto Plus 15-33kW,in_catalog,yes,protocol_verified,,Tesla 1088593-00-A (LR NCA 75 kWh 96s46p) / 1096005-00-A (LFP 60 kWh 106s1p),"2018+ NCA, 2021+ LFP, 2024+ Highland refresh",,15.0.14,HW3.1,dalathegreat/Battery-Emulator TESLA-BATTERY.cpp,
Tesla Model 3 & Y (all sizes) (All),GoodWe A-ES hybrid inverter (America Split Phase),in_catalog,yes,protocol_verified,,Tesla 1088593-00-A (LR NCA 75 kWh 96s46p) / 1096005-00-A (LFP 60 kWh 106s1p),"2018+ NCA, 2021+ LFP, 2024+ Highland refresh",,15.0.14,HW3.1,dalathegreat/Battery-Emulator TESLA-BATTERY.cpp,
Tesla Model 3 & Y (all sizes) (All),GoodWe BH AC battery inverter,in_catalog,yes,protocol_verified,,Tesla 1088593-00-A (LR NCA 75 kWh 96s46p) / 1096005-00-A (LFP 60 kWh 106s1p),"2018+ NCA, 2021+ LFP, 2024+ Highland refresh",,15.0.14,HW3.1,dalathegreat/Battery-Emulator TESLA-BATTERY.cpp,
Tesla Model 3 & Y (all sizes) (All),GoodWe BT AC battery inverter,in_catalog,yes,protocol_verified,,Tesla 1088593-00-A (LR NCA 75 kWh 96s46p) / 1096005-00-A (LFP 60 kWh 106s1p),"2018+ NCA, 2021+ LFP, 2024+ Highland refresh",,15.0.14,HW3.1,dalathegreat/Battery-Emulator TESLA-BATTERY.cpp,
Tesla Model 3 & Y (all sizes) (All),GoodWe EH hybrid solar,in_catalog,yes,protocol_verified,,Tesla 1088593-00-A (LR NCA 75 kWh 96s46p) / 1096005-00-A (LFP 60 kWh 106s1p),"2018+ NCA, 2021+ LFP, 2024+ Highland refresh",,15.0.14,HW3.1,dalathegreat/Battery-Emulator TESLA-BATTERY.cpp,
Tesla Model 3 & Y (all sizes) (All),GoodWe EHB high voltage battery,in_catalog,yes,protocol_verified,,Tesla 1088593-00-A (LR NCA 75 kWh 96s46p) / 1096005-00-A (LFP 60 kWh 106s1p),"2018+ NCA, 2021+ LFP, 2024+ Highland refresh",,15.0.14,HW3.1,dalathegreat/Battery-Emulator TESLA-BATTERY.cpp,
Tesla Model 3 & Y (all sizes) (All),GoodWe EHB hybrid inverter (South Africa only),in_catalog,yes,protocol_verified,,Tesla 1088593-00-A (LR NCA 75 kWh 96s46p) / 1096005-00-A (LFP 60 kWh 106s1p),"2018+ NCA, 2021+ LFP, 2024+ Highland refresh",,15.0.14,HW3.1,dalathegreat/Battery-Emulator TESLA-BATTERY.cpp,
Tesla Model 3 & Y (all sizes) (All),GoodWe ES hybrid solar,in_catalog,yes,protocol_verified,,Tesla 1088593-00-A (LR NCA 75 kWh 96s46p) / 1096005-00-A (LFP 60 kWh 106s1p),"2018+ NCA, 2021+ LFP, 2024+ Highland refresh",,15.0.14,HW3.1,dalathegreat/Battery-Emulator TESLA-BATTERY.cpp,
Tesla Model 3 & Y (all sizes) (All),GoodWe ET hybrid solar,in_catalog,yes,protocol_verified,,Tesla 1088593-00-A (LR NCA 75 kWh 96s46p) / 1096005-00-A (LFP 60 kWh 106s1p),"2018+ NCA, 2021+ LFP, 2024+ Highland refresh",,15.0.14,HW3.1,dalathegreat/Battery-Emulator TESLA-BATTERY.cpp,
Tesla Model 3 & Y (all sizes) (All),GoodWe SBP battery inverter,in_catalog,yes,protocol_verified,,Tesla 1088593-00-A (LR NCA 75 kWh 96s46p) / 1096005-00-A (LFP 60 kWh 106s1p),"2018+ NCA, 2021+ LFP, 2024+ Highland refresh",,15.0.14,HW3.1,dalathegreat/Battery-Emulator TESLA-BATTERY.cpp,
Tesla Model 3 & Y (all sizes) (All),Growatt HV Growatt SPH,in_catalog,yes,protocol_verified,,Tesla 1088593-00-A (LR NCA 75 kWh 96s46p) / 1096005-00-A (LFP 60 kWh 106s1p),"2018+ NCA, 2021+ LFP, 2024+ Highland refresh",,15.0.14,HW3.1,dalathegreat/Battery-Emulator TESLA-BATTERY.cpp,
Tesla Model 3 & Y (all sizes) (All),Growatt HV Growatt SPH (TL3-BH-UP) (5-10kW 3P),in_catalog,yes,protocol_verified,,Tesla 1088593-00-A (LR NCA 75 kWh 96s46p) / 1096005-00-A (LFP 60 kWh 106s1p),"2018+ NCA, 2021+ LFP, 2024+ Highland refresh",,15.0.14,HW3.1,dalathegreat/Battery-Emulator TESLA-BATTERY.cpp,
Tesla Model 3 & Y (all sizes) (All),Growatt LV Growatt SPH (4.6-10) (TL3-BH) (5-10kW 3P),in_catalog,yes,protocol_verified,,Tesla 1088593-00-A (LR NCA 75 kWh 96s46p) / 1096005-00-A (LFP 60 kWh 106s1p),"2018+ NCA, 2021+ LFP, 2024+ Highland refresh",,15.0.14,HW3.1,dalathegreat/Battery-Emulator TESLA-BATTERY.cpp,
Tesla Model 3 & Y (all sizes) (All),Growatt WIT 50-100K-HU,in_catalog,yes,protocol_verified,,Tesla 1088593-00-A (LR NCA 75 kWh 96s46p) / 1096005-00-A (LFP 60 kWh 106s1p),"2018+ NCA, 2021+ LFP, 2024+ Highland refresh",,15.0.14,HW3.1,dalathegreat/Battery-Emulator TESLA-BATTERY.cpp,
Tesla Model 3 & Y (all sizes) (All),Growatt WIT 50-100K-HU (TL3-BH-UP) (5-10kW 3P),in_catalog,yes,protocol_verified,,Tesla 1088593-00-A (LR NCA 75 kWh 96s46p) / 1096005-00-A (LFP 60 kWh 106s1p),"2018+ NCA, 2021+ LFP, 2024+ Highland refresh",,15.0.14,HW3.1,dalathegreat/Battery-Emulator TESLA-BATTERY.cpp,
Tesla Model 3 & Y (all sizes) (All),Hoymiles HYT/HAT-HV,in_catalog,yes,protocol_verified,,Tesla 1088593-00-A (LR NCA 75 kWh 96s46p) / 1096005-00-A (LFP 60 kWh 106s1p),"2018+ NCA, 2021+ LFP, 2024+ Highland refresh",,15.0.14,HW3.1,dalathegreat/Battery-Emulator TESLA-BATTERY.cpp,
Tesla Model 3 & Y (all sizes) (All),Huawei SUN2000-(2-6)KTL-L1 (400V),in_catalog,yes,protocol_verified,,Tesla 1088593-00-A (LR NCA 75 kWh 96s46p) / 1096005-00-A (LFP 60 kWh 106s1p),"2018+ NCA, 2021+ LFP, 2024+ Highland refresh",,15.0.14,HW3.1,dalathegreat/Battery-Emulator TESLA-BATTERY.cpp,
Tesla Model 3 & Y (all sizes) (All),Huawei SUN2000-(3-20)K-MB0 (400V),in_catalog,yes,protocol_verified,,Tesla 1088593-00-A (LR NCA 75 kWh 96s46p) / 1096005-00-A (LFP 60 kWh 106s1p),"2018+ NCA, 2021+ LFP, 2024+ Highland refresh",,15.0.14,HW3.1,dalathegreat/Battery-Emulator TESLA-BATTERY.cpp,
Tesla Model 3 & Y (all sizes) (All),Kostal Plenticore Plus (3.0-10),in_catalog,yes,protocol_verified,,Tesla 1088593-00-A (LR NCA 75 kWh 96s46p) / 1096005-00-A (LFP 60 kWh 106s1p),"2018+ NCA, 2021+ LFP, 2024+ Highland refresh",,15.0.14,HW3.1,dalathegreat/Battery-Emulator TESLA-BATTERY.cpp,
Tesla Model 3 & Y (all sizes) (All),Maple Leaf Northern Fox H1-H3-AC1-KH,in_catalog,yes,protocol_verified,,Tesla 1088593-00-A (LR NCA 75 kWh 96s46p) / 1096005-00-A (LFP 60 kWh 106s1p),"2018+ NCA, 2021+ LFP, 2024+ Highland refresh",,15.0.14,HW3.1,dalathegreat/Battery-Emulator TESLA-BATTERY.cpp,
Tesla Model 3 & Y (all sizes) (All),SAJ H2 Hybrid (3-12)K-S2,in_catalog,yes,protocol_verified,,Tesla 1088593-00-A (LR NCA 75 kWh 96s46p) / 1096005-00-A (LFP 60 kWh 106s1p),"2018+ NCA, 2021+ LFP, 2024+ Highland refresh",,15.0.14,HW3.1,dalathegreat/Battery-Emulator TESLA-BATTERY.cpp,
Tesla Model 3 & Y (all sizes) (All),SMA Sunny Boy Smart Energy 3.6 / 4.0 / 5.0 / 6.0-50 Hybrid Inverter,in_catalog,yes,protocol_verified,,Tesla 1088593-00-A (LR NCA 75 kWh 96s46p) / 1096005-00-A (LFP 60 kWh 106s1p),"2018+ NCA, 2021+ LFP, 2024+ Highland refresh",,15.0.14,HW3.1,dalathegreat/Battery-Emulator TESLA-BATTERY.cpp,
Tesla Model 3 & Y (all sizes) (All),SMA Sunny Boy Smart Energy 3.6-6.0,in_catalog,yes,protocol_verified,,Tesla 1088593-00-A (LR NCA 75 kWh 96s46p) / 1096005-00-A (LFP 60 kWh 106s1p),"2018+ NCA, 2021+ LFP, 2024+ Highland refresh",,15.0.14,HW3.1,dalathegreat/Battery-Emulator TESLA-BATTERY.cpp,
Tesla Model 3 & Y (all sizes) (All),SMA Sunny Boy Storage 2.5,in_catalog,yes,protocol_verified,,Tesla 1088593-00-A (LR NCA 75 kWh 96s46p) / 1096005-00-A (LFP 60 kWh 106s1p),"2018+ NCA, 2021+ LFP, 2024+ Highland refresh",,15.0.14,HW3.1,dalathegreat/Battery-Emulator TESLA-BATTERY.cpp,
Tesla Model 3 & Y (all sizes) (All),SMA Sunny Boy Storage 2.5 / 3.7 / 5.0 / 6.0,in_catalog,yes,protocol_verified,,Tesla 1088593-00-A (LR NCA 75 kWh 96s46p) / 1096005-00-A (LFP 60 kWh 106s1p),"2018+ NCA, 2021+ LFP, 2024+ Highland refresh",,15.0.14,HW3.1,dalathegreat/Battery-Emulator TESLA-BATTERY.cpp,
Tesla Model 3 & Y (all sizes) (All),SMA Sunny Tripower Smart 5.0-10.0 SE,in_catalog,yes,protocol_verified,,Tesla 1088593-00-A (LR NCA 75 kWh 96s46p) / 1096005-00-A (LFP 60 kWh 106s1p),"2018+ NCA, 2021+ LFP, 2024+ Highland refresh",,15.0.14,HW3.1,dalathegreat/Battery-Emulator TESLA-BATTERY.cpp,
Tesla Model 3 & Y (all sizes) (All),SMA Sunny Tripower X,in_catalog,yes,protocol_verified,,Tesla 1088593-00-A (LR NCA 75 kWh 96s46p) / 1096005-00-A (LFP 60 kWh 106s1p),"2018+ NCA, 2021+ LFP, 2024+ Highland refresh",,15.0.14,HW3.1,dalathegreat/Battery-Emulator TESLA-BATTERY.cpp,
Tesla Model 3 & Y (all sizes) (All),Sofar 5K...20KTL-3PH,in_catalog,yes,protocol_verified,,Tesla 1088593-00-A (LR NCA 75 kWh 96s46p) / 1096005-00-A (LFP 60 kWh 106s1p),"2018+ NCA, 2021+ LFP, 2024+ Highland refresh",,15.0.14,HW3.1,dalathegreat/Battery-Emulator TESLA-BATTERY.cpp,
Tesla Model 3 & Y (all sizes) (All),Sofar HYD (3-20)KTL-3PH,in_catalog,yes,protocol_verified,,Tesla 1088593-00-A (LR NCA 75 kWh 96s46p) / 1096005-00-A (LFP 60 kWh 106s1p),"2018+ NCA, 2021+ LFP, 2024+ Highland refresh",,15.0.14,HW3.1,dalathegreat/Battery-Emulator TESLA-BATTERY.cpp,
Tesla Model 3 & Y (all sizes) (All),SolaX X1 Hybrid,in_catalog,yes,protocol_verified,,Tesla 1088593-00-A (LR NCA 75 kWh 96s46p) / 1096005-00-A (LFP 60 kWh 106s1p),"2018+ NCA, 2021+ LFP, 2024+ Highland refresh",,15.0.14,HW3.1,dalathegreat/Battery-Emulator TESLA-BATTERY.cpp,
Tesla Model 3 & Y (all sizes) (All),SolaX X1 Hybrid G4,in_catalog,yes,protocol_verified,,Tesla 1088593-00-A (LR NCA 75 kWh 96s46p) / 1096005-00-A (LFP 60 kWh 106s1p),"2018+ NCA, 2021+ LFP, 2024+ Highland refresh",,15.0.14,HW3.1,dalathegreat/Battery-Emulator TESLA-BATTERY.cpp,
Tesla Model 3 & Y (all sizes) (All),SolaX X3 Hybrid,in_catalog,yes,protocol_verified,,Tesla 1088593-00-A (LR NCA 75 kWh 96s46p) / 1096005-00-A (LFP 60 kWh 106s1p),"2018+ NCA, 2021+ LFP, 2024+ Highland refresh",,15.0.14,HW3.1,dalathegreat/Battery-Emulator TESLA-BATTERY.cpp,
Tesla Model 3 & Y (all sizes) (All),SolaX X3 Hybrid G4,in_catalog,yes,protocol_verified,,Tesla 1088593-00-A (LR NCA 75 kWh 96s46p) / 1096005-00-A (LFP 60 kWh 106s1p),"2018+ NCA, 2021+ LFP, 2024+ Highland refresh",,15.0.14,HW3.1,dalathegreat/Battery-Emulator TESLA-BATTERY.cpp,
Tesla Model 3 & Y (all sizes) (All),SolaX X3-Ultra Hybrid,in_catalog,yes,protocol_verified,,Tesla 1088593-00-A (LR NCA 75 kWh 96s46p) / 1096005-00-A (LFP 60 kWh 106s1p),"2018+ NCA, 2021+ LFP, 2024+ Highland refresh",,15.0.14,HW3.1,dalathegreat/Battery-Emulator TESLA-BATTERY.cpp,
Tesla Model 3 & Y (all sizes) (All),Solis RHI-3P(5-10)K-HVES-5G / S6-EH1P10K-H-US-APST,in_catalog,yes,protocol_verified,,Tesla 1088593-00-A (LR NCA 75 kWh 96s46p) / 1096005-00-A (LFP 60 kWh 106s1p),"2018+ NCA, 2021+ LFP, 2024+ Highland refresh",,15.0.14,HW3.1,dalathegreat/Battery-Emulator TESLA-BATTERY.cpp,
Tesla Model 3 & Y (all sizes) (All),Solis RHI-3P(5-10)K-HVES-5G / S6-EH3P-(5-10.0K)-H-EU,in_catalog,yes,protocol_verified,,Tesla 1088593-00-A (LR NCA 75 kWh 96s46p) / 1096005-00-A (LFP 60 kWh 106s1p),"2018+ NCA, 2021+ LFP, 2024+ Highland refresh",,15.0.14,HW3.1,dalathegreat/Battery-Emulator TESLA-BATTERY.cpp,
Tesla Model 3 & Y (all sizes) (All),Solis S5-EH1P (3-6) K-L (5-6 kW 1P US),in_catalog,yes,protocol_verified,,Tesla 1088593-00-A (LR NCA 75 kWh 96s46p) / 1096005-00-A (LFP 60 kWh 106s1p),"2018+ NCA, 2021+ LFP, 2024+ Highland refresh",,15.0.14,HW3.1,dalathegreat/Battery-Emulator TESLA-BATTERY.cpp,
Tesla Model 3 & Y (all sizes) (All),Solis S6-EH3P(8-15)K-H 8-15 kW 3P (5-6 kW 1P US),in_catalog,yes,protocol_verified,,Tesla 1088593-00-A (LR NCA 75 kWh 96s46p) / 1096005-00-A (LFP 60 kWh 106s1p),"2018+ NCA, 2021+ LFP, 2024+ Highland refresh",,15.0.14,HW3.1,dalathegreat/Battery-Emulator TESLA-BATTERY.cpp,
Tesla Model 3 & Y (all sizes) (All),Solxpow Solxpow X3 12-20kW,in_catalog,yes,protocol_verified,,Tesla 1088593-00-A (LR NCA 75 kWh 96s46p) / 1096005-00-A (LFP 60 kWh 106s1p),"2018+ NCA, 2021+ LFP, 2024+ Highland refresh",,15.0.14,HW3.1,dalathegreat/Battery-Emulator TESLA-BATTERY.cpp,
Tesla Model 3 & Y (all sizes) (All),Sungrow SH15T/SH20T/SH25T,in_catalog,yes,protocol_verified,,Tesla 1088593-00-A (LR NCA 75 kWh 96s46p) / 1096005-00-A (LFP 60 kWh 106s1p),"2018+ NCA, 2021+ LFP, 2024+ Highland refresh",,15.0.14,HW3.1,dalathegreat/Battery-Emulator TESLA-BATTERY.cpp,
Tesla Model 3 & Y (all sizes) (All),Sungrow SH3.0/3.6/4.0/5.0/6.0RS,in_catalog,yes,protocol_verified,,Tesla 1088593-00-A (LR NCA 75 kWh 96s46p) / 1096005-00-A (LFP 60 kWh 106s1p),"2018+ NCA, 2021+ LFP, 2024+ Highland refresh",,15.0.14,HW3.1,dalathegreat/Battery-Emulator TESLA-BATTERY.cpp,
Tesla Model 3 & Y (all sizes) (All),Sungrow SH5.0/6.0/8.0/10RT,in_catalog,yes,protocol_verified,,Tesla 1088593-00-A (LR NCA 75 kWh 96s46p) / 1096005-00-A (LFP 60 kWh 106s1p),"2018+ NCA, 2021+ LFP, 2024+ Highland refresh",,15.0.14,HW3.1,dalathegreat/Battery-Emulator TESLA-BATTERY.cpp,
Tesla Model S & X (2012-2020) (60-100 kWh),Afore AF17K-THA 230V,in_catalog,yes,protocol_verified,,Tesla 1014114-00 (60-85 kWh) / 1023800-00 (90-100 kWh),2012-2020 (16 module architecture),,15.0.14,HW3.1,wk057 Tesla Model S CAN deciphering + dalathegreat Battery-Emulator + skie.net,
Tesla Model S & X (2012-2020) (60-100 kWh),Afore AF17K-THA 230V,in_catalog,yes,protocol_verified,,Tesla 1014114-00 (60-85 kWh) / 1023800-00 (90-100 kWh),2012-2020 (16 module architecture),,15.0.14,HW3.1,wk057 Tesla Model S CAN deciphering + dalathegreat Battery-Emulator + skie.net,
Tesla Model S & X (2012-2020) (60-100 kWh),Deye SUN-(29.9-50)K-SG01HP3-EU-BM3,in_catalog,yes,protocol_verified,,Tesla 1014114-00 (60-85 kWh) / 1023800-00 (90-100 kWh),2012-2020 (16 module architecture),,15.0.14,HW3.1,wk057 Tesla Model S CAN deciphering + dalathegreat Battery-Emulator + skie.net,
Tesla Model S & X (2012-2020) (60-100 kWh),Deye SUN-(5-20)K-SG01HP3-EU-AM2,in_catalog,yes,protocol_verified,,Tesla 1014114-00 (60-85 kWh) / 1023800-00 (90-100 kWh),2012-2020 (16 module architecture),,15.0.14,HW3.1,wk057 Tesla Model S CAN deciphering + dalathegreat Battery-Emulator + skie.net,
Tesla Model S & X (2012-2020) (60-100 kWh),Felicity T-REX-50KHP3G01,in_catalog,yes,protocol_verified,,Tesla 1014114-00 (60-85 kWh) / 1023800-00 (90-100 kWh),2012-2020 (16 module architecture),,15.0.14,HW3.1,wk057 Tesla Model S CAN deciphering + dalathegreat Battery-Emulator + skie.net,
Tesla Model S & X (2012-2020) (60-100 kWh),Ferroamp EnergyHub,in_catalog,yes,protocol_verified,,Tesla 1014114-00 (60-85 kWh) / 1023800-00 (90-100 kWh),2012-2020 (16 module architecture),,15.0.14,HW3.1,wk057 Tesla Model S CAN deciphering + dalathegreat Battery-Emulator + skie.net,
Tesla Model S & X (2012-2020) (60-100 kWh),FoxESS H1/AC1,in_catalog,yes,protocol_verified,,Tesla 1014114-00 (60-85 kWh) / 1023800-00 (90-100 kWh),2012-2020 (16 module architecture),,15.0.14,HW3.1,wk057 Tesla Model S CAN deciphering + dalathegreat Battery-Emulator + skie.net,
Tesla Model S & X (2012-2020) (60-100 kWh),FoxESS H1/AC1,in_catalog,yes,protocol_verified,,Tesla 1014114-00 (60-85 kWh) / 1023800-00 (90-100 kWh),2012-2020 (16 module architecture),,15.0.14,HW3.1,wk057 Tesla Model S CAN deciphering + dalathegreat Battery-Emulator + skie.net,
Tesla Model S & X (2012-2020) (60-100 kWh),FoxESS H3 Pro,in_catalog,yes,protocol_verified,,Tesla 1014114-00 (60-85 kWh) / 1023800-00 (90-100 kWh),2012-2020 (16 module architecture),,15.0.14,HW3.1,wk057 Tesla Model S CAN deciphering + dalathegreat Battery-Emulator + skie.net,
Tesla Model S & X (2012-2020) (60-100 kWh),FoxESS H3 Pro,in_catalog,yes,protocol_verified,,Tesla 1014114-00 (60-85 kWh) / 1023800-00 (90-100 kWh),2012-2020 (16 module architecture),,15.0.14,HW3.1,wk057 Tesla Model S CAN deciphering + dalathegreat Battery-Emulator + skie.net,
Tesla Model S & X (2012-2020) (60-100 kWh),FoxESS H3 Smart,in_catalog,yes,protocol_verified,,Tesla 1014114-00 (60-85 kWh) / 1023800-00 (90-100 kWh),2012-2020 (16 module architecture),,15.0.14,HW3.1,wk057 Tesla Model S CAN deciphering + dalathegreat Battery-Emulator + skie.net,
Tesla Model S & X (2012-2020) (60-100 kWh),FoxESS H3 Smart,in_catalog,yes,protocol_verified,,Tesla 1014114-00 (60-85 kWh) / 1023800-00 (90-100 kWh),2012-2020 (16 module architecture),,15.0.14,HW3.1,wk057 Tesla Model S CAN deciphering + dalathegreat Battery-Emulator + skie.net,
Tesla Model S & X (2012-2020) (60-100 kWh),FoxESS H3/AC3,in_catalog,yes,protocol_verified,,Tesla 1014114-00 (60-85 kWh) / 1023800-00 (90-100 kWh),2012-2020 (16 module architecture),,15.0.14,HW3.1,wk057 Tesla Model S CAN deciphering + dalathegreat Battery-Emulator + skie.net,
Tesla Model S & X (2012-2020) (60-100 kWh),FoxESS H3/AC3,in_catalog,yes,protocol_verified,,Tesla 1014114-00 (60-85 kWh) / 1023800-00 (90-100 kWh),2012-2020 (16 module architecture),,15.0.14,HW3.1,wk057 Tesla Model S CAN deciphering + dalathegreat Battery-Emulator + skie.net,
Tesla Model S & X (2012-2020) (60-100 kWh),Fronius Primo Gen24 Plus,in_catalog,yes,protocol_verified,,Tesla 1014114-00 (60-85 kWh) / 1023800-00 (90-100 kWh),2012-2020 (16 module architecture),,15.0.14,HW3.1,wk057 Tesla Model S CAN deciphering + dalathegreat Battery-Emulator + skie.net,
Tesla Model S & X (2012-2020) (60-100 kWh),Fronius Primo Gen24 Plus,in_catalog,yes,protocol_verified,,Tesla 1014114-00 (60-85 kWh) / 1023800-00 (90-100 kWh),2012-2020 (16 module architecture),,15.0.14,HW3.1,wk057 Tesla Model S CAN deciphering + dalathegreat Battery-Emulator + skie.net,
Tesla Model S & X (2012-2020) (60-100 kWh),Fronius Symo Gen24 Plus,in_catalog,yes,protocol_verified,,Tesla 1014114-00 (60-85 kWh) / 1023800-00 (90-100 kWh),2012-2020 (16 module architecture),,15.0.14,HW3.1,wk057 Tesla Model S CAN deciphering + dalathegreat Battery-Emulator + skie.net,
Tesla Model S & X (2012-2020) (60-100 kWh),Fronius Symo Gen24 Plus,in_catalog,yes,protocol_verified,,Tesla 1014114-00 (60-85 kWh) / 1023800-00 (90-100 kWh),2012-2020 (16 module architecture),,15.0.14,HW3.1,wk057 Tesla Model S CAN deciphering + dalathegreat Battery-Emulator + skie.net,
Tesla Model S & X (2012-2020) (60-100 kWh),Fronius Symo Hybrid 3.0/4.0/5.0-3-S,in_catalog,yes,protocol_verified,,Tesla 1014114-00 (60-85 kWh) / 1023800-00 (90-100 kWh),2012-2020 (16 module architecture),,15.0.14,HW3.1,wk057 Tesla Model S CAN deciphering + dalathegreat Battery-Emulator + skie.net,
Tesla Model S & X (2012-2020) (60-100 kWh),Fronius Symo Hybrid 3.0/4.0/5.0-3-S,in_catalog,yes,protocol_verified,,Tesla 1014114-00 (60-85 kWh) / 1023800-00 (90-100 kWh),2012-2020 (16 module architecture),,15.0.14,HW3.1,wk057 Tesla Model S CAN deciphering + dalathegreat Battery-Emulator + skie.net,
Tesla Model S & X (2012-2020) (60-100 kWh),Fronius Verto Plus 15-33kW,in_catalog,yes,protocol_verified,,Tesla 1014114-00 (60-85 kWh) / 1023800-00 (90-100 kWh),2012-2020 (16 module architecture),,15.0.14,HW3.1,wk057 Tesla Model S CAN deciphering + dalathegreat Battery-Emulator + skie.net,
Tesla Model S & X (2012-2020) (60-100 kWh),Fronius Verto Plus 15-33kW,in_catalog,yes,protocol_verified,,Tesla 1014114-00 (60-85 kWh) / 1023800-00 (90-100 kWh),2012-2020 (16 module architecture),,15.0.14,HW3.1,wk057 Tesla Model S CAN deciphering + dalathegreat Battery-Emulator + skie.net,
Tesla Model S & X (2012-2020) (60-100 kWh),GoodWe A-ES hybrid inverter (America Split Phase),in_catalog,yes,protocol_verified,,Tesla 1014114-00 (60-85 kWh) / 1023800-00 (90-100 kWh),2012-2020 (16 module architecture),,15.0.14,HW3.1,wk057 Tesla Model S CAN deciphering + dalathegreat Battery-Emulator + skie.net,
Tesla Model S & X (2012-2020) (60-100 kWh),GoodWe A-ES hybrid inverter (America Split Phase),in_catalog,yes,protocol_verified,,Tesla 1014114-00 (60-85 kWh) / 1023800-00 (90-100 kWh),2012-2020 (16 module architecture),,15.0.14,HW3.1,wk057 Tesla Model S CAN deciphering + dalathegreat Battery-Emulator + skie.net,
Tesla Model S & X (2012-2020) (60-100 kWh),GoodWe BH AC battery inverter,in_catalog,yes,protocol_verified,,Tesla 1014114-00 (60-85 kWh) / 1023800-00 (90-100 kWh),2012-2020 (16 module architecture),,15.0.14,HW3.1,wk057 Tesla Model S CAN deciphering + dalathegreat Battery-Emulator + skie.net,
Tesla Model S & X (2012-2020) (60-100 kWh),GoodWe BH AC battery inverter,in_catalog,yes,protocol_verified,,Tesla 1014114-00 (60-85 kWh) / 1023800-00 (90-100 kWh),2012-2020 (16 module architecture),,15.0.14,HW3.1,wk057 Tesla Model S CAN deciphering + dalathegreat Battery-Emulator + skie.net,
Tesla Model S & X (2012-2020) (60-100 kWh),GoodWe BT AC battery inverter,in_catalog,yes,protocol_verified,,Tesla 1014114-00 (60-85 kWh) / 1023800-00 (90-100 kWh),2012-2020 (16 module architecture),,15.0.14,HW3.1,wk057 Tesla Model S CAN deciphering + dalathegreat Battery-Emulator + skie.net,
Tesla Model S & X (2012-2020) (60-100 kWh),GoodWe BT AC battery inverter,in_catalog,yes,protocol_verified,,Tesla 1014114-00 (60-85 kWh) / 1023800-00 (90-100 kWh),2012-2020 (16 module architecture),,15.0.14,HW3.1,wk057 Tesla Model S CAN deciphering + dalathegreat Battery-Emulator + skie.net,
Tesla Model S & X (2012-2020) (60-100 kWh),GoodWe EH hybrid solar,in_catalog,yes,protocol_verified,,Tesla 1014114-00 (60-85 kWh) / 1023800-00 (90-100 kWh),2012-2020 (16 module architecture),,15.0.14,HW3.1,wk057 Tesla Model S CAN deciphering + dalathegreat Battery-Emulator + skie.net,
Tesla Model S & X (2012-2020) (60-100 kWh),GoodWe EH hybrid solar,in_catalog,yes,protocol_verified,,Tesla 1014114-00 (60-85 kWh) / 1023800-00 (90-100 kWh),2012-2020 (16 module architecture),,15.0.14,HW3.1,wk057 Tesla Model S CAN deciphering + dalathegreat Battery-Emulator + skie.net,
Tesla Model S & X (2012-2020) (60-100 kWh),GoodWe EHB high voltage battery,in_catalog,yes,protocol_verified,,Tesla 1014114-00 (60-85 kWh) / 1023800-00 (90-100 kWh),2012-2020 (16 module architecture),,15.0.14,HW3.1,wk057 Tesla Model S CAN deciphering + dalathegreat Battery-Emulator + skie.net,
Tesla Model S & X (2012-2020) (60-100 kWh),GoodWe EHB hybrid inverter (South Africa only),in_catalog,yes,protocol_verified,,Tesla 1014114-00 (60-85 kWh) / 1023800-00 (90-100 kWh),2012-2020 (16 module architecture),,15.0.14,HW3.1,wk057 Tesla Model S CAN deciphering + dalathegreat Battery-Emulator + skie.net,
Tesla Model S & X (2012-2020) (60-100 kWh),GoodWe EHB hybrid inverter (South Africa only),in_catalog,yes,protocol_verified,,Tesla 1014114-00 (60-85 kWh) / 1023800-00 (90-100 kWh),2012-2020 (16 module architecture),,15.0.14,HW3.1,wk057 Tesla Model S CAN deciphering + dalathegreat Battery-Emulator + skie.net,
Tesla Model S & X (2012-2020) (60-100 kWh),GoodWe ES hybrid solar,in_catalog,yes,protocol_verified,,Tesla 1014114-00 (60-85 kWh) / 1023800-00 (90-100 kWh),2012-2020 (16 module architecture),,15.0.14,HW3.1,wk057 Tesla Model S CAN deciphering + dalathegreat Battery-Emulator + skie.net,
Tesla Model S & X (2012-2020) (60-100 kWh),GoodWe ES hybrid solar,in_catalog,yes,protocol_verified,,Tesla 1014114-00 (60-85 kWh) / 1023800-00 (90-100 kWh),2012-2020 (16 module architecture),,15.0.14,HW3.1,wk057 Tesla Model S CAN deciphering + dalathegreat Battery-Emulator + skie.net,
Tesla Model S & X (2012-2020) (60-100 kWh),GoodWe ET hybrid solar,in_catalog,yes,protocol_verified,,Tesla 1014114-00 (60-85 kWh) / 1023800-00 (90-100 kWh),2012-2020 (16 module architecture),,15.0.14,HW3.1,wk057 Tesla Model S CAN deciphering + dalathegreat Battery-Emulator + skie.net,
Tesla Model S & X (2012-2020) (60-100 kWh),GoodWe ET hybrid solar,in_catalog,yes,protocol_verified,,Tesla 1014114-00 (60-85 kWh) / 1023800-00 (90-100 kWh),2012-2020 (16 module architecture),,15.0.14,HW3.1,wk057 Tesla Model S CAN deciphering + dalathegreat Battery-Emulator + skie.net,
Tesla Model S & X (2012-2020) (60-100 kWh),GoodWe SBP battery inverter,in_catalog,yes,protocol_verified,,Tesla 1014114-00 (60-85 kWh) / 1023800-00 (90-100 kWh),2012-2020 (16 module architecture),,15.0.14,HW3.1,wk057 Tesla Model S CAN deciphering + dalathegreat Battery-Emulator + skie.net,
Tesla Model S & X (2012-2020) (60-100 kWh),GoodWe SBP battery inverter,in_catalog,yes,protocol_verified,,Tesla 1014114-00 (60-85 kWh) / 1023800-00 (90-100 kWh),2012-2020 (16 module architecture),,15.0.14,HW3.1,wk057 Tesla Model S CAN deciphering + dalathegreat Battery-Emulator + skie.net,
Tesla Model S & X (2012-2020) (60-100 kWh),Growatt HV Growatt SPH,in_catalog,yes,protocol_verified,,Tesla 1014114-00 (60-85 kWh) / 1023800-00 (90-100 kWh),2012-2020 (16 module architecture),,15.0.14,HW3.1,wk057 Tesla Model S CAN deciphering + dalathegreat Battery-Emulator + skie.net,
Tesla Model S & X (2012-2020) (60-100 kWh),Growatt HV Growatt SPH,in_catalog,yes,protocol_verified,,Tesla 1014114-00 (60-85 kWh) / 1023800-00 (90-100 kWh),2012-2020 (16 module architecture),,15.0.14,HW3.1,wk057 Tesla Model S CAN deciphering + dalathegreat Battery-Emulator + skie.net,
Tesla Model S & X (2012-2020) (60-100 kWh),Growatt HV Growatt SPH (TL3-BH-UP) (5-10kW 3P),in_catalog,yes,protocol_verified,,Tesla 1014114-00 (60-85 kWh) / 1023800-00 (90-100 kWh),2012-2020 (16 module architecture),,15.0.14,HW3.1,wk057 Tesla Model S CAN deciphering + dalathegreat Battery-Emulator + skie.net,
Tesla Model S & X (2012-2020) (60-100 kWh),Growatt HV Growatt SPH (TL3-BH-UP) (5-10kW 3P),in_catalog,yes,protocol_verified,,Tesla 1014114-00 (60-85 kWh) / 1023800-00 (90-100 kWh),2012-2020 (16 module architecture),,15.0.14,HW3.1,wk057 Tesla Model S CAN deciphering + dalathegreat Battery-Emulator + skie.net,
Tesla Model S & X (2012-2020) (60-100 kWh),Growatt LV Growatt SPH (4.6-10) (TL3-BH) (5-10kW 3P),in_catalog,yes,protocol_verified,,Tesla 1014114-00 (60-85 kWh) / 1023800-00 (90-100 kWh),2012-2020 (16 module architecture),,15.0.14,HW3.1,wk057 Tesla Model S CAN deciphering + dalathegreat Battery-Emulator + skie.net,
Tesla Model S & X (2012-2020) (60-100 kWh),Growatt LV Growatt SPH (4.6-10) (TL3-BH) (5-10kW 3P),in_catalog,yes,protocol_verified,,Tesla 1014114-00 (60-85 kWh) / 1023800-00 (90-100 kWh),2012-2020 (16 module architecture),,15.0.14,HW3.1,wk057 Tesla Model S CAN deciphering + dalathegreat Battery-Emulator + skie.net,
Tesla Model S & X (2012-2020) (60-100 kWh),Growatt WIT 50-100K-HU,in_catalog,yes,protocol_verified,,Tesla 1014114-00 (60-85 kWh) / 1023800-00 (90-100 kWh),2012-2020 (16 module architecture),,15.0.14,HW3.1,wk057 Tesla Model S CAN deciphering + dalathegreat Battery-Emulator + skie.net,
Tesla Model S & X (2012-2020) (60-100 kWh),Growatt WIT 50-100K-HU (TL3-BH-UP) (5-10kW 3P),in_catalog,yes,protocol_verified,,Tesla 1014114-00 (60-85 kWh) / 1023800-00 (90-100 kWh),2012-2020 (16 module architecture),,15.0.14,HW3.1,wk057 Tesla Model S CAN deciphering + dalathegreat Battery-Emulator + skie.net,
Tesla Model S & X (2012-2020) (60-100 kWh),Hoymiles HYT/HAT-HV,in_catalog,yes,protocol_verified,,Tesla 1014114-00 (60-85 kWh) / 1023800-00 (90-100 kWh),2012-2020 (16 module architecture),,15.0.14,HW3.1,wk057 Tesla Model S CAN deciphering + dalathegreat Battery-Emulator + skie.net,
Tesla Model S & X (2012-2020) (60-100 kWh),Huawei SUN2000-(2-6)KTL-L1 (400V),in_catalog,yes,protocol_verified,,Tesla 1014114-00 (60-85 kWh) / 1023800-00 (90-100 kWh),2012-2020 (16 module architecture),,15.0.14,HW3.1,wk057 Tesla Model S CAN deciphering + dalathegreat Battery-Emulator + skie.net,
Tesla Model S & X (2012-2020) (60-100 kWh),Huawei SUN2000-(3-20)K-MB0 (400V),in_catalog,yes,protocol_verified,,Tesla 1014114-00 (60-85 kWh) / 1023800-00 (90-100 kWh),2012-2020 (16 module architecture),,15.0.14,HW3.1,wk057 Tesla Model S CAN deciphering + dalathegreat Battery-Emulator + skie.net,
Tesla Model S & X (2012-2020) (60-100 kWh),Kostal Plenticore Plus (3.0-10),in_catalog,yes,protocol_verified,,Tesla 1014114-00 (60-85 kWh) / 1023800-00 (90-100 kWh),2012-2020 (16 module architecture),,15.0.14,HW3.1,wk057 Tesla Model S CAN deciphering + dalathegreat Battery-Emulator + skie.net,
Tesla Model S & X (2012-2020) (60-100 kWh),Kostal Plenticore Plus (3.0-10),in_catalog,yes,protocol_verified,,Tesla 1014114-00 (60-85 kWh) / 1023800-00 (90-100 kWh),2012-2020 (16 module architecture),,15.0.14,HW3.1,wk057 Tesla Model S CAN deciphering + dalathegreat Battery-Emulator + skie.net,
Tesla Model S & X (2012-2020) (60-100 kWh),Maple Leaf Northern Fox H1-H3-AC1-KH,in_catalog,yes,protocol_verified,,Tesla 1014114-00 (60-85 kWh) / 1023800-00 (90-100 kWh),2012-2020 (16 module architecture),,15.0.14,HW3.1,wk057 Tesla Model S CAN deciphering + dalathegreat Battery-Emulator + skie.net,
Tesla Model S & X (2012-2020) (60-100 kWh),Maple Leaf Northern Fox H1-H3-AC1-KH,in_catalog,yes,protocol_verified,,Tesla 1014114-00 (60-85 kWh) / 1023800-00 (90-100 kWh),2012-2020 (16 module architecture),,15.0.14,HW3.1,wk057 Tesla Model S CAN deciphering + dalathegreat Battery-Emulator + skie.net,
Tesla Model S & X (2012-2020) (60-100 kWh),SAJ H2 Hybrid (3-12)K-S2,in_catalog,yes,protocol_verified,,Tesla 1014114-00 (60-85 kWh) / 1023800-00 (90-100 kWh),2012-2020 (16 module architecture),,15.0.14,HW3.1,wk057 Tesla Model S CAN deciphering + dalathegreat Battery-Emulator + skie.net,
Tesla Model S & X (2012-2020) (60-100 kWh),SAJ H2 Hybrid (3-12)K-S2,in_catalog,yes,protocol_verified,,Tesla 1014114-00 (60-85 kWh) / 1023800-00 (90-100 kWh),2012-2020 (16 module architecture),,15.0.14,HW3.1,wk057 Tesla Model S CAN deciphering + dalathegreat Battery-Emulator + skie.net,
Tesla Model S & X (2012-2020) (60-100 kWh),SMA Sunny Boy Smart Energy 3.6 / 4.0 / 5.0 / 6.0-50 Hybrid Inverter,in_catalog,yes,protocol_verified,,Tesla 1014114-00 (60-85 kWh) / 1023800-00 (90-100 kWh),2012-2020 (16 module architecture),,15.0.14,HW3.1,wk057 Tesla Model S CAN deciphering + dalathegreat Battery-Emulator + skie.net,
Tesla Model S & X (2012-2020) (60-100 kWh),SMA Sunny Boy Smart Energy 3.6 / 4.0 / 5.0 / 6.0-50 Hybrid Inverter,in_catalog,yes,protocol_verified,,Tesla 1014114-00 (60-85 kWh) / 1023800-00 (90-100 kWh),2012-2020 (16 module architecture),,15.0.14,HW3.1,wk057 Tesla Model S CAN deciphering + dalathegreat Battery-Emulator + skie.net,
Tesla Model S & X (2012-2020) (60-100 kWh),SMA Sunny Boy Smart Energy 3.6-6.0,in_catalog,yes,protocol_verified,,Tesla 1014114-00 (60-85 kWh) / 1023800-00 (90-100 kWh),2012-2020 (16 module architecture),,15.0.14,HW3.1,wk057 Tesla Model S CAN deciphering + dalathegreat Battery-Emulator + skie.net,
Tesla Model S & X (2012-2020) (60-100 kWh),SMA Sunny Boy Smart Energy 3.6-6.0,in_catalog,yes,protocol_verified,,Tesla 1014114-00 (60-85 kWh) / 1023800-00 (90-100 kWh),2012-2020 (16 module architecture),,15.0.14,HW3.1,wk057 Tesla Model S CAN deciphering + dalathegreat Battery-Emulator + skie.net,
Tesla Model S & X (2012-2020) (60-100 kWh),SMA Sunny Boy Storage 2.5,in_catalog,yes,protocol_verified,,Tesla 1014114-00 (60-85 kWh) / 1023800-00 (90-100 kWh),2012-2020 (16 module architecture),,15.0.14,HW3.1,wk057 Tesla Model S CAN deciphering + dalathegreat Battery-Emulator + skie.net,
Tesla Model S & X (2012-2020) (60-100 kWh),SMA Sunny Boy Storage 2.5,in_catalog,yes,protocol_verified,,Tesla 1014114-00 (60-85 kWh) / 1023800-00 (90-100 kWh),2012-2020 (16 module architecture),,15.0.14,HW3.1,wk057 Tesla Model S CAN deciphering + dalathegreat Battery-Emulator + skie.net,
Tesla Model S & X (2012-2020) (60-100 kWh),SMA Sunny Boy Storage 2.5 / 3.7 / 5.0 / 6.0,in_catalog,yes,protocol_verified,,Tesla 1014114-00 (60-85 kWh) / 1023800-00 (90-100 kWh),2012-2020 (16 module architecture),,15.0.14,HW3.1,wk057 Tesla Model S CAN deciphering + dalathegreat Battery-Emulator + skie.net,
Tesla Model S & X (2012-2020) (60-100 kWh),SMA Sunny Boy Storage 2.5 / 3.7 / 5.0 / 6.0,in_catalog,yes,protocol_verified,,Tesla 1014114-00 (60-85 kWh) / 1023800-00 (90-100 kWh),2012-2020 (16 module architecture),,15.0.14,HW3.1,wk057 Tesla Model S CAN deciphering + dalathegreat Battery-Emulator + skie.net,
Tesla Model S & X (2012-2020) (60-100 kWh),SMA Sunny Tripower Smart 5.0-10.0 SE,in_catalog,yes,protocol_verified,,Tesla 1014114-00 (60-85 kWh) / 1023800-00 (90-100 kWh),2012-2020 (16 module architecture),,15.0.14,HW3.1,wk057 Tesla Model S CAN deciphering + dalathegreat Battery-Emulator + skie.net,
Tesla Model S & X (2012-2020) (60-100 kWh),SMA Sunny Tripower Smart 5.0-10.0 SE,in_catalog,yes,protocol_verified,,Tesla 1014114-00 (60-85 kWh) / 1023800-00 (90-100 kWh),2012-2020 (16 module architecture),,15.0.14,HW3.1,wk057 Tesla Model S CAN deciphering + dalathegreat Battery-Emulator + skie.net,
Tesla Model S & X (2012-2020) (60-100 kWh),SMA Sunny Tripower X,in_catalog,yes,protocol_verified,,Tesla 1014114-00 (60-85 kWh) / 1023800-00 (90-100 kWh),2012-2020 (16 module architecture),,15.0.14,HW3.1,wk057 Tesla Model S CAN deciphering + dalathegreat Battery-Emulator + skie.net,
Tesla Model S & X (2012-2020) (60-100 kWh),SMA Sunny Tripower X,in_catalog,yes,protocol_verified,,Tesla 1014114-00 (60-85 kWh) / 1023800-00 (90-100 kWh),2012-2020 (16 module architecture),,15.0.14,HW3.1,wk057 Tesla Model S CAN deciphering + dalathegreat Battery-Emulator + skie.net,
Tesla Model S & X (2012-2020) (60-100 kWh),Sofar 5K...20KTL-3PH,in_catalog,yes,protocol_verified,,Tesla 1014114-00 (60-85 kWh) / 1023800-00 (90-100 kWh),2012-2020 (16 module architecture),,15.0.14,HW3.1,wk057 Tesla Model S CAN deciphering + dalathegreat Battery-Emulator + skie.net,
Tesla Model S & X (2012-2020) (60-100 kWh),Sofar HYD (3-20)KTL-3PH,in_catalog,yes,protocol_verified,,Tesla 1014114-00 (60-85 kWh) / 1023800-00 (90-100 kWh),2012-2020 (16 module architecture),,15.0.14,HW3.1,wk057 Tesla Model S CAN deciphering + dalathegreat Battery-Emulator + skie.net,
Tesla Model S & X (2012-2020) (60-100 kWh),SolaX X1 Hybrid,in_catalog,yes,protocol_verified,,Tesla 1014114-00 (60-85 kWh) / 1023800-00 (90-100 kWh),2012-2020 (16 module architecture),,15.0.14,HW3.1,wk057 Tesla Model S CAN deciphering + dalathegreat Battery-Emulator + skie.net,
Tesla Model S & X (2012-2020) (60-100 kWh),SolaX X1 Hybrid,in_catalog,yes,protocol_verified,,Tesla 1014114-00 (60-85 kWh) / 1023800-00 (90-100 kWh),2012-2020 (16 module architecture),,15.0.14,HW3.1,wk057 Tesla Model S CAN deciphering + dalathegreat Battery-Emulator + skie.net,
Tesla Model S & X (2012-2020) (60-100 kWh),SolaX X1 Hybrid G4,in_catalog,yes,protocol_verified,,Tesla 1014114-00 (60-85 kWh) / 1023800-00 (90-100 kWh),2012-2020 (16 module architecture),,15.0.14,HW3.1,wk057 Tesla Model S CAN deciphering + dalathegreat Battery-Emulator + skie.net,
Tesla Model S & X (2012-2020) (60-100 kWh),SolaX X1 Hybrid G4,in_catalog,yes,protocol_verified,,Tesla 1014114-00 (60-85 kWh) / 1023800-00 (90-100 kWh),2012-2020 (16 module architecture),,15.0.14,HW3.1,wk057 Tesla Model S CAN deciphering + dalathegreat Battery-Emulator + skie.net,
Tesla Model S & X (2012-2020) (60-100 kWh),SolaX X3 Hybrid,in_catalog,yes,protocol_verified,,Tesla 1014114-00 (60-85 kWh) / 1023800-00 (90-100 kWh),2012-2020 (16 module architecture),,15.0.14,HW3.1,wk057 Tesla Model S CAN deciphering + dalathegreat Battery-Emulator + skie.net,
Tesla Model S & X (2012-2020) (60-100 kWh),SolaX X3 Hybrid,in_catalog,yes,protocol_verified,,Tesla 1014114-00 (60-85 kWh) / 1023800-00 (90-100 kWh),2012-2020 (16 module architecture),,15.0.14,HW3.1,wk057 Tesla Model S CAN deciphering + dalathegreat Battery-Emulator + skie.net,
Tesla Model S & X (2012-2020) (60-100 kWh),SolaX X3 Hybrid G4,in_catalog,yes,protocol_verified,,Tesla 1014114-00 (60-85 kWh) / 1023800-00 (90-100 kWh),2012-2020 (16 module architecture),,15.0.14,HW3.1,wk057 Tesla Model S CAN deciphering + dalathegreat Battery-Emulator + skie.net,
Tesla Model S & X (2012-2020) (60-100 kWh),SolaX X3 Hybrid G4,in_catalog,yes,protocol_verified,,Tesla 1014114-00 (60-85 kWh) / 1023800-00 (90-100 kWh),2012-2020 (16 module architecture),,15.0.14,HW3.1,wk057 Tesla Model S CAN deciphering + dalathegreat Battery-Emulator + skie.net,
Tesla Model S & X (2012-2020) (60-100 kWh),SolaX X3-Ultra Hybrid,in_catalog,yes,protocol_verified,,Tesla 1014114-00 (60-85 kWh) / 1023800-00 (90-100 kWh),2012-2020 (16 module architecture),,15.0.14,HW3.1,wk057 Tesla Model S CAN deciphering + dalathegreat Battery-Emulator + skie.net,
Tesla Model S & X (2012-2020) (60-100 kWh),SolaX X3-Ultra Hybrid G4,in_catalog,yes,protocol_verified,,Tesla 1014114-00 (60-85 kWh) / 1023800-00 (90-100 kWh),2012-2020 (16 module architecture),,15.0.14,HW3.1,wk057 Tesla Model S CAN deciphering + dalathegreat Battery-Emulator + skie.net,
Tesla Model S & X (2012-2020) (60-100 kWh),Solis RHI-3P(5-10)K-HVES-5G / S6-EH1P10K-H-US-APST,in_catalog,yes,protocol_verified,,Tesla 1014114-00 (60-85 kWh) / 1023800-00 (90-100 kWh),2012-2020 (16 module architecture),,15.0.14,HW3.1,wk057 Tesla Model S CAN deciphering + dalathegreat Battery-Emulator + skie.net,
Tesla Model S & X (2012-2020) (60-100 kWh),Solis RHI-3P(5-10)K-HVES-5G / S6-EH1P10K-H-US-APST,in_catalog,yes,protocol_verified,,Tesla 1014114-00 (60-85 kWh) / 1023800-00 (90-100 kWh),2012-2020 (16 module architecture),,15.0.14,HW3.1,wk057 Tesla Model S CAN deciphering + dalathegreat Battery-Emulator + skie.net,
Tesla Model S & X (2012-2020) (60-100 kWh),Solis RHI-3P(5-10)K-HVES-5G / S6-EH3P-(5-10.0K)-H-EU,in_catalog,yes,protocol_verified,,Tesla 1014114-00 (60-85 kWh) / 1023800-00 (90-100 kWh),2012-2020 (16 module architecture),,15.0.14,HW3.1,wk057 Tesla Model S CAN deciphering + dalathegreat Battery-Emulator + skie.net,
Tesla Model S & X (2012-2020) (60-100 kWh),Solis RHI-3P(5-10)K-HVES-5G / S6-EH3P-(5-10.0K)-H-EU,in_catalog,yes,protocol_verified,,Tesla 1014114-00 (60-85 kWh) / 1023800-00 (90-100 kWh),2012-2020 (16 module architecture),,15.0.14,HW3.1,wk057 Tesla Model S CAN deciphering + dalathegreat Battery-Emulator + skie.net,
Tesla Model S & X (2012-2020) (60-100 kWh),Solis S5-EH1P (3-6) K-L (5-6 kW 1P US),in_catalog,yes,protocol_verified,,Tesla 1014114-00 (60-85 kWh) / 1023800-00 (90-100 kWh),2012-2020 (16 module architecture),,15.0.14,HW3.1,wk057 Tesla Model S CAN deciphering + dalathegreat Battery-Emulator + skie.net,
Tesla Model S & X (2012-2020) (60-100 kWh),Solis S5-EH1P (3-6) K-L (5-6 kW 1P US),in_catalog,yes,protocol_verified,,Tesla 1014114-00 (60-85 kWh) / 1023800-00 (90-100 kWh),2012-2020 (16 module architecture),,15.0.14,HW3.1,wk057 Tesla Model S CAN deciphering + dalathegreat Battery-Emulator + skie.net,
Tesla Model S & X (2012-2020) (60-100 kWh),Solis S6-EH3P(8-15)K-H 8-15 kW 3P (5-6 kW 1P US),in_catalog,yes,protocol_verified,,Tesla 1014114-00 (60-85 kWh) / 1023800-00 (90-100 kWh),2012-2020 (16 module architecture),,15.0.14,HW3.1,wk057 Tesla Model S CAN deciphering + dalathegreat Battery-Emulator + skie.net,
Tesla Model S & X (2012-2020) (60-100 kWh),Solis S6-EH3P(8-15)K-H 8-15 kW 3P (5-6 kW 1P US),in_catalog,yes,protocol_verified,,Tesla 1014114-00 (60-85 kWh) / 1023800-00 (90-100 kWh),2012-2020 (16 module architecture),,15.0.14,HW3.1,wk057 Tesla Model S CAN deciphering + dalathegreat Battery-Emulator + skie.net,
Tesla Model S & X (2012-2020) (60-100 kWh),Solxpow Solxpow X3 12-20kW,in_catalog,yes,protocol_verified,,Tesla 1014114-00 (60-85 kWh) / 1023800-00 (90-100 kWh),2012-2020 (16 module architecture),,15.0.14,HW3.1,wk057 Tesla Model S CAN deciphering + dalathegreat Battery-Emulator + skie.net,
Tesla Model S & X (2012-2020) (60-100 kWh),Solxpow X3 12-20kW,in_catalog,yes,protocol_verified,,Tesla 1014114-00 (60-85 kWh) / 1023800-00 (90-100 kWh),2012-2020 (16 module architecture),,15.0.14,HW3.1,wk057 Tesla Model S CAN deciphering + dalathegreat Battery-Emulator + skie.net,
Tesla Model S & X (2012-2020) (60-100 kWh),Sungrow SH15T/SH20T/SH25T,in_catalog,yes,protocol_verified,,Tesla 1014114-00 (60-85 kWh) / 1023800-00 (90-100 kWh),2012-2020 (16 module architecture),,15.0.14,HW3.1,wk057 Tesla Model S CAN deciphering + dalathegreat Battery-Emulator + skie.net,
Tesla Model S & X (2012-2020) (60-100 kWh),Sungrow SH3.0/3.6/4.0/5.0/6.0RS,in_catalog,yes,protocol_verified,,Tesla 1014114-00 (60-85 kWh) / 1023800-00 (90-100 kWh),2012-2020 (16 module architecture),,15.0.14,HW3.1,wk057 Tesla Model S CAN deciphering + dalathegreat Battery-Emulator + skie.net,
Tesla Model S & X (2012-2020) (60-100 kWh),Sungrow SH3.0/3.6/4.0/5.0/6.0RS,in_catalog,yes,protocol_verified,,Tesla 1014114-00 (60-85 kWh) / 1023800-00 (90-100 kWh),2012-2020 (16 module architecture),,15.0.14,HW3.1,wk057 Tesla Model S CAN deciphering + dalathegreat Battery-Emulator + skie.net,
Tesla Model S & X (2012-2020) (60-100 kWh),Sungrow SH5.0/6.0/8.0/10RT,in_catalog,yes,protocol_verified,,Tesla 1014114-00 (60-85 kWh) / 1023800-00 (90-100 kWh),2012-2020 (16 module architecture),,15.0.14,HW3.1,wk057 Tesla Model S CAN deciphering + dalathegreat Battery-Emulator + skie.net,
Tesla Model S & X (2012-2020) (60-100 kWh),Sungrow SH5.0/6.0/8.0/10RT,in_catalog,yes,protocol_verified,,Tesla 1014114-00 (60-85 kWh) / 1023800-00 (90-100 kWh),2012-2020 (16 module architecture),,15.0.14,HW3.1,wk057 Tesla Model S CAN deciphering + dalathegreat Battery-Emulator + skie.net,
Tesla Model S & X (2021+) (100+ kWh),Afore AF17K-THA 230V,in_catalog,yes,protocol_verified,,Tesla refresh/Plaid pack (part numbers not publicly available),2021+ refresh,,15.0.14,HW3.1,Tesla technical documentation + batterydesign.net,
Tesla Model S & X (2021+) (100+ kWh),Deye SUN-(29.9-50)K-SG01HP3-EU-BM3,in_catalog,yes,protocol_verified,,Tesla refresh/Plaid pack (part numbers not publicly available),2021+ refresh,,15.0.14,HW3.1,Tesla technical documentation + batterydesign.net,
Tesla Model S & X (2021+) (100+ kWh),Deye SUN-(5-20)K-SG01HP3-EU-AM2,in_catalog,yes,protocol_verified,,Tesla refresh/Plaid pack (part numbers not publicly available),2021+ refresh,,15.0.14,HW3.1,Tesla technical documentation + batterydesign.net,
Tesla Model S & X (2021+) (100+ kWh),Felicity T-REX-50KHP3G01,in_catalog,yes,protocol_verified,,Tesla refresh/Plaid pack (part numbers not publicly available),2021+ refresh,,15.0.14,HW3.1,Tesla technical documentation + batterydesign.net,
Tesla Model S & X (2021+) (100+ kWh),Ferroamp EnergyHub,in_catalog,yes,protocol_verified,,Tesla refresh/Plaid pack (part numbers not publicly available),2021+ refresh,,15.0.14,HW3.1,Tesla technical documentation + batterydesign.net,
Tesla Model S & X (2021+) (100+ kWh),FoxESS H1/AC1,in_catalog,yes,protocol_verified,,Tesla refresh/Plaid pack (part numbers not publicly available),2021+ refresh,,15.0.14,HW3.1,Tesla technical documentation + batterydesign.net,
Tesla Model S & X (2021+) (100+ kWh),FoxESS H3 Pro,in_catalog,yes,protocol_verified,,Tesla refresh/Plaid pack (part numbers not publicly available),2021+ refresh,,15.0.14,HW3.1,Tesla technical documentation + batterydesign.net,
Tesla Model S & X (2021+) (100+ kWh),FoxESS H3 Smart,in_catalog,yes,protocol_verified,,Tesla refresh/Plaid pack (part numbers not publicly available),2021+ refresh,,15.0.14,HW3.1,Tesla technical documentation + batterydesign.net,
Tesla Model S & X (2021+) (100+ kWh),FoxESS H3/AC3,in_catalog,yes,protocol_verified,,Tesla refresh/Plaid pack (part numbers not publicly available),2021+ refresh,,15.0.14,HW3.1,Tesla technical documentation + batterydesign.net,
Tesla Model S & X (2021+) (100+ kWh),Fronius Primo Gen24 Plus,in_catalog,yes,protocol_verified,,Tesla refresh/Plaid pack (part numbers not publicly available),2021+ refresh,,15.0.14,HW3.1,Tesla technical documentation + batterydesign.net,
Tesla Model S & X (2021+) (100+ kWh),Fronius Symo Gen24 Plus,in_catalog,yes,protocol_verified,,Tesla refresh/Plaid pack (part numbers not publicly available),2021+ refresh,,15.0.14,HW3.1,Tesla technical documentation + batterydesign.net,
Tesla Model S & X (2021+) (100+ kWh),Fronius Symo Hybrid 3.0/4.0/5.0-3-S,in_catalog,yes,protocol_verified,,Tesla refresh/Plaid pack (part numbers not publicly available),2021+ refresh,,15.0.14,HW3.1,Tesla technical documentation + batterydesign.net,
Tesla Model S & X (2021+) (100+ kWh),Fronius Verto Plus 15-33kW,in_catalog,yes,protocol_verified,,Tesla refresh/Plaid pack (part numbers not publicly available),2021+ refresh,,15.0.14,HW3.1,Tesla technical documentation + batterydesign.net,
Tesla Model S & X (2021+) (100+ kWh),GoodWe A-ES hybrid inverter (America Split Phase),in_catalog,yes,protocol_verified,,Tesla refresh/Plaid pack (part numbers not publicly available),2021+ refresh,,15.0.14,HW3.1,Tesla technical documentation + batterydesign.net,
Tesla Model S & X (2021+) (100+ kWh),GoodWe BH AC battery inverter,in_catalog,yes,protocol_verified,,Tesla refresh/Plaid pack (part numbers not publicly available),2021+ refresh,,15.0.14,HW3.1,Tesla technical documentation + batterydesign.net,
Tesla Model S & X (2021+) (100+ kWh),GoodWe BT AC battery inverter,in_catalog,yes,protocol_verified,,Tesla refresh/Plaid pack (part numbers not publicly available),2021+ refresh,,15.0.14,HW3.1,Tesla technical documentation + batterydesign.net,
Tesla Model S & X (2021+) (100+ kWh),GoodWe EH hybrid solar,in_catalog,yes,protocol_verified,,Tesla refresh/Plaid pack (part numbers not publicly available),2021+ refresh,,15.0.14,HW3.1,Tesla technical documentation + batterydesign.net,
Tesla Model S & X (2021+) (100+ kWh),GoodWe EHB high voltage battery,in_catalog,yes,protocol_verified,,Tesla refresh/Plaid pack (part numbers not publicly available),2021+ refresh,,15.0.14,HW3.1,Tesla technical documentation + batterydesign.net,
Tesla Model S & X (2021+) (100+ kWh),GoodWe EHB hybrid inverter (South Africa only),in_catalog,yes,protocol_verified,,Tesla refresh/Plaid pack (part numbers not publicly available),2021+ refresh,,15.0.14,HW3.1,Tesla technical documentation + batterydesign.net,
Tesla Model S & X (2021+) (100+ kWh),GoodWe ES hybrid solar,in_catalog,yes,protocol_verified,,Tesla refresh/Plaid pack (part numbers not publicly available),2021+ refresh,,15.0.14,HW3.1,Tesla technical documentation + batterydesign.net,
Tesla Model S & X (2021+) (100+ kWh),GoodWe ET hybrid solar,in_catalog,yes,protocol_verified,,Tesla refresh/Plaid pack (part numbers not publicly available),2021+ refresh,,15.0.14,HW3.1,Tesla technical documentation + batterydesign.net,
Tesla Model S & X (2021+) (100+ kWh),GoodWe SBP battery inverter,in_catalog,yes,protocol_verified,,Tesla refresh/Plaid pack (part numbers not publicly available),2021+ refresh,,15.0.14,HW3.1,Tesla technical documentation + batterydesign.net,
Tesla Model S & X (2021+) (100+ kWh),Growatt HV Growatt SPH,in_catalog,yes,protocol_verified,,Tesla refresh/Plaid pack (part numbers not publicly available),2021+ refresh,,15.0.14,HW3.1,Tesla technical documentation + batterydesign.net,
Tesla Model S & X (2021+) (100+ kWh),Growatt HV Growatt SPH (TL3-BH-UP) (5-10kW 3P),in_catalog,yes,protocol_verified,,Tesla refresh/Plaid pack (part numbers not publicly available),2021+ refresh,,15.0.14,HW3.1,Tesla technical documentation + batterydesign.net,
Tesla Model S & X (2021+) (100+ kWh),Growatt LV Growatt SPH (4.6-10) (TL3-BH) (5-10kW 3P),in_catalog,yes,protocol_verified,,Tesla refresh/Plaid pack (part numbers not publicly available),2021+ refresh,,15.0.14,HW3.1,Tesla technical documentation + batterydesign.net,
Tesla Model S & X (2021+) (100+ kWh),Growatt WIT 50-100K-HU,in_catalog,yes,protocol_verified,,Tesla refresh/Plaid pack (part numbers not publicly available),2021+ refresh,,15.0.14,HW3.1,Tesla technical documentation + batterydesign.net,
Tesla Model S & X (2021+) (100+ kWh),Growatt WIT 50-100K-HU (TL3-BH-UP) (5-10kW 3P),in_catalog,yes,protocol_verified,,Tesla refresh/Plaid pack (part numbers not publicly available),2021+ refresh,,15.0.14,HW3.1,Tesla technical documentation + batterydesign.net,
Tesla Model S & X (2021+) (100+ kWh),Hoymiles HYT/HAT-HV,in_catalog,yes,protocol_verified,,Tesla refresh/Plaid pack (part numbers not publicly available),2021+ refresh,,15.0.14,HW3.1,Tesla technical documentation + batterydesign.net,
Tesla Model S & X (2021+) (100+ kWh),Huawei SUN2000-(2-6)KTL-L1 (400V),in_catalog,yes,protocol_verified,,Tesla refresh/Plaid pack (part numbers not publicly available),2021+ refresh,,15.0.14,HW3.1,Tesla technical documentation + batterydesign.net,
Tesla Model S & X (2021+) (100+ kWh),Huawei SUN2000-(3-20)K-MB0 (400V),in_catalog,yes,protocol_verified,,Tesla refresh/Plaid pack (part numbers not publicly available),2021+ refresh,,15.0.14,HW3.1,Tesla technical documentation + batterydesign.net,
Tesla Model S & X (2021+) (100+ kWh),Kostal Plenticore Plus (3.0-10),in_catalog,yes,protocol_verified,,Tesla refresh/Plaid pack (part numbers not publicly available),2021+ refresh,,15.0.14,HW3.1,Tesla technical documentation + batterydesign.net,
Tesla Model S & X (2021+) (100+ kWh),Maple Leaf Northern Fox H1-H3-AC1-KH,in_catalog,yes,protocol_verified,,Tesla refresh/Plaid pack (part numbers not publicly available),2021+ refresh,,15.0.14,HW3.1,Tesla technical documentation + batterydesign.net,
Tesla Model S & X (2021+) (100+ kWh),SAJ H2 Hybrid (3-12)K-S2,in_catalog,yes,protocol_verified,,Tesla refresh/Plaid pack (part numbers not publicly available),2021+ refresh,,15.0.14,HW3.1,Tesla technical documentation + batterydesign.net,
Tesla Model S & X (2021+) (100+ kWh),SMA Sunny Boy Smart Energy 3.6 / 4.0 / 5.0 / 6.0-50 Hybrid Inverter,in_catalog,yes,protocol_verified,,Tesla refresh/Plaid pack (part numbers not publicly available),2021+ refresh,,15.0.14,HW3.1,Tesla technical documentation + batterydesign.net,
Tesla Model S & X (2021+) (100+ kWh),SMA Sunny Boy Smart Energy 3.6-6.0,in_catalog,yes,protocol_verified,,Tesla refresh/Plaid pack (part numbers not publicly available),2021+ refresh,,15.0.14,HW3.1,Tesla technical documentation + batterydesign.net,
Tesla Model S & X (2021+) (100+ kWh),SMA Sunny Boy Storage 2.5,in_catalog,yes,protocol_verified,,Tesla refresh/Plaid pack (part numbers not publicly available),2021+ refresh,,15.0.14,HW3.1,Tesla technical documentation + batterydesign.net,
Tesla Model S & X (2021+) (100+ kWh),SMA Sunny Boy Storage 2.5 / 3.7 / 5.0 / 6.0,in_catalog,yes,protocol_verified,,Tesla refresh/Plaid pack (part numbers not publicly available),2021+ refresh,,15.0.14,HW3.1,Tesla technical documentation + batterydesign.net,
Tesla Model S & X (2021+) (100+ kWh),SMA Sunny Tripower Smart 5.0-10.0 SE,in_catalog,yes,protocol_verified,,Tesla refresh/Plaid pack (part numbers not publicly available),2021+ refresh,,15.0.14,HW3.1,Tesla technical documentation + batterydesign.net,
Tesla Model S & X (2021+) (100+ kWh),SMA Sunny Tripower X,in_catalog,yes,protocol_verified,,Tesla refresh/Plaid pack (part numbers not publicly available),2021+ refresh,,15.0.14,HW3.1,Tesla technical documentation + batterydesign.net,
Tesla Model S & X (2021+) (100+ kWh),Sofar 5K...20KTL-3PH,in_catalog,yes,protocol_verified,,Tesla refresh/Plaid pack (part numbers not publicly available),2021+ refresh,,15.0.14,HW3.1,Tesla technical documentation + batterydesign.net,
Tesla Model S & X (2021+) (100+ kWh),Sofar HYD (3-20)KTL-3PH,in_catalog,yes,protocol_verified,,Tesla refresh/Plaid pack (part numbers not publicly available),2021+ refresh,,15.0.14,HW3.1,Tesla technical documentation + batterydesign.net,
Tesla Model S & X (2021+) (100+ kWh),SolaX X1 Hybrid,in_catalog,yes,protocol_verified,,Tesla refresh/Plaid pack (part numbers not publicly available),2021+ refresh,,15.0.14,HW3.1,Tesla technical documentation + batterydesign.net,
Tesla Model S & X (2021+) (100+ kWh),SolaX X1 Hybrid G4,in_catalog,yes,protocol_verified,,Tesla refresh/Plaid pack (part numbers not publicly available),2021+ refresh,,15.0.14,HW3.1,Tesla technical documentation + batterydesign.net,
Tesla Model S & X (2021+) (100+ kWh),SolaX X3 Hybrid,in_catalog,yes,protocol_verified,,Tesla refresh/Plaid pack (part numbers not publicly available),2021+ refresh,,15.0.14,HW3.1,Tesla technical documentation + batterydesign.net,
Tesla Model S & X (2021+) (100+ kWh),SolaX X3 Hybrid G4,in_catalog,yes,protocol_verified,,Tesla refresh/Plaid pack (part numbers not publicly available),2021+ refresh,,15.0.14,HW3.1,Tesla technical documentation + batterydesign.net,
Tesla Model S & X (2021+) (100+ kWh),SolaX X3-Ultra Hybrid,in_catalog,yes,protocol_verified,,Tesla refresh/Plaid pack (part numbers not publicly available),2021+ refresh,,15.0.14,HW3.1,Tesla technical documentation + batterydesign.net,
Tesla Model S & X (2021+) (100+ kWh),SolaX X3-Ultra Hybrid G4,in_catalog,yes,protocol_verified,,Tesla refresh/Plaid pack (part numbers not publicly available),2021+ refresh,,15.0.14,HW3.1,Tesla technical documentation + batterydesign.net,
Tesla Model S & X (2021+) (100+ kWh),Solis RHI-3P(5-10)K-HVES-5G / S6-EH1P10K-H-US-APST,in_catalog,yes,protocol_verified,,Tesla refresh/Plaid pack (part numbers not publicly available),2021+ refresh,,15.0.14,HW3.1,Tesla technical documentation + batterydesign.net,
Tesla Model S & X (2021+) (100+ kWh),Solis RHI-3P(5-10)K-HVES-5G / S6-EH3P-(5-10.0K)-H-EU,in_catalog,yes,protocol_verified,,Tesla refresh/Plaid pack (part numbers not publicly available),2021+ refresh,,15.0.14,HW3.1,Tesla technical documentation + batterydesign.net,
Tesla Model S & X (2021+) (100+ kWh),Solis S5-EH1P (3-6) K-L (5-6 kW 1P US),in_catalog,yes,protocol_verified,,Tesla refresh/Plaid pack (part numbers not publicly available),2021+ refresh,,15.0.14,HW3.1,Tesla technical documentation + batterydesign.net,
Tesla Model S & X (2021+) (100+ kWh),Solis S6-EH3P(8-15)K-H 8-15 kW 3P (5-6 kW 1P US),in_catalog,yes,protocol_verified,,Tesla refresh/Plaid pack (part numbers not publicly available),2021+ refresh,,15.0.14,HW3.1,Tesla technical documentation + batterydesign.net,
Tesla Model S & X (2021+) (100+ kWh),Solxpow X3 12-20kW,in_catalog,yes,protocol_verified,,Tesla refresh/Plaid pack (part numbers not publicly available),2021+ refresh,,15.0.14,HW3.1,Tesla technical documentation + batterydesign.net,
Tesla Model S & X (2021+) (100+ kWh),Sungrow SH15T/SH20T/SH25T,in_catalog,yes,protocol_verified,,Tesla refresh/Plaid pack (part numbers not publicly available),2021+ refresh,,15.0.14,HW3.1,Tesla technical documentation + batterydesign.net,
Tesla Model S & X (2021+) (100+ kWh),Sungrow SH3.0/3.6/4.0/5.0/6.0RS,in_catalog,yes,protocol_verified,,Tesla refresh/Plaid pack (part numbers not publicly available),2021+ refresh,,15.0.14,HW3.1,Tesla technical documentation + batterydesign.net,
Tesla Model S & X (2021+) (100+ kWh),Sungrow SH5.0/6.0/8.0/10RT,in_catalog,yes,protocol_verified,,Tesla refresh/Plaid pack (part numbers not publicly available),2021+ refresh,,15.0.14,HW3.1,Tesla technical documentation + batterydesign.net,
Toyota Proace Electric (50/75 kWh) (Stellantis e-CMP),Afore AF17K-THA 230V,in_catalog,yes,in_catalog,,,,,15.0.14,HW3.1,BMS-EV firmware supports this pair based on protocol translation,
Toyota Proace Electric (50/75 kWh) (Stellantis e-CMP),Deye SUN-(29.9-50)K-SG01HP3-EU-BM3,in_catalog,yes,in_catalog,,,,,15.0.14,HW3.1,BMS-EV firmware supports this pair based on protocol translation,
Toyota Proace Electric (50/75 kWh) (Stellantis e-CMP),Deye SUN-(5-20)K-SG01HP3-EU-AM2,in_catalog,yes,in_catalog,,,,,15.0.14,HW3.1,BMS-EV firmware supports this pair based on protocol translation,
Toyota Proace Electric (50/75 kWh) (Stellantis e-CMP),Felicity T-REX-50KHP3G01,in_catalog,yes,in_catalog,,,,,15.0.14,HW3.1,BMS-EV firmware supports this pair based on protocol translation,
Toyota Proace Electric (50/75 kWh) (Stellantis e-CMP),Ferroamp EnergyHub,in_catalog,yes,in_catalog,,,,,15.0.14,HW3.1,BMS-EV firmware supports this pair based on protocol translation,
Toyota Proace Electric (50/75 kWh) (Stellantis e-CMP),FoxESS H1/AC1,in_catalog,yes,in_catalog,,,,,15.0.14,HW3.1,BMS-EV firmware supports this pair based on protocol translation,
Toyota Proace Electric (50/75 kWh) (Stellantis e-CMP),FoxESS H3 Pro,in_catalog,yes,in_catalog,,,,,15.0.14,HW3.1,BMS-EV firmware supports this pair based on protocol translation,
Toyota Proace Electric (50/75 kWh) (Stellantis e-CMP),FoxESS H3 Smart,in_catalog,yes,in_catalog,,,,,15.0.14,HW3.1,BMS-EV firmware supports this pair based on protocol translation,
Toyota Proace Electric (50/75 kWh) (Stellantis e-CMP),FoxESS H3/AC3,in_catalog,yes,in_catalog,,,,,15.0.14,HW3.1,BMS-EV firmware supports this pair based on protocol translation,
Toyota Proace Electric (50/75 kWh) (Stellantis e-CMP),Fronius Primo Gen24 Plus,in_catalog,yes,in_catalog,,,,,15.0.14,HW3.1,BMS-EV firmware supports this pair based on protocol translation,
Toyota Proace Electric (50/75 kWh) (Stellantis e-CMP),Fronius Symo Gen24 Plus,in_catalog,yes,in_catalog,,,,,15.0.14,HW3.1,BMS-EV firmware supports this pair based on protocol translation,
Toyota Proace Electric (50/75 kWh) (Stellantis e-CMP),Fronius Symo Hybrid 3.0/4.0/5.0-3-S,in_catalog,yes,in_catalog,,,,,15.0.14,HW3.1,BMS-EV firmware supports this pair based on protocol translation,
Toyota Proace Electric (50/75 kWh) (Stellantis e-CMP),Fronius Verto Plus 15-33kW,in_catalog,yes,in_catalog,,,,,15.0.14,HW3.1,BMS-EV firmware supports this pair based on protocol translation,
Toyota Proace Electric (50/75 kWh) (Stellantis e-CMP),GoodWe A-ES hybrid inverter (America Split Phase),in_catalog,yes,in_catalog,,,,,15.0.14,HW3.1,BMS-EV firmware supports this pair based on protocol translation,
Toyota Proace Electric (50/75 kWh) (Stellantis e-CMP),GoodWe BH AC battery inverter,in_catalog,yes,in_catalog,,,,,15.0.14,HW3.1,BMS-EV firmware supports this pair based on protocol translation,
Toyota Proace Electric (50/75 kWh) (Stellantis e-CMP),GoodWe BT AC battery inverter,in_catalog,yes,in_catalog,,,,,15.0.14,HW3.1,BMS-EV firmware supports this pair based on protocol translation,
Toyota Proace Electric (50/75 kWh) (Stellantis e-CMP),GoodWe EH hybrid solar,in_catalog,yes,in_catalog,,,,,15.0.14,HW3.1,BMS-EV firmware supports this pair based on protocol translation,
Toyota Proace Electric (50/75 kWh) (Stellantis e-CMP),GoodWe EHB high voltage battery,in_catalog,yes,in_catalog,,,,,15.0.14,HW3.1,BMS-EV firmware supports this pair based on protocol translation,
Toyota Proace Electric (50/75 kWh) (Stellantis e-CMP),GoodWe EHB hybrid inverter (South Africa only),in_catalog,yes,in_catalog,,,,,15.0.14,HW3.1,BMS-EV firmware supports this pair based on protocol translation,
Toyota Proace Electric (50/75 kWh) (Stellantis e-CMP),GoodWe ES hybrid solar,in_catalog,yes,in_catalog,,,,,15.0.14,HW3.1,BMS-EV firmware supports this pair based on protocol translation,
Toyota Proace Electric (50/75 kWh) (Stellantis e-CMP),GoodWe ET hybrid solar,in_catalog,yes,in_catalog,,,,,15.0.14,HW3.1,BMS-EV firmware supports this pair based on protocol translation,
Toyota Proace Electric (50/75 kWh) (Stellantis e-CMP),GoodWe SBP battery inverter,in_catalog,yes,in_catalog,,,,,15.0.14,HW3.1,BMS-EV firmware supports this pair based on protocol translation,
Toyota Proace Electric (50/75 kWh) (Stellantis e-CMP),Growatt HV Growatt SPH,in_catalog,yes,in_catalog,,,,,15.0.14,HW3.1,BMS-EV firmware supports this pair based on protocol translation,
Toyota Proace Electric (50/75 kWh) (Stellantis e-CMP),Growatt HV Growatt SPH (TL3-BH-UP) (5-10kW 3P),in_catalog,yes,in_catalog,,,,,15.0.14,HW3.1,BMS-EV firmware supports this pair based on protocol translation,
Toyota Proace Electric (50/75 kWh) (Stellantis e-CMP),Growatt LV Growatt SPH (4.6-10) (TL3-BH) (5-10kW 3P),in_catalog,yes,in_catalog,,,,,15.0.14,HW3.1,BMS-EV firmware supports this pair based on protocol translation,
Toyota Proace Electric (50/75 kWh) (Stellantis e-CMP),Growatt WIT 50-100K-HU,in_catalog,yes,in_catalog,,,,,15.0.14,HW3.1,BMS-EV firmware supports this pair based on protocol translation,
Toyota Proace Electric (50/75 kWh) (Stellantis e-CMP),Growatt WIT 50-100K-HU (TL3-BH-UP) (5-10kW 3P),in_catalog,yes,in_catalog,,,,,15.0.14,HW3.1,BMS-EV firmware supports this pair based on protocol translation,
Toyota Proace Electric (50/75 kWh) (Stellantis e-CMP),Hoymiles HYT/HAT-HV,in_catalog,yes,in_catalog,,,,,15.0.14,HW3.1,BMS-EV firmware supports this pair based on protocol translation,
Toyota Proace Electric (50/75 kWh) (Stellantis e-CMP),Kostal Plenticore Plus (3.0-10),in_catalog,yes,in_catalog,,,,,15.0.14,HW3.1,BMS-EV firmware supports this pair based on protocol translation,
Toyota Proace Electric (50/75 kWh) (Stellantis e-CMP),Maple Leaf Northern Fox H1-H3-AC1-KH,in_catalog,yes,in_catalog,,,,,15.0.14,HW3.1,BMS-EV firmware supports this pair based on protocol translation,
Toyota Proace Electric (50/75 kWh) (Stellantis e-CMP),SAJ H2 Hybrid (3-12)K-S2,in_catalog,yes,in_catalog,,,,,15.0.14,HW3.1,BMS-EV firmware supports this pair based on protocol translation,
Toyota Proace Electric (50/75 kWh) (Stellantis e-CMP),SMA Sunny Boy Smart Energy 3.6 / 4.0 / 5.0 / 6.0-50 Hybrid Inverter,in_catalog,yes,in_catalog,,,,,15.0.14,HW3.1,BMS-EV firmware supports this pair based on protocol translation,
Toyota Proace Electric (50/75 kWh) (Stellantis e-CMP),SMA Sunny Boy Smart Energy 3.6-6.0,in_catalog,yes,in_catalog,,,,,15.0.14,HW3.1,BMS-EV firmware supports this pair based on protocol translation,
Toyota Proace Electric (50/75 kWh) (Stellantis e-CMP),SMA Sunny Boy Storage 2.5,in_catalog,yes,in_catalog,,,,,15.0.14,HW3.1,BMS-EV firmware supports this pair based on protocol translation,
Toyota Proace Electric (50/75 kWh) (Stellantis e-CMP),SMA Sunny Boy Storage 2.5 / 3.7 / 5.0 / 6.0,in_catalog,yes,in_catalog,,,,,15.0.14,HW3.1,BMS-EV firmware supports this pair based on protocol translation,
Toyota Proace Electric (50/75 kWh) (Stellantis e-CMP),SMA Sunny Tripower Smart 5.0-10.0 SE,in_catalog,yes,in_catalog,,,,,15.0.14,HW3.1,BMS-EV firmware supports this pair based on protocol translation,
Toyota Proace Electric (50/75 kWh) (Stellantis e-CMP),SMA Sunny Tripower X,in_catalog,yes,in_catalog,,,,,15.0.14,HW3.1,BMS-EV firmware supports this pair based on protocol translation,
Toyota Proace Electric (50/75 kWh) (Stellantis e-CMP),Sofar 5K...20KTL-3PH,in_catalog,yes,in_catalog,,,,,15.0.14,HW3.1,BMS-EV firmware supports this pair based on protocol translation,
Toyota Proace Electric (50/75 kWh) (Stellantis e-CMP),Sofar HYD (3-20)KTL-3PH,in_catalog,yes,in_catalog,,,,,15.0.14,HW3.1,BMS-EV firmware supports this pair based on protocol translation,
Toyota Proace Electric (50/75 kWh) (Stellantis e-CMP),SolaX X1 Hybrid,in_catalog,yes,in_catalog,,,,,15.0.14,HW3.1,BMS-EV firmware supports this pair based on protocol translation,
Toyota Proace Electric (50/75 kWh) (Stellantis e-CMP),SolaX X1 Hybrid G4,in_catalog,yes,in_catalog,,,,,15.0.14,HW3.1,BMS-EV firmware supports this pair based on protocol translation,
Toyota Proace Electric (50/75 kWh) (Stellantis e-CMP),SolaX X3 Hybrid,in_catalog,yes,in_catalog,,,,,15.0.14,HW3.1,BMS-EV firmware supports this pair based on protocol translation,
Toyota Proace Electric (50/75 kWh) (Stellantis e-CMP),SolaX X3 Hybrid G4,in_catalog,yes,in_catalog,,,,,15.0.14,HW3.1,BMS-EV firmware supports this pair based on protocol translation,
Toyota Proace Electric (50/75 kWh) (Stellantis e-CMP),SolaX X3-Ultra Hybrid,in_catalog,yes,in_catalog,,,,,15.0.14,HW3.1,BMS-EV firmware supports this pair based on protocol translation,
Toyota Proace Electric (50/75 kWh) (Stellantis e-CMP),Solis RHI-3P(5-10)K-HVES-5G / S6-EH1P10K-H-US-APST,in_catalog,yes,in_catalog,,,,,15.0.14,HW3.1,BMS-EV firmware supports this pair based on protocol translation,
Toyota Proace Electric (50/75 kWh) (Stellantis e-CMP),Solis RHI-3P(5-10)K-HVES-5G / S6-EH3P-(5-10.0K)-H-EU,in_catalog,yes,in_catalog,,,,,15.0.14,HW3.1,BMS-EV firmware supports this pair based on protocol translation,
Toyota Proace Electric (50/75 kWh) (Stellantis e-CMP),Solis S5-EH1P (3-6) K-L (5-6 kW 1P US),in_catalog,yes,in_catalog,,,,,15.0.14,HW3.1,BMS-EV firmware supports this pair based on protocol translation,
Toyota Proace Electric (50/75 kWh) (Stellantis e-CMP),Solis S6-EH3P(8-15)K-H 8-15 kW 3P (5-6 kW 1P US),in_catalog,yes,in_catalog,,,,,15.0.14,HW3.1,BMS-EV firmware supports this pair based on protocol translation,
Toyota Proace Electric (50/75 kWh) (Stellantis e-CMP),Solxpow Solxpow X3 12-20kW,in_catalog,yes,in_catalog,,,,,15.0.14,HW3.1,BMS-EV firmware supports this pair based on protocol translation,
Toyota Proace Electric (50/75 kWh) (Stellantis e-CMP),Sungrow SH15T/SH20T/SH25T,in_catalog,yes,in_catalog,,,,,15.0.14,HW3.1,BMS-EV firmware supports this pair based on protocol translation,
Toyota Proace Electric (50/75 kWh) (Stellantis e-CMP),Sungrow SH3.0/3.6/4.0/5.0/6.0RS,in_catalog,yes,in_catalog,,,,,15.0.14,HW3.1,BMS-EV firmware supports this pair based on protocol translation,
Toyota Proace Electric (50/75 kWh) (Stellantis e-CMP),Sungrow SH5.0/6.0/8.0/10RT,in_catalog,yes,in_catalog,,,,,15.0.14,HW3.1,BMS-EV firmware supports this pair based on protocol translation,
Toyota Proace EV (2020-) (Stellantis e-CMP),Huawei SUN2000-(2-6)KTL-L1 (400V),in_catalog,yes,in_catalog,,,,,15.0.14,HW3.1,BMS-EV firmware supports this pair based on protocol translation,
Toyota Proace EV (2020-) (Stellantis e-CMP),Huawei SUN2000-(3-20)K-MB0 (400V),in_catalog,yes,in_catalog,,,,,15.0.14,HW3.1,BMS-EV firmware supports this pair based on protocol translation,
Volkswagen MEB Platform (48/55/61/82 kWh),Afore AF17K-THA 230V,in_catalog,yes,protocol_verified,,VW 5WA915599x (55 kWh 8-module) / 5WA915599y (61 kWh 9-module) / 5WA915599z (82 kWh 12-module),"2020+ MEB1, 2023+ MEB2",,15.0.14,HW3.1,batterydesign.net VW ID.3/4/5 + dalathegreat MEB,
Volkswagen MEB Platform (48/55/61/82 kWh),Deye SUN-(29.9-50)K-SG01HP3-EU-BM3,in_catalog,yes,protocol_verified,,VW 5WA915599x (55 kWh 8-module) / 5WA915599y (61 kWh 9-module) / 5WA915599z (82 kWh 12-module),"2020+ MEB1, 2023+ MEB2",,15.0.14,HW3.1,batterydesign.net VW ID.3/4/5 + dalathegreat MEB,
Volkswagen MEB Platform (48/55/61/82 kWh),Deye SUN-(5-20)K-SG01HP3-EU-AM2,in_catalog,yes,protocol_verified,,VW 5WA915599x (55 kWh 8-module) / 5WA915599y (61 kWh 9-module) / 5WA915599z (82 kWh 12-module),"2020+ MEB1, 2023+ MEB2",,15.0.14,HW3.1,batterydesign.net VW ID.3/4/5 + dalathegreat MEB,
Volkswagen MEB Platform (48/55/61/82 kWh),Felicity T-REX-50KHP3G01,in_catalog,yes,protocol_verified,,VW 5WA915599x (55 kWh 8-module) / 5WA915599y (61 kWh 9-module) / 5WA915599z (82 kWh 12-module),"2020+ MEB1, 2023+ MEB2",,15.0.14,HW3.1,batterydesign.net VW ID.3/4/5 + dalathegreat MEB,
Volkswagen MEB Platform (48/55/61/82 kWh),Ferroamp EnergyHub,in_catalog,yes,protocol_verified,,VW 5WA915599x (55 kWh 8-module) / 5WA915599y (61 kWh 9-module) / 5WA915599z (82 kWh 12-module),"2020+ MEB1, 2023+ MEB2",,15.0.14,HW3.1,batterydesign.net VW ID.3/4/5 + dalathegreat MEB,
Volkswagen MEB Platform (48/55/61/82 kWh),FoxESS H1/AC1,in_catalog,yes,protocol_verified,,VW 5WA915599x (55 kWh 8-module) / 5WA915599y (61 kWh 9-module) / 5WA915599z (82 kWh 12-module),"2020+ MEB1, 2023+ MEB2",,15.0.14,HW3.1,batterydesign.net VW ID.3/4/5 + dalathegreat MEB,
Volkswagen MEB Platform (48/55/61/82 kWh),FoxESS H3 Pro,in_catalog,yes,protocol_verified,,VW 5WA915599x (55 kWh 8-module) / 5WA915599y (61 kWh 9-module) / 5WA915599z (82 kWh 12-module),"2020+ MEB1, 2023+ MEB2",,15.0.14,HW3.1,batterydesign.net VW ID.3/4/5 + dalathegreat MEB,
Volkswagen MEB Platform (48/55/61/82 kWh),FoxESS H3 Smart,in_catalog,yes,protocol_verified,,VW 5WA915599x (55 kWh 8-module) / 5WA915599y (61 kWh 9-module) / 5WA915599z (82 kWh 12-module),"2020+ MEB1, 2023+ MEB2",,15.0.14,HW3.1,batterydesign.net VW ID.3/4/5 + dalathegreat MEB,
Volkswagen MEB Platform (48/55/61/82 kWh),FoxESS H3/AC3,in_catalog,yes,protocol_verified,,VW 5WA915599x (55 kWh 8-module) / 5WA915599y (61 kWh 9-module) / 5WA915599z (82 kWh 12-module),"2020+ MEB1, 2023+ MEB2",,15.0.14,HW3.1,batterydesign.net VW ID.3/4/5 + dalathegreat MEB,
Volkswagen MEB Platform (48/55/61/82 kWh),Fronius Primo Gen24 Plus,in_catalog,yes,protocol_verified,,VW 5WA915599x (55 kWh 8-module) / 5WA915599y (61 kWh 9-module) / 5WA915599z (82 kWh 12-module),"2020+ MEB1, 2023+ MEB2",,15.0.14,HW3.1,batterydesign.net VW ID.3/4/5 + dalathegreat MEB,
Volkswagen MEB Platform (48/55/61/82 kWh),Fronius Symo Gen24 Plus,in_catalog,yes,protocol_verified,,VW 5WA915599x (55 kWh 8-module) / 5WA915599y (61 kWh 9-module) / 5WA915599z (82 kWh 12-module),"2020+ MEB1, 2023+ MEB2",,15.0.14,HW3.1,batterydesign.net VW ID.3/4/5 + dalathegreat MEB,
Volkswagen MEB Platform (48/55/61/82 kWh),Fronius Symo Hybrid 3.0/4.0/5.0-3-S,in_catalog,yes,protocol_verified,,VW 5WA915599x (55 kWh 8-module) / 5WA915599y (61 kWh 9-module) / 5WA915599z (82 kWh 12-module),"2020+ MEB1, 2023+ MEB2",,15.0.14,HW3.1,batterydesign.net VW ID.3/4/5 + dalathegreat MEB,
Volkswagen MEB Platform (48/55/61/82 kWh),Fronius Verto Plus 15-33kW,in_catalog,yes,protocol_verified,,VW 5WA915599x (55 kWh 8-module) / 5WA915599y (61 kWh 9-module) / 5WA915599z (82 kWh 12-module),"2020+ MEB1, 2023+ MEB2",,15.0.14,HW3.1,batterydesign.net VW ID.3/4/5 + dalathegreat MEB,
Volkswagen MEB Platform (48/55/61/82 kWh),GoodWe A-ES hybrid inverter (America Split Phase),in_catalog,yes,protocol_verified,,VW 5WA915599x (55 kWh 8-module) / 5WA915599y (61 kWh 9-module) / 5WA915599z (82 kWh 12-module),"2020+ MEB1, 2023+ MEB2",,15.0.14,HW3.1,batterydesign.net VW ID.3/4/5 + dalathegreat MEB,
Volkswagen MEB Platform (48/55/61/82 kWh),GoodWe BH AC battery inverter,in_catalog,yes,protocol_verified,,VW 5WA915599x (55 kWh 8-module) / 5WA915599y (61 kWh 9-module) / 5WA915599z (82 kWh 12-module),"2020+ MEB1, 2023+ MEB2",,15.0.14,HW3.1,batterydesign.net VW ID.3/4/5 + dalathegreat MEB,
Volkswagen MEB Platform (48/55/61/82 kWh),GoodWe BT AC battery inverter,in_catalog,yes,protocol_verified,,VW 5WA915599x (55 kWh 8-module) / 5WA915599y (61 kWh 9-module) / 5WA915599z (82 kWh 12-module),"2020+ MEB1, 2023+ MEB2",,15.0.14,HW3.1,batterydesign.net VW ID.3/4/5 + dalathegreat MEB,
Volkswagen MEB Platform (48/55/61/82 kWh),GoodWe EH hybrid solar,in_catalog,yes,protocol_verified,,VW 5WA915599x (55 kWh 8-module) / 5WA915599y (61 kWh 9-module) / 5WA915599z (82 kWh 12-module),"2020+ MEB1, 2023+ MEB2",,15.0.14,HW3.1,batterydesign.net VW ID.3/4/5 + dalathegreat MEB,
Volkswagen MEB Platform (48/55/61/82 kWh),GoodWe EHB high voltage battery,in_catalog,yes,protocol_verified,,VW 5WA915599x (55 kWh 8-module) / 5WA915599y (61 kWh 9-module) / 5WA915599z (82 kWh 12-module),"2020+ MEB1, 2023+ MEB2",,15.0.14,HW3.1,batterydesign.net VW ID.3/4/5 + dalathegreat MEB,
Volkswagen MEB Platform (48/55/61/82 kWh),GoodWe EHB hybrid inverter (South Africa only),in_catalog,yes,protocol_verified,,VW 5WA915599x (55 kWh 8-module) / 5WA915599y (61 kWh 9-module) / 5WA915599z (82 kWh 12-module),"2020+ MEB1, 2023+ MEB2",,15.0.14,HW3.1,batterydesign.net VW ID.3/4/5 + dalathegreat MEB,
Volkswagen MEB Platform (48/55/61/82 kWh),GoodWe ES hybrid solar,in_catalog,yes,protocol_verified,,VW 5WA915599x (55 kWh 8-module) / 5WA915599y (61 kWh 9-module) / 5WA915599z (82 kWh 12-module),"2020+ MEB1, 2023+ MEB2",,15.0.14,HW3.1,batterydesign.net VW ID.3/4/5 + dalathegreat MEB,
Volkswagen MEB Platform (48/55/61/82 kWh),GoodWe ET hybrid solar,in_catalog,yes,protocol_verified,,VW 5WA915599x (55 kWh 8-module) / 5WA915599y (61 kWh 9-module) / 5WA915599z (82 kWh 12-module),"2020+ MEB1, 2023+ MEB2",,15.0.14,HW3.1,batterydesign.net VW ID.3/4/5 + dalathegreat MEB,
Volkswagen MEB Platform (48/55/61/82 kWh),GoodWe SBP battery inverter,in_catalog,yes,protocol_verified,,VW 5WA915599x (55 kWh 8-module) / 5WA915599y (61 kWh 9-module) / 5WA915599z (82 kWh 12-module),"2020+ MEB1, 2023+ MEB2",,15.0.14,HW3.1,batterydesign.net VW ID.3/4/5 + dalathegreat MEB,
Volkswagen MEB Platform (48/55/61/82 kWh),Growatt HV Growatt SPH,in_catalog,yes,protocol_verified,,VW 5WA915599x (55 kWh 8-module) / 5WA915599y (61 kWh 9-module) / 5WA915599z (82 kWh 12-module),"2020+ MEB1, 2023+ MEB2",,15.0.14,HW3.1,batterydesign.net VW ID.3/4/5 + dalathegreat MEB,
Volkswagen MEB Platform (48/55/61/82 kWh),Growatt HV Growatt SPH (TL3-BH-UP) (5-10kW 3P),in_catalog,yes,protocol_verified,,VW 5WA915599x (55 kWh 8-module) / 5WA915599y (61 kWh 9-module) / 5WA915599z (82 kWh 12-module),"2020+ MEB1, 2023+ MEB2",,15.0.14,HW3.1,batterydesign.net VW ID.3/4/5 + dalathegreat MEB,
Volkswagen MEB Platform (48/55/61/82 kWh),Growatt LV Growatt SPH (4.6-10) (TL3-BH) (5-10kW 3P),in_catalog,yes,protocol_verified,,VW 5WA915599x (55 kWh 8-module) / 5WA915599y (61 kWh 9-module) / 5WA915599z (82 kWh 12-module),"2020+ MEB1, 2023+ MEB2",,15.0.14,HW3.1,batterydesign.net VW ID.3/4/5 + dalathegreat MEB,
Volkswagen MEB Platform (48/55/61/82 kWh),Growatt WIT 50-100K-HU,in_catalog,yes,protocol_verified,,VW 5WA915599x (55 kWh 8-module) / 5WA915599y (61 kWh 9-module) / 5WA915599z (82 kWh 12-module),"2020+ MEB1, 2023+ MEB2",,15.0.14,HW3.1,batterydesign.net VW ID.3/4/5 + dalathegreat MEB,
Volkswagen MEB Platform (48/55/61/82 kWh),Growatt WIT 50-100K-HU (TL3-BH-UP) (5-10kW 3P),in_catalog,yes,protocol_verified,,VW 5WA915599x (55 kWh 8-module) / 5WA915599y (61 kWh 9-module) / 5WA915599z (82 kWh 12-module),"2020+ MEB1, 2023+ MEB2",,15.0.14,HW3.1,batterydesign.net VW ID.3/4/5 + dalathegreat MEB,
Volkswagen MEB Platform (48/55/61/82 kWh),Hoymiles HYT/HAT-HV,in_catalog,yes,protocol_verified,,VW 5WA915599x (55 kWh 8-module) / 5WA915599y (61 kWh 9-module) / 5WA915599z (82 kWh 12-module),"2020+ MEB1, 2023+ MEB2",,15.0.14,HW3.1,batterydesign.net VW ID.3/4/5 + dalathegreat MEB,
Volkswagen MEB Platform (48/55/61/82 kWh),Huawei SUN2000-(2-6)KTL-L1 (400V),in_catalog,yes,protocol_verified,,VW 5WA915599x (55 kWh 8-module) / 5WA915599y (61 kWh 9-module) / 5WA915599z (82 kWh 12-module),"2020+ MEB1, 2023+ MEB2",,15.0.14,HW3.1,batterydesign.net VW ID.3/4/5 + dalathegreat MEB,
Volkswagen MEB Platform (48/55/61/82 kWh),Huawei SUN2000-(3-20)K-MB0 (400V),in_catalog,yes,protocol_verified,,VW 5WA915599x (55 kWh 8-module) / 5WA915599y (61 kWh 9-module) / 5WA915599z (82 kWh 12-module),"2020+ MEB1, 2023+ MEB2",,15.0.14,HW3.1,batterydesign.net VW ID.3/4/5 + dalathegreat MEB,
Volkswagen MEB Platform (48/55/61/82 kWh),Kostal Plenticore Plus (3.0-10),in_catalog,yes,protocol_verified,,VW 5WA915599x (55 kWh 8-module) / 5WA915599y (61 kWh 9-module) / 5WA915599z (82 kWh 12-module),"2020+ MEB1, 2023+ MEB2",,15.0.14,HW3.1,batterydesign.net VW ID.3/4/5 + dalathegreat MEB,
Volkswagen MEB Platform (48/55/61/82 kWh),Maple Leaf Northern Fox H1-H3-AC1-KH,in_catalog,yes,protocol_verified,,VW 5WA915599x (55 kWh 8-module) / 5WA915599y (61 kWh 9-module) / 5WA915599z (82 kWh 12-module),"2020+ MEB1, 2023+ MEB2",,15.0.14,HW3.1,batterydesign.net VW ID.3/4/5 + dalathegreat MEB,
Volkswagen MEB Platform (48/55/61/82 kWh),SAJ H2 Hybrid (3-12)K-S2,in_catalog,yes,protocol_verified,,VW 5WA915599x (55 kWh 8-module) / 5WA915599y (61 kWh 9-module) / 5WA915599z (82 kWh 12-module),"2020+ MEB1, 2023+ MEB2",,15.0.14,HW3.1,batterydesign.net VW ID.3/4/5 + dalathegreat MEB,
Volkswagen MEB Platform (48/55/61/82 kWh),SMA Sunny Boy Smart Energy 3.6 / 4.0 / 5.0 / 6.0-50 Hybrid Inverter,in_catalog,yes,protocol_verified,,VW 5WA915599x (55 kWh 8-module) / 5WA915599y (61 kWh 9-module) / 5WA915599z (82 kWh 12-module),"2020+ MEB1, 2023+ MEB2",,15.0.14,HW3.1,batterydesign.net VW ID.3/4/5 + dalathegreat MEB,
Volkswagen MEB Platform (48/55/61/82 kWh),SMA Sunny Boy Smart Energy 3.6-6.0,in_catalog,yes,protocol_verified,,VW 5WA915599x (55 kWh 8-module) / 5WA915599y (61 kWh 9-module) / 5WA915599z (82 kWh 12-module),"2020+ MEB1, 2023+ MEB2",,15.0.14,HW3.1,batterydesign.net VW ID.3/4/5 + dalathegreat MEB,
Volkswagen MEB Platform (48/55/61/82 kWh),SMA Sunny Boy Storage 2.5,in_catalog,yes,protocol_verified,,VW 5WA915599x (55 kWh 8-module) / 5WA915599y (61 kWh 9-module) / 5WA915599z (82 kWh 12-module),"2020+ MEB1, 2023+ MEB2",,15.0.14,HW3.1,batterydesign.net VW ID.3/4/5 + dalathegreat MEB,
Volkswagen MEB Platform (48/55/61/82 kWh),SMA Sunny Boy Storage 2.5 / 3.7 / 5.0 / 6.0,in_catalog,yes,protocol_verified,,VW 5WA915599x (55 kWh 8-module) / 5WA915599y (61 kWh 9-module) / 5WA915599z (82 kWh 12-module),"2020+ MEB1, 2023+ MEB2",,15.0.14,HW3.1,batterydesign.net VW ID.3/4/5 + dalathegreat MEB,
Volkswagen MEB Platform (48/55/61/82 kWh),SMA Sunny Tripower Smart 5.0-10.0 SE,in_catalog,yes,protocol_verified,,VW 5WA915599x (55 kWh 8-module) / 5WA915599y (61 kWh 9-module) / 5WA915599z (82 kWh 12-module),"2020+ MEB1, 2023+ MEB2",,15.0.14,HW3.1,batterydesign.net VW ID.3/4/5 + dalathegreat MEB,
Volkswagen MEB Platform (48/55/61/82 kWh),SMA Sunny Tripower X,in_catalog,yes,protocol_verified,,VW 5WA915599x (55 kWh 8-module) / 5WA915599y (61 kWh 9-module) / 5WA915599z (82 kWh 12-module),"2020+ MEB1, 2023+ MEB2",,15.0.14,HW3.1,batterydesign.net VW ID.3/4/5 + dalathegreat MEB,
Volkswagen MEB Platform (48/55/61/82 kWh),Sofar 5K...20KTL-3PH,in_catalog,yes,protocol_verified,,VW 5WA915599x (55 kWh 8-module) / 5WA915599y (61 kWh 9-module) / 5WA915599z (82 kWh 12-module),"2020+ MEB1, 2023+ MEB2",,15.0.14,HW3.1,batterydesign.net VW ID.3/4/5 + dalathegreat MEB,
Volkswagen MEB Platform (48/55/61/82 kWh),Sofar HYD (3-20)KTL-3PH,in_catalog,yes,protocol_verified,,VW 5WA915599x (55 kWh 8-module) / 5WA915599y (61 kWh 9-module) / 5WA915599z (82 kWh 12-module),"2020+ MEB1, 2023+ MEB2",,15.0.14,HW3.1,batterydesign.net VW ID.3/4/5 + dalathegreat MEB,
Volkswagen MEB Platform (48/55/61/82 kWh),SolaX X1 Hybrid,in_catalog,yes,protocol_verified,,VW 5WA915599x (55 kWh 8-module) / 5WA915599y (61 kWh 9-module) / 5WA915599z (82 kWh 12-module),"2020+ MEB1, 2023+ MEB2",,15.0.14,HW3.1,batterydesign.net VW ID.3/4/5 + dalathegreat MEB,
Volkswagen MEB Platform (48/55/61/82 kWh),SolaX X1 Hybrid G4,in_catalog,yes,protocol_verified,,VW 5WA915599x (55 kWh 8-module) / 5WA915599y (61 kWh 9-module) / 5WA915599z (82 kWh 12-module),"2020+ MEB1, 2023+ MEB2",,15.0.14,HW3.1,batterydesign.net VW ID.3/4/5 + dalathegreat MEB,
Volkswagen MEB Platform (48/55/61/82 kWh),SolaX X3 Hybrid,in_catalog,yes,protocol_verified,,VW 5WA915599x (55 kWh 8-module) / 5WA915599y (61 kWh 9-module) / 5WA915599z (82 kWh 12-module),"2020+ MEB1, 2023+ MEB2",,15.0.14,HW3.1,batterydesign.net VW ID.3/4/5 + dalathegreat MEB,
Volkswagen MEB Platform (48/55/61/82 kWh),SolaX X3 Hybrid G4,in_catalog,yes,protocol_verified,,VW 5WA915599x (55 kWh 8-module) / 5WA915599y (61 kWh 9-module) / 5WA915599z (82 kWh 12-module),"2020+ MEB1, 2023+ MEB2",,15.0.14,HW3.1,batterydesign.net VW ID.3/4/5 + dalathegreat MEB,
Volkswagen MEB Platform (48/55/61/82 kWh),SolaX X3-Ultra Hybrid,in_catalog,yes,protocol_verified,,VW 5WA915599x (55 kWh 8-module) / 5WA915599y (61 kWh 9-module) / 5WA915599z (82 kWh 12-module),"2020+ MEB1, 2023+ MEB2",,15.0.14,HW3.1,batterydesign.net VW ID.3/4/5 + dalathegreat MEB,
Volkswagen MEB Platform (48/55/61/82 kWh),Solis RHI-3P(5-10)K-HVES-5G / S6-EH1P10K-H-US-APST,in_catalog,yes,protocol_verified,,VW 5WA915599x (55 kWh 8-module) / 5WA915599y (61 kWh 9-module) / 5WA915599z (82 kWh 12-module),"2020+ MEB1, 2023+ MEB2",,15.0.14,HW3.1,batterydesign.net VW ID.3/4/5 + dalathegreat MEB,
Volkswagen MEB Platform (48/55/61/82 kWh),Solis RHI-3P(5-10)K-HVES-5G / S6-EH3P-(5-10.0K)-H-EU,in_catalog,yes,protocol_verified,,VW 5WA915599x (55 kWh 8-module) / 5WA915599y (61 kWh 9-module) / 5WA915599z (82 kWh 12-module),"2020+ MEB1, 2023+ MEB2",,15.0.14,HW3.1,batterydesign.net VW ID.3/4/5 + dalathegreat MEB,
Volkswagen MEB Platform (48/55/61/82 kWh),Solis S5-EH1P (3-6) K-L (5-6 kW 1P US),in_catalog,yes,protocol_verified,,VW 5WA915599x (55 kWh 8-module) / 5WA915599y (61 kWh 9-module) / 5WA915599z (82 kWh 12-module),"2020+ MEB1, 2023+ MEB2",,15.0.14,HW3.1,batterydesign.net VW ID.3/4/5 + dalathegreat MEB,
Volkswagen MEB Platform (48/55/61/82 kWh),Solis S6-EH3P(8-15)K-H 8-15 kW 3P (5-6 kW 1P US),in_catalog,yes,protocol_verified,,VW 5WA915599x (55 kWh 8-module) / 5WA915599y (61 kWh 9-module) / 5WA915599z (82 kWh 12-module),"2020+ MEB1, 2023+ MEB2",,15.0.14,HW3.1,batterydesign.net VW ID.3/4/5 + dalathegreat MEB,
Volkswagen MEB Platform (48/55/61/82 kWh),Solxpow Solxpow X3 12-20kW,in_catalog,yes,protocol_verified,,VW 5WA915599x (55 kWh 8-module) / 5WA915599y (61 kWh 9-module) / 5WA915599z (82 kWh 12-module),"2020+ MEB1, 2023+ MEB2",,15.0.14,HW3.1,batterydesign.net VW ID.3/4/5 + dalathegreat MEB,
Volkswagen MEB Platform (48/55/61/82 kWh),Sungrow SH15T/SH20T/SH25T,in_catalog,yes,protocol_verified,,VW 5WA915599x (55 kWh 8-module) / 5WA915599y (61 kWh 9-module) / 5WA915599z (82 kWh 12-module),"2020+ MEB1, 2023+ MEB2",,15.0.14,HW3.1,batterydesign.net VW ID.3/4/5 + dalathegreat MEB,
Volkswagen MEB Platform (48/55/61/82 kWh),Sungrow SH3.0/3.6/4.0/5.0/6.0RS,in_catalog,yes,protocol_verified,,VW 5WA915599x (55 kWh 8-module) / 5WA915599y (61 kWh 9-module) / 5WA915599z (82 kWh 12-module),"2020+ MEB1, 2023+ MEB2",,15.0.14,HW3.1,batterydesign.net VW ID.3/4/5 + dalathegreat MEB,
Volkswagen MEB Platform (48/55/61/82 kWh),Sungrow SH5.0/6.0/8.0/10RT,in_catalog,yes,protocol_verified,,VW 5WA915599x (55 kWh 8-module) / 5WA915599y (61 kWh 9-module) / 5WA915599z (82 kWh 12-module),"2020+ MEB1, 2023+ MEB2",,15.0.14,HW3.1,batterydesign.net VW ID.3/4/5 + dalathegreat MEB,
Volvo EX30 (49/69 kWh),Afore AF17K-THA 230V,in_catalog,yes,protocol_verified,,"Volvo EX30 pack (49 kWh LFP / 69 kWh NMC, SEA1 Geely platform)",2024+,,15.0.14,HW3.1,Volvo technical documentation,
Volvo EX30 (49/69 kWh),Deye SUN-(29.9-50)K-SG01HP3-EU-BM3,in_catalog,yes,protocol_verified,,"Volvo EX30 pack (49 kWh LFP / 69 kWh NMC, SEA1 Geely platform)",2024+,,15.0.14,HW3.1,Volvo technical documentation,
Volvo EX30 (49/69 kWh),Deye SUN-(5-20)K-SG01HP3-EU-AM2,in_catalog,yes,protocol_verified,,"Volvo EX30 pack (49 kWh LFP / 69 kWh NMC, SEA1 Geely platform)",2024+,,15.0.14,HW3.1,Volvo technical documentation,
Volvo EX30 (49/69 kWh),Felicity T-REX-50KHP3G01,in_catalog,yes,protocol_verified,,"Volvo EX30 pack (49 kWh LFP / 69 kWh NMC, SEA1 Geely platform)",2024+,,15.0.14,HW3.1,Volvo technical documentation,
Volvo EX30 (49/69 kWh),Ferroamp EnergyHub,in_catalog,yes,protocol_verified,,"Volvo EX30 pack (49 kWh LFP / 69 kWh NMC, SEA1 Geely platform)",2024+,,15.0.14,HW3.1,Volvo technical documentation,
Volvo EX30 (49/69 kWh),FoxESS H1/AC1,in_catalog,yes,protocol_verified,,"Volvo EX30 pack (49 kWh LFP / 69 kWh NMC, SEA1 Geely platform)",2024+,,15.0.14,HW3.1,Volvo technical documentation,
Volvo EX30 (49/69 kWh),FoxESS H3 Pro,in_catalog,yes,protocol_verified,,"Volvo EX30 pack (49 kWh LFP / 69 kWh NMC, SEA1 Geely platform)",2024+,,15.0.14,HW3.1,Volvo technical documentation,
Volvo EX30 (49/69 kWh),FoxESS H3 Smart,in_catalog,yes,protocol_verified,,"Volvo EX30 pack (49 kWh LFP / 69 kWh NMC, SEA1 Geely platform)",2024+,,15.0.14,HW3.1,Volvo technical documentation,
Volvo EX30 (49/69 kWh),FoxESS H3/AC3,in_catalog,yes,protocol_verified,,"Volvo EX30 pack (49 kWh LFP / 69 kWh NMC, SEA1 Geely platform)",2024+,,15.0.14,HW3.1,Volvo technical documentation,
Volvo EX30 (49/69 kWh),Fronius Primo Gen24 Plus,in_catalog,yes,protocol_verified,,"Volvo EX30 pack (49 kWh LFP / 69 kWh NMC, SEA1 Geely platform)",2024+,,15.0.14,HW3.1,Volvo technical documentation,
Volvo EX30 (49/69 kWh),Fronius Symo Gen24 Plus,in_catalog,yes,protocol_verified,,"Volvo EX30 pack (49 kWh LFP / 69 kWh NMC, SEA1 Geely platform)",2024+,,15.0.14,HW3.1,Volvo technical documentation,
Volvo EX30 (49/69 kWh),Fronius Symo Hybrid 3.0/4.0/5.0-3-S,in_catalog,yes,protocol_verified,,"Volvo EX30 pack (49 kWh LFP / 69 kWh NMC, SEA1 Geely platform)",2024+,,15.0.14,HW3.1,Volvo technical documentation,
Volvo EX30 (49/69 kWh),Fronius Verto Plus 15-33kW,in_catalog,yes,protocol_verified,,"Volvo EX30 pack (49 kWh LFP / 69 kWh NMC, SEA1 Geely platform)",2024+,,15.0.14,HW3.1,Volvo technical documentation,
Volvo EX30 (49/69 kWh),GoodWe A-ES hybrid inverter (America Split Phase),in_catalog,yes,protocol_verified,,"Volvo EX30 pack (49 kWh LFP / 69 kWh NMC, SEA1 Geely platform)",2024+,,15.0.14,HW3.1,Volvo technical documentation,
Volvo EX30 (49/69 kWh),GoodWe BH AC battery inverter,in_catalog,yes,protocol_verified,,"Volvo EX30 pack (49 kWh LFP / 69 kWh NMC, SEA1 Geely platform)",2024+,,15.0.14,HW3.1,Volvo technical documentation,
Volvo EX30 (49/69 kWh),GoodWe BT AC battery inverter,in_catalog,yes,protocol_verified,,"Volvo EX30 pack (49 kWh LFP / 69 kWh NMC, SEA1 Geely platform)",2024+,,15.0.14,HW3.1,Volvo technical documentation,
Volvo EX30 (49/69 kWh),GoodWe EH hybrid solar,in_catalog,yes,protocol_verified,,"Volvo EX30 pack (49 kWh LFP / 69 kWh NMC, SEA1 Geely platform)",2024+,,15.0.14,HW3.1,Volvo technical documentation,
Volvo EX30 (49/69 kWh),GoodWe EHB high voltage battery,in_catalog,yes,protocol_verified,,"Volvo EX30 pack (49 kWh LFP / 69 kWh NMC, SEA1 Geely platform)",2024+,,15.0.14,HW3.1,Volvo technical documentation,
Volvo EX30 (49/69 kWh),GoodWe EHB hybrid inverter (South Africa only),in_catalog,yes,protocol_verified,,"Volvo EX30 pack (49 kWh LFP / 69 kWh NMC, SEA1 Geely platform)",2024+,,15.0.14,HW3.1,Volvo technical documentation,
Volvo EX30 (49/69 kWh),GoodWe ES hybrid solar,in_catalog,yes,protocol_verified,,"Volvo EX30 pack (49 kWh LFP / 69 kWh NMC, SEA1 Geely platform)",2024+,,15.0.14,HW3.1,Volvo technical documentation,
Volvo EX30 (49/69 kWh),GoodWe ET hybrid solar,in_catalog,yes,protocol_verified,,"Volvo EX30 pack (49 kWh LFP / 69 kWh NMC, SEA1 Geely platform)",2024+,,15.0.14,HW3.1,Volvo technical documentation,
Volvo EX30 (49/69 kWh),GoodWe SBP battery inverter,in_catalog,yes,protocol_verified,,"Volvo EX30 pack (49 kWh LFP / 69 kWh NMC, SEA1 Geely platform)",2024+,,15.0.14,HW3.1,Volvo technical documentation,
Volvo EX30 (49/69 kWh),Growatt HV Growatt SPH,in_catalog,yes,protocol_verified,,"Volvo EX30 pack (49 kWh LFP / 69 kWh NMC, SEA1 Geely platform)",2024+,,15.0.14,HW3.1,Volvo technical documentation,
Volvo EX30 (49/69 kWh),Growatt HV Growatt SPH (TL3-BH-UP) (5-10kW 3P),in_catalog,yes,protocol_verified,,"Volvo EX30 pack (49 kWh LFP / 69 kWh NMC, SEA1 Geely platform)",2024+,,15.0.14,HW3.1,Volvo technical documentation,
Volvo EX30 (49/69 kWh),Growatt LV Growatt SPH (4.6-10) (TL3-BH) (5-10kW 3P),in_catalog,yes,protocol_verified,,"Volvo EX30 pack (49 kWh LFP / 69 kWh NMC, SEA1 Geely platform)",2024+,,15.0.14,HW3.1,Volvo technical documentation,
Volvo EX30 (49/69 kWh),Growatt WIT 50-100K-HU,in_catalog,yes,protocol_verified,,"Volvo EX30 pack (49 kWh LFP / 69 kWh NMC, SEA1 Geely platform)",2024+,,15.0.14,HW3.1,Volvo technical documentation,
Volvo EX30 (49/69 kWh),Growatt WIT 50-100K-HU (TL3-BH-UP) (5-10kW 3P),in_catalog,yes,protocol_verified,,"Volvo EX30 pack (49 kWh LFP / 69 kWh NMC, SEA1 Geely platform)",2024+,,15.0.14,HW3.1,Volvo technical documentation,
Volvo EX30 (49/69 kWh),Hoymiles HYT/HAT-HV,in_catalog,yes,protocol_verified,,"Volvo EX30 pack (49 kWh LFP / 69 kWh NMC, SEA1 Geely platform)",2024+,,15.0.14,HW3.1,Volvo technical documentation,
Volvo EX30 (49/69 kWh),Huawei SUN2000-(2-6)KTL-L1 (400V),in_catalog,yes,protocol_verified,,"Volvo EX30 pack (49 kWh LFP / 69 kWh NMC, SEA1 Geely platform)",2024+,,15.0.14,HW3.1,Volvo technical documentation,
Volvo EX30 (49/69 kWh),Huawei SUN2000-(3-20)K-MB0 (400V),in_catalog,yes,protocol_verified,,"Volvo EX30 pack (49 kWh LFP / 69 kWh NMC, SEA1 Geely platform)",2024+,,15.0.14,HW3.1,Volvo technical documentation,
Volvo EX30 (49/69 kWh),Kostal Plenticore Plus (3.0-10),in_catalog,yes,protocol_verified,,"Volvo EX30 pack (49 kWh LFP / 69 kWh NMC, SEA1 Geely platform)",2024+,,15.0.14,HW3.1,Volvo technical documentation,
Volvo EX30 (49/69 kWh),Maple Leaf Northern Fox H1-H3-AC1-KH,in_catalog,yes,protocol_verified,,"Volvo EX30 pack (49 kWh LFP / 69 kWh NMC, SEA1 Geely platform)",2024+,,15.0.14,HW3.1,Volvo technical documentation,
Volvo EX30 (49/69 kWh),SAJ H2 Hybrid (3-12)K-S2,in_catalog,yes,protocol_verified,,"Volvo EX30 pack (49 kWh LFP / 69 kWh NMC, SEA1 Geely platform)",2024+,,15.0.14,HW3.1,Volvo technical documentation,
Volvo EX30 (49/69 kWh),SMA Sunny Boy Smart Energy 3.6 / 4.0 / 5.0 / 6.0-50 Hybrid Inverter,in_catalog,yes,protocol_verified,,"Volvo EX30 pack (49 kWh LFP / 69 kWh NMC, SEA1 Geely platform)",2024+,,15.0.14,HW3.1,Volvo technical documentation,
Volvo EX30 (49/69 kWh),SMA Sunny Boy Smart Energy 3.6-6.0,in_catalog,yes,protocol_verified,,"Volvo EX30 pack (49 kWh LFP / 69 kWh NMC, SEA1 Geely platform)",2024+,,15.0.14,HW3.1,Volvo technical documentation,
Volvo EX30 (49/69 kWh),SMA Sunny Boy Storage 2.5,in_catalog,yes,protocol_verified,,"Volvo EX30 pack (49 kWh LFP / 69 kWh NMC, SEA1 Geely platform)",2024+,,15.0.14,HW3.1,Volvo technical documentation,
Volvo EX30 (49/69 kWh),SMA Sunny Boy Storage 2.5 / 3.7 / 5.0 / 6.0,in_catalog,yes,protocol_verified,,"Volvo EX30 pack (49 kWh LFP / 69 kWh NMC, SEA1 Geely platform)",2024+,,15.0.14,HW3.1,Volvo technical documentation,
Volvo EX30 (49/69 kWh),SMA Sunny Tripower Smart 5.0-10.0 SE,in_catalog,yes,protocol_verified,,"Volvo EX30 pack (49 kWh LFP / 69 kWh NMC, SEA1 Geely platform)",2024+,,15.0.14,HW3.1,Volvo technical documentation,
Volvo EX30 (49/69 kWh),SMA Sunny Tripower X,in_catalog,yes,protocol_verified,,"Volvo EX30 pack (49 kWh LFP / 69 kWh NMC, SEA1 Geely platform)",2024+,,15.0.14,HW3.1,Volvo technical documentation,
Volvo EX30 (49/69 kWh),Sofar 5K...20KTL-3PH,in_catalog,yes,protocol_verified,,"Volvo EX30 pack (49 kWh LFP / 69 kWh NMC, SEA1 Geely platform)",2024+,,15.0.14,HW3.1,Volvo technical documentation,
Volvo EX30 (49/69 kWh),Sofar HYD (3-20)KTL-3PH,in_catalog,yes,protocol_verified,,"Volvo EX30 pack (49 kWh LFP / 69 kWh NMC, SEA1 Geely platform)",2024+,,15.0.14,HW3.1,Volvo technical documentation,
Volvo EX30 (49/69 kWh),SolaX X1 Hybrid,in_catalog,yes,protocol_verified,,"Volvo EX30 pack (49 kWh LFP / 69 kWh NMC, SEA1 Geely platform)",2024+,,15.0.14,HW3.1,Volvo technical documentation,
Volvo EX30 (49/69 kWh),SolaX X1 Hybrid G4,in_catalog,yes,protocol_verified,,"Volvo EX30 pack (49 kWh LFP / 69 kWh NMC, SEA1 Geely platform)",2024+,,15.0.14,HW3.1,Volvo technical documentation,
Volvo EX30 (49/69 kWh),SolaX X3 Hybrid,in_catalog,yes,protocol_verified,,"Volvo EX30 pack (49 kWh LFP / 69 kWh NMC, SEA1 Geely platform)",2024+,,15.0.14,HW3.1,Volvo technical documentation,
Volvo EX30 (49/69 kWh),SolaX X3 Hybrid G4,in_catalog,yes,protocol_verified,,"Volvo EX30 pack (49 kWh LFP / 69 kWh NMC, SEA1 Geely platform)",2024+,,15.0.14,HW3.1,Volvo technical documentation,
Volvo EX30 (49/69 kWh),SolaX X3-Ultra Hybrid,in_catalog,yes,protocol_verified,,"Volvo EX30 pack (49 kWh LFP / 69 kWh NMC, SEA1 Geely platform)",2024+,,15.0.14,HW3.1,Volvo technical documentation,
Volvo EX30 (49/69 kWh),Solis RHI-3P(5-10)K-HVES-5G / S6-EH1P10K-H-US-APST,in_catalog,yes,protocol_verified,,"Volvo EX30 pack (49 kWh LFP / 69 kWh NMC, SEA1 Geely platform)",2024+,,15.0.14,HW3.1,Volvo technical documentation,
Volvo EX30 (49/69 kWh),Solis RHI-3P(5-10)K-HVES-5G / S6-EH3P-(5-10.0K)-H-EU,in_catalog,yes,protocol_verified,,"Volvo EX30 pack (49 kWh LFP / 69 kWh NMC, SEA1 Geely platform)",2024+,,15.0.14,HW3.1,Volvo technical documentation,
Volvo EX30 (49/69 kWh),Solis S5-EH1P (3-6) K-L (5-6 kW 1P US),in_catalog,yes,protocol_verified,,"Volvo EX30 pack (49 kWh LFP / 69 kWh NMC, SEA1 Geely platform)",2024+,,15.0.14,HW3.1,Volvo technical documentation,
Volvo EX30 (49/69 kWh),Solis S6-EH3P(8-15)K-H 8-15 kW 3P (5-6 kW 1P US),in_catalog,yes,protocol_verified,,"Volvo EX30 pack (49 kWh LFP / 69 kWh NMC, SEA1 Geely platform)",2024+,,15.0.14,HW3.1,Volvo technical documentation,
Volvo EX30 (49/69 kWh),Solxpow Solxpow X3 12-20kW,in_catalog,yes,protocol_verified,,"Volvo EX30 pack (49 kWh LFP / 69 kWh NMC, SEA1 Geely platform)",2024+,,15.0.14,HW3.1,Volvo technical documentation,
Volvo EX30 (49/69 kWh),Sungrow SH15T/SH20T/SH25T,in_catalog,yes,protocol_verified,,"Volvo EX30 pack (49 kWh LFP / 69 kWh NMC, SEA1 Geely platform)",2024+,,15.0.14,HW3.1,Volvo technical documentation,
Volvo EX30 (49/69 kWh),Sungrow SH3.0/3.6/4.0/5.0/6.0RS,in_catalog,yes,protocol_verified,,"Volvo EX30 pack (49 kWh LFP / 69 kWh NMC, SEA1 Geely platform)",2024+,,15.0.14,HW3.1,Volvo technical documentation,
Volvo EX30 (49/69 kWh),Sungrow SH5.0/6.0/8.0/10RT,in_catalog,yes,protocol_verified,,"Volvo EX30 pack (49 kWh LFP / 69 kWh NMC, SEA1 Geely platform)",2024+,,15.0.14,HW3.1,Volvo technical documentation,
Volvo XC40/C40 (69/78/82 kWh),Afore AF17K-THA 230V,in_catalog,yes,protocol_verified,,Volvo CMA platform pack (Geely),2020+ XC40 Recharge / C40,,15.0.14,HW3.1,Volvo technical documentation,
Volvo XC40/C40 (69/78/82 kWh),Deye SUN-(29.9-50)K-SG01HP3-EU-BM3,in_catalog,yes,protocol_verified,,Volvo CMA platform pack (Geely),2020+ XC40 Recharge / C40,,15.0.14,HW3.1,Volvo technical documentation,
Volvo XC40/C40 (69/78/82 kWh),Deye SUN-(5-20)K-SG01HP3-EU-AM2,in_catalog,yes,protocol_verified,,Volvo CMA platform pack (Geely),2020+ XC40 Recharge / C40,,15.0.14,HW3.1,Volvo technical documentation,
Volvo XC40/C40 (69/78/82 kWh),Felicity T-REX-50KHP3G01,in_catalog,yes,protocol_verified,,Volvo CMA platform pack (Geely),2020+ XC40 Recharge / C40,,15.0.14,HW3.1,Volvo technical documentation,
Volvo XC40/C40 (69/78/82 kWh),Ferroamp EnergyHub,in_catalog,yes,protocol_verified,,Volvo CMA platform pack (Geely),2020+ XC40 Recharge / C40,,15.0.14,HW3.1,Volvo technical documentation,
Volvo XC40/C40 (69/78/82 kWh),FoxESS H1/AC1,in_catalog,yes,protocol_verified,,Volvo CMA platform pack (Geely),2020+ XC40 Recharge / C40,,15.0.14,HW3.1,Volvo technical documentation,
Volvo XC40/C40 (69/78/82 kWh),FoxESS H3 Pro,in_catalog,yes,protocol_verified,,Volvo CMA platform pack (Geely),2020+ XC40 Recharge / C40,,15.0.14,HW3.1,Volvo technical documentation,
Volvo XC40/C40 (69/78/82 kWh),FoxESS H3 Smart,in_catalog,yes,protocol_verified,,Volvo CMA platform pack (Geely),2020+ XC40 Recharge / C40,,15.0.14,HW3.1,Volvo technical documentation,
Volvo XC40/C40 (69/78/82 kWh),FoxESS H3/AC3,in_catalog,yes,protocol_verified,,Volvo CMA platform pack (Geely),2020+ XC40 Recharge / C40,,15.0.14,HW3.1,Volvo technical documentation,
Volvo XC40/C40 (69/78/82 kWh),Fronius Primo Gen24 Plus,in_catalog,yes,protocol_verified,,Volvo CMA platform pack (Geely),2020+ XC40 Recharge / C40,,15.0.14,HW3.1,Volvo technical documentation,
Volvo XC40/C40 (69/78/82 kWh),Fronius Symo Gen24 Plus,in_catalog,yes,protocol_verified,,Volvo CMA platform pack (Geely),2020+ XC40 Recharge / C40,,15.0.14,HW3.1,Volvo technical documentation,
Volvo XC40/C40 (69/78/82 kWh),Fronius Symo Hybrid 3.0/4.0/5.0-3-S,in_catalog,yes,protocol_verified,,Volvo CMA platform pack (Geely),2020+ XC40 Recharge / C40,,15.0.14,HW3.1,Volvo technical documentation,
Volvo XC40/C40 (69/78/82 kWh),Fronius Verto Plus 15-33kW,in_catalog,yes,protocol_verified,,Volvo CMA platform pack (Geely),2020+ XC40 Recharge / C40,,15.0.14,HW3.1,Volvo technical documentation,
Volvo XC40/C40 (69/78/82 kWh),GoodWe A-ES hybrid inverter (America Split Phase),in_catalog,yes,protocol_verified,,Volvo CMA platform pack (Geely),2020+ XC40 Recharge / C40,,15.0.14,HW3.1,Volvo technical documentation,
Volvo XC40/C40 (69/78/82 kWh),GoodWe BH AC battery inverter,in_catalog,yes,protocol_verified,,Volvo CMA platform pack (Geely),2020+ XC40 Recharge / C40,,15.0.14,HW3.1,Volvo technical documentation,
Volvo XC40/C40 (69/78/82 kWh),GoodWe BT AC battery inverter,in_catalog,yes,protocol_verified,,Volvo CMA platform pack (Geely),2020+ XC40 Recharge / C40,,15.0.14,HW3.1,Volvo technical documentation,
Volvo XC40/C40 (69/78/82 kWh),GoodWe EH hybrid solar,in_catalog,yes,protocol_verified,,Volvo CMA platform pack (Geely),2020+ XC40 Recharge / C40,,15.0.14,HW3.1,Volvo technical documentation,
Volvo XC40/C40 (69/78/82 kWh),GoodWe EHB high voltage battery,in_catalog,yes,protocol_verified,,Volvo CMA platform pack (Geely),2020+ XC40 Recharge / C40,,15.0.14,HW3.1,Volvo technical documentation,
Volvo XC40/C40 (69/78/82 kWh),GoodWe EHB hybrid inverter (South Africa only),in_catalog,yes,protocol_verified,,Volvo CMA platform pack (Geely),2020+ XC40 Recharge / C40,,15.0.14,HW3.1,Volvo technical documentation,
Volvo XC40/C40 (69/78/82 kWh),GoodWe ES hybrid solar,in_catalog,yes,protocol_verified,,Volvo CMA platform pack (Geely),2020+ XC40 Recharge / C40,,15.0.14,HW3.1,Volvo technical documentation,
Volvo XC40/C40 (69/78/82 kWh),GoodWe ET hybrid solar,in_catalog,yes,protocol_verified,,Volvo CMA platform pack (Geely),2020+ XC40 Recharge / C40,,15.0.14,HW3.1,Volvo technical documentation,
Volvo XC40/C40 (69/78/82 kWh),GoodWe SBP battery inverter,in_catalog,yes,protocol_verified,,Volvo CMA platform pack (Geely),2020+ XC40 Recharge / C40,,15.0.14,HW3.1,Volvo technical documentation,
Volvo XC40/C40 (69/78/82 kWh),Growatt HV Growatt SPH,in_catalog,yes,protocol_verified,,Volvo CMA platform pack (Geely),2020+ XC40 Recharge / C40,,15.0.14,HW3.1,Volvo technical documentation,
Volvo XC40/C40 (69/78/82 kWh),Growatt HV Growatt SPH (TL3-BH-UP) (5-10kW 3P),in_catalog,yes,protocol_verified,,Volvo CMA platform pack (Geely),2020+ XC40 Recharge / C40,,15.0.14,HW3.1,Volvo technical documentation,
Volvo XC40/C40 (69/78/82 kWh),Growatt LV Growatt SPH (4.6-10) (TL3-BH) (5-10kW 3P),in_catalog,yes,protocol_verified,,Volvo CMA platform pack (Geely),2020+ XC40 Recharge / C40,,15.0.14,HW3.1,Volvo technical documentation,
Volvo XC40/C40 (69/78/82 kWh),Growatt WIT 50-100K-HU,in_catalog,yes,protocol_verified,,Volvo CMA platform pack (Geely),2020+ XC40 Recharge / C40,,15.0.14,HW3.1,Volvo technical documentation,
Volvo XC40/C40 (69/78/82 kWh),Growatt WIT 50-100K-HU (TL3-BH-UP) (5-10kW 3P),in_catalog,yes,protocol_verified,,Volvo CMA platform pack (Geely),2020+ XC40 Recharge / C40,,15.0.14,HW3.1,Volvo technical documentation,
Volvo XC40/C40 (69/78/82 kWh),Hoymiles HYT/HAT-HV,in_catalog,yes,protocol_verified,,Volvo CMA platform pack (Geely),2020+ XC40 Recharge / C40,,15.0.14,HW3.1,Volvo technical documentation,
Volvo XC40/C40 (69/78/82 kWh),Huawei SUN2000-(2-6)KTL-L1 (400V),in_catalog,yes,protocol_verified,,Volvo CMA platform pack (Geely),2020+ XC40 Recharge / C40,,15.0.14,HW3.1,Volvo technical documentation,
Volvo XC40/C40 (69/78/82 kWh),Huawei SUN2000-(3-20)K-MB0 (400V),in_catalog,yes,protocol_verified,,Volvo CMA platform pack (Geely),2020+ XC40 Recharge / C40,,15.0.14,HW3.1,Volvo technical documentation,
Volvo XC40/C40 (69/78/82 kWh),Kostal Plenticore Plus (3.0-10),in_catalog,yes,protocol_verified,,Volvo CMA platform pack (Geely),2020+ XC40 Recharge / C40,,15.0.14,HW3.1,Volvo technical documentation,
Volvo XC40/C40 (69/78/82 kWh),Maple Leaf Northern Fox H1-H3-AC1-KH,in_catalog,yes,protocol_verified,,Volvo CMA platform pack (Geely),2020+ XC40 Recharge / C40,,15.0.14,HW3.1,Volvo technical documentation,
Volvo XC40/C40 (69/78/82 kWh),SAJ H2 Hybrid (3-12)K-S2,in_catalog,yes,protocol_verified,,Volvo CMA platform pack (Geely),2020+ XC40 Recharge / C40,,15.0.14,HW3.1,Volvo technical documentation,
Volvo XC40/C40 (69/78/82 kWh),SMA Sunny Boy Smart Energy 3.6 / 4.0 / 5.0 / 6.0-50 Hybrid Inverter,in_catalog,yes,protocol_verified,,Volvo CMA platform pack (Geely),2020+ XC40 Recharge / C40,,15.0.14,HW3.1,Volvo technical documentation,
Volvo XC40/C40 (69/78/82 kWh),SMA Sunny Boy Smart Energy 3.6-6.0,in_catalog,yes,protocol_verified,,Volvo CMA platform pack (Geely),2020+ XC40 Recharge / C40,,15.0.14,HW3.1,Volvo technical documentation,
Volvo XC40/C40 (69/78/82 kWh),SMA Sunny Boy Storage 2.5,in_catalog,yes,protocol_verified,,Volvo CMA platform pack (Geely),2020+ XC40 Recharge / C40,,15.0.14,HW3.1,Volvo technical documentation,
Volvo XC40/C40 (69/78/82 kWh),SMA Sunny Boy Storage 2.5 / 3.7 / 5.0 / 6.0,in_catalog,yes,protocol_verified,,Volvo CMA platform pack (Geely),2020+ XC40 Recharge / C40,,15.0.14,HW3.1,Volvo technical documentation,
Volvo XC40/C40 (69/78/82 kWh),SMA Sunny Tripower Smart 5.0-10.0 SE,in_catalog,yes,protocol_verified,,Volvo CMA platform pack (Geely),2020+ XC40 Recharge / C40,,15.0.14,HW3.1,Volvo technical documentation,
Volvo XC40/C40 (69/78/82 kWh),SMA Sunny Tripower X,in_catalog,yes,protocol_verified,,Volvo CMA platform pack (Geely),2020+ XC40 Recharge / C40,,15.0.14,HW3.1,Volvo technical documentation,
Volvo XC40/C40 (69/78/82 kWh),Sofar 5K...20KTL-3PH,in_catalog,yes,protocol_verified,,Volvo CMA platform pack (Geely),2020+ XC40 Recharge / C40,,15.0.14,HW3.1,Volvo technical documentation,
Volvo XC40/C40 (69/78/82 kWh),Sofar HYD (3-20)KTL-3PH,in_catalog,yes,protocol_verified,,Volvo CMA platform pack (Geely),2020+ XC40 Recharge / C40,,15.0.14,HW3.1,Volvo technical documentation,
Volvo XC40/C40 (69/78/82 kWh),SolaX X1 Hybrid,in_catalog,yes,protocol_verified,,Volvo CMA platform pack (Geely),2020+ XC40 Recharge / C40,,15.0.14,HW3.1,Volvo technical documentation,
Volvo XC40/C40 (69/78/82 kWh),SolaX X1 Hybrid G4,in_catalog,yes,protocol_verified,,Volvo CMA platform pack (Geely),2020+ XC40 Recharge / C40,,15.0.14,HW3.1,Volvo technical documentation,
Volvo XC40/C40 (69/78/82 kWh),SolaX X3 Hybrid,in_catalog,yes,protocol_verified,,Volvo CMA platform pack (Geely),2020+ XC40 Recharge / C40,,15.0.14,HW3.1,Volvo technical documentation,
Volvo XC40/C40 (69/78/82 kWh),SolaX X3 Hybrid G4,in_catalog,yes,protocol_verified,,Volvo CMA platform pack (Geely),2020+ XC40 Recharge / C40,,15.0.14,HW3.1,Volvo technical documentation,
Volvo XC40/C40 (69/78/82 kWh),SolaX X3-Ultra Hybrid,in_catalog,yes,protocol_verified,,Volvo CMA platform pack (Geely),2020+ XC40 Recharge / C40,,15.0.14,HW3.1,Volvo technical documentation,
Volvo XC40/C40 (69/78/82 kWh),Solis RHI-3P(5-10)K-HVES-5G / S6-EH1P10K-H-US-APST,in_catalog,yes,protocol_verified,,Volvo CMA platform pack (Geely),2020+ XC40 Recharge / C40,,15.0.14,HW3.1,Volvo technical documentation,
Volvo XC40/C40 (69/78/82 kWh),Solis RHI-3P(5-10)K-HVES-5G / S6-EH3P-(5-10.0K)-H-EU,in_catalog,yes,protocol_verified,,Volvo CMA platform pack (Geely),2020+ XC40 Recharge / C40,,15.0.14,HW3.1,Volvo technical documentation,
Volvo XC40/C40 (69/78/82 kWh),Solis S5-EH1P (3-6) K-L (5-6 kW 1P US),in_catalog,yes,protocol_verified,,Volvo CMA platform pack (Geely),2020+ XC40 Recharge / C40,,15.0.14,HW3.1,Volvo technical documentation,
Volvo XC40/C40 (69/78/82 kWh),Solis S6-EH3P(8-15)K-H 8-15 kW 3P (5-6 kW 1P US),in_catalog,yes,protocol_verified,,Volvo CMA platform pack (Geely),2020+ XC40 Recharge / C40,,15.0.14,HW3.1,Volvo technical documentation,
Volvo XC40/C40 (69/78/82 kWh),Solxpow Solxpow X3 12-20kW,in_catalog,yes,protocol_verified,,Volvo CMA platform pack (Geely),2020+ XC40 Recharge / C40,,15.0.14,HW3.1,Volvo technical documentation,
Volvo XC40/C40 (69/78/82 kWh),Sungrow SH15T/SH20T/SH25T,in_catalog,yes,protocol_verified,,Volvo CMA platform pack (Geely),2020+ XC40 Recharge / C40,,15.0.14,HW3.1,Volvo technical documentation,
Volvo XC40/C40 (69/78/82 kWh),Sungrow SH3.0/3.6/4.0/5.0/6.0RS,in_catalog,yes,protocol_verified,,Volvo CMA platform pack (Geely),2020+ XC40 Recharge / C40,,15.0.14,HW3.1,Volvo technical documentation,
Volvo XC40/C40 (69/78/82 kWh),Sungrow SH5.0/6.0/8.0/10RT,in_catalog,yes,protocol_verified,,Volvo CMA platform pack (Geely),2020+ XC40 Recharge / C40,,15.0.14,HW3.1,Volvo technical documentation,
